# Blender 3.6.2
# www.blender.org
mtllib trowel_01_4k.mtl
o trowel_01
v -0.000004 -0.046763 0.125472
v -0.000004 -0.046264 0.189632
v -0.000004 -0.047178 0.052985
v -0.000004 -0.047180 0.046893
v -0.000018 -0.047119 0.042813
v -0.000004 -0.045622 0.206349
v -0.000004 -0.044558 0.125826
v -0.000004 -0.044073 0.189445
v -0.000004 -0.043524 0.206059
v -0.000004 -0.045061 0.206983
v -0.000004 -0.043834 0.206800
v -0.000004 -0.046897 0.079610
v -0.000004 -0.044684 0.081447
v -0.000004 -0.047157 0.062914
v 0.022469 -0.042372 0.043529
v 0.037268 -0.032920 0.043535
v 0.037736 -0.024023 0.152083
v 0.022672 -0.037661 0.193356
v 0.033041 -0.030233 0.175459
v 0.042515 -0.023056 0.145166
v 0.023001 -0.040966 0.122445
v 0.035125 -0.033102 0.119678
v 0.046981 -0.021444 0.114640
v 0.022305 -0.042414 0.052965
v 0.036674 -0.033364 0.053430
v 0.049258 -0.021257 0.052982
v 0.022507 -0.042412 0.046898
v 0.036945 -0.033252 0.046902
v 0.042450 -0.025086 0.060624
v 0.043685 -0.024990 0.115407
v 0.040085 -0.025518 0.144106
v 0.032237 -0.032043 0.165060
v 0.021992 -0.039136 0.179461
v 0.046037 -0.024750 0.053369
v 0.005510 -0.047059 0.042812
v 0.010321 -0.043659 0.203411
v 0.010516 -0.045598 0.124679
v 0.006044 -0.047176 0.052474
v 0.006024 -0.047180 0.046894
v 0.009834 -0.044557 0.187390
v 0.021901 -0.040032 0.043518
v 0.036080 -0.031139 0.043510
v 0.038411 -0.025265 0.135607
v 0.021639 -0.035819 0.193110
v 0.031703 -0.028559 0.175346
v 0.041082 -0.021452 0.145047
v 0.022526 -0.038795 0.122904
v 0.033805 -0.031361 0.119689
v 0.045460 -0.019920 0.114512
v 0.024490 -0.038370 0.053786
v 0.036115 -0.031147 0.053583
v 0.047668 -0.019808 0.052937
v 0.023956 -0.038715 0.046965
v 0.036209 -0.031111 0.046890
v 0.042713 -0.025068 0.049826
v 0.042083 -0.023437 0.115262
v 0.038524 -0.023923 0.143956
v 0.030772 -0.030368 0.164909
v 0.020914 -0.037229 0.179245
v 0.044430 -0.023211 0.053325
v 0.009742 -0.041644 0.203120
v 0.010157 -0.043397 0.124999
v 0.009284 -0.042440 0.187187
v 0.022107 -0.041924 0.042888
v 0.021570 -0.040752 0.042881
v 0.037077 -0.032493 0.042892
v 0.036310 -0.031492 0.042877
v 0.039241 -0.025653 0.152215
v 0.043969 -0.026690 0.060651
v 0.022742 -0.037002 0.193796
v 0.022140 -0.035921 0.193651
v 0.033178 -0.029478 0.175762
v 0.032406 -0.028487 0.175702
v 0.042834 -0.022234 0.145302
v 0.042007 -0.021282 0.145237
v 0.047125 -0.020636 0.114674
v 0.046240 -0.019736 0.114602
v 0.049366 -0.020489 0.052879
v 0.048434 -0.019639 0.052853
v 0.010384 -0.043079 0.203981
v 0.010039 -0.041902 0.203800
v 0.020474 -0.042849 0.070187
v 0.036256 -0.033360 0.073405
v 0.045494 -0.024832 0.073648
v 0.048655 -0.021313 0.073721
v 0.009825 -0.046159 0.077604
v 0.022229 -0.039571 0.072767
v 0.035542 -0.031334 0.073867
v 0.043884 -0.023294 0.073570
v 0.047080 -0.019847 0.073646
v 0.009702 -0.043775 0.079410
v 0.048752 -0.020534 0.073730
v 0.047831 -0.019673 0.073687
v 0.010388 -0.042931 0.042310
v 0.010411 -0.043930 0.042152
v 0.006285 -0.047118 0.060312
v 0.009914 -0.046734 0.042831
v 0.010352 -0.045414 0.042163
v 0.010410 -0.047011 0.046894
v 0.010381 -0.047016 0.051965
v 0.010104 -0.046983 0.057317
v -0.000004 -0.044447 0.069130
v -0.000004 -0.047067 0.067613
v 0.014140 -0.045835 0.043526
v 0.014181 -0.045957 0.052211
v 0.012912 -0.043155 0.043479
v 0.013665 -0.042134 0.052770
v 0.013287 -0.045121 0.042887
v 0.012843 -0.043815 0.042882
v 0.007437 -0.046812 0.064512
v 0.005994 -0.044103 0.066343
v 0.013694 -0.042295 0.046918
v 0.011347 -0.042890 0.061008
v 0.014327 -0.045940 0.046896
v 0.012729 -0.046158 0.059383
v -0.000000 -0.041742 0.063781
v 0.010149 -0.041094 0.045906
v 0.007687 -0.041114 0.056735
v 0.004003 -0.041599 0.061363
v 0.009837 -0.041032 0.042506
v 0.009679 -0.040776 0.050689
v -0.000091 -0.046810 0.039198
v 0.003344 -0.046523 0.039192
v 0.010124 -0.040244 0.039075
v 0.009169 -0.042839 0.039117
v 0.006119 -0.045681 0.039175
v 0.008329 -0.043994 0.039141
v 0.009650 -0.037414 0.039355
v 0.000034 -0.030745 0.045780
v 0.008162 -0.034360 0.040337
v 0.004591 -0.031261 0.043681
v 0.002360 -0.030848 0.045126
v 0.006457 -0.032196 0.041956
v -0.022478 -0.042372 0.043529
v -0.037277 -0.032920 0.043535
v 0.039985 -0.026849 0.135757
v -0.022681 -0.037661 0.193356
v -0.033050 -0.030233 0.175459
v -0.042524 -0.023056 0.145166
v -0.023009 -0.040966 0.122445
v -0.035134 -0.033102 0.119678
v -0.046990 -0.021444 0.114640
v -0.022314 -0.042414 0.052965
v -0.036682 -0.033364 0.053430
v -0.049267 -0.021257 0.052982
v -0.022516 -0.042412 0.046898
v -0.036954 -0.033252 0.046902
v 0.044223 -0.026701 0.049284
v -0.043694 -0.024990 0.115407
v -0.040093 -0.025518 0.144106
v -0.032245 -0.032043 0.165060
v -0.022001 -0.039136 0.179461
v -0.046046 -0.024750 0.053369
v -0.005528 -0.047057 0.042812
v -0.010330 -0.043659 0.203411
v -0.010525 -0.045598 0.124679
v -0.006053 -0.047176 0.052474
v -0.006033 -0.047180 0.046894
v -0.009843 -0.044557 0.187390
v -0.021910 -0.040032 0.043518
v -0.036089 -0.031139 0.043510
v 0.043634 -0.026740 0.073642
v -0.021648 -0.035819 0.193110
v -0.031712 -0.028559 0.175346
v -0.041090 -0.021452 0.145047
v -0.022535 -0.038795 0.122904
v -0.033814 -0.031361 0.119689
v -0.045469 -0.019920 0.114512
v -0.024499 -0.038370 0.053786
v -0.036124 -0.031147 0.053583
v -0.047677 -0.019808 0.052937
v -0.023965 -0.038715 0.046965
v -0.036218 -0.031111 0.046890
v 0.042102 -0.025145 0.073601
v -0.042092 -0.023437 0.115262
v -0.038533 -0.023923 0.143956
v -0.030781 -0.030368 0.164909
v -0.020923 -0.037229 0.179245
v -0.044439 -0.023211 0.053325
v -0.009751 -0.041644 0.203120
v -0.010166 -0.043397 0.124999
v -0.009293 -0.042440 0.187187
v -0.022116 -0.041924 0.042888
v -0.021579 -0.040752 0.042881
v -0.037085 -0.032493 0.042892
v -0.036319 -0.031492 0.042877
v 0.039796 -0.022859 0.153132
v 0.040612 -0.023820 0.153191
v -0.022751 -0.037002 0.193796
v -0.022149 -0.035921 0.193651
v -0.033187 -0.029478 0.175762
v -0.032415 -0.028487 0.175702
v -0.042843 -0.022234 0.145302
v -0.042016 -0.021282 0.145237
v -0.047134 -0.020636 0.114674
v -0.046249 -0.019736 0.114602
v -0.049375 -0.020489 0.052879
v -0.048443 -0.019639 0.052853
v -0.010393 -0.043079 0.203981
v -0.010048 -0.041902 0.203800
v -0.020483 -0.042849 0.070187
v -0.036265 -0.033360 0.073405
v -0.045503 -0.024833 0.073648
v -0.048664 -0.021313 0.073721
v -0.009834 -0.046159 0.077604
v -0.022238 -0.039571 0.072767
v -0.035551 -0.031334 0.073867
v -0.043893 -0.023294 0.073570
v -0.047089 -0.019847 0.073646
v -0.009711 -0.043775 0.079410
v -0.048761 -0.020534 0.073730
v -0.047839 -0.019673 0.073687
v -0.010384 -0.042859 0.042308
v -0.010424 -0.043946 0.042153
v -0.006294 -0.047118 0.060312
v -0.009932 -0.046735 0.042831
v -0.010366 -0.045444 0.042164
v -0.010419 -0.047011 0.046894
v -0.010390 -0.047016 0.051965
v -0.010113 -0.046983 0.057317
v -0.014149 -0.045835 0.043526
v -0.014190 -0.045957 0.052211
v -0.012921 -0.043155 0.043479
v -0.013673 -0.042134 0.052770
v -0.013296 -0.045121 0.042887
v -0.012852 -0.043815 0.042882
v -0.007446 -0.046812 0.064512
v -0.006003 -0.044103 0.066343
v -0.013703 -0.042295 0.046918
v -0.011356 -0.042890 0.061008
v -0.014336 -0.045940 0.046896
v -0.012738 -0.046158 0.059383
v -0.010136 -0.041064 0.045905
v -0.007686 -0.041115 0.056735
v -0.004010 -0.041603 0.061363
v -0.009911 -0.041265 0.042522
v -0.009656 -0.040758 0.050689
v -0.003420 -0.046514 0.039192
v -0.010077 -0.039925 0.039054
v -0.009374 -0.042629 0.039117
v -0.006348 -0.045602 0.039173
v -0.008586 -0.043832 0.039140
v -0.009490 -0.036942 0.039338
v -0.007952 -0.034015 0.040362
v -0.004516 -0.031256 0.043687
v -0.002321 -0.030875 0.045138
v -0.006315 -0.032127 0.041920
v -0.005921 -0.035139 0.025559
v -0.004306 -0.036256 0.024670
v -0.002478 -0.036876 0.024107
v -0.000517 -0.037123 0.023847
v 0.001468 -0.036983 0.023874
v 0.003393 -0.036441 0.024203
v 0.005199 -0.035433 0.024891
v -0.007072 -0.031201 0.028388
v -0.007412 -0.042170 0.035807
v -0.008328 -0.041024 0.035882
v 0.005198 -0.044468 0.036841
v 0.002496 -0.044662 0.035575
v 0.000037 -0.028086 0.039516
v 0.002048 -0.028273 0.039222
v -0.005467 -0.044412 0.036882
v 0.008978 -0.035643 0.036275
v -0.007357 -0.032077 0.037082
v -0.005724 -0.030027 0.037831
v 0.007500 -0.032431 0.036972
v -0.009372 -0.038171 0.036030
v -0.000136 -0.045709 0.036833
v -0.003919 -0.028845 0.038645
v 0.004027 -0.028897 0.038579
v -0.002806 -0.044624 0.035613
v -0.001981 -0.028265 0.039262
v 0.009303 -0.038581 0.035910
v -0.009136 -0.035544 0.037298
v 0.008271 -0.040887 0.035773
v 0.007364 -0.041978 0.035706
v 0.005796 -0.030095 0.037802
v -0.000004 -0.043525 0.206667
v -0.000004 -0.043751 0.202962
v -0.000004 -0.044361 0.160134
v -0.000004 -0.044645 0.098842
v -0.000004 -0.045401 0.206944
v -0.000006 -0.047173 0.044813
v -0.000004 -0.047180 0.049361
v -0.000004 -0.045922 0.203217
v -0.000004 -0.046561 0.160194
v -0.000004 -0.047172 0.058111
v -0.000004 -0.046850 0.097680
v -0.000004 -0.044696 0.072731
v -0.000004 -0.047126 0.065718
v 0.029584 -0.038308 0.046901
v 0.042573 -0.028432 0.046940
v 0.022556 -0.040076 0.154066
v 0.033505 -0.032715 0.145485
v 0.041810 -0.025110 0.132891
v 0.036820 -0.028163 0.153565
v 0.027369 -0.035758 0.173556
v 0.022371 -0.041754 0.093867
v 0.035963 -0.033291 0.094114
v 0.044871 -0.024914 0.093705
v 0.040026 -0.028712 0.117396
v 0.029317 -0.037326 0.121269
v 0.022457 -0.042418 0.049362
v 0.036810 -0.033335 0.049418
v 0.046042 -0.024827 0.050175
v 0.029369 -0.038336 0.053261
v 0.042287 -0.028572 0.053464
v 0.029632 -0.038243 0.043532
v 0.043553 -0.027410 0.043706
v 0.045341 -0.021701 0.130884
v 0.038140 -0.026203 0.160862
v 0.028032 -0.034081 0.185965
v 0.048012 -0.021372 0.093693
v 0.049168 -0.021498 0.047917
v 0.022517 -0.042406 0.044907
v 0.037125 -0.033093 0.044913
v 0.038911 -0.023011 0.152904
v 0.041302 -0.024146 0.144793
v 0.045905 -0.022641 0.114649
v 0.032344 -0.031090 0.173675
v 0.022176 -0.038284 0.190885
v 0.048221 -0.022414 0.053171
v 0.005066 -0.046521 0.125287
v 0.010143 -0.045119 0.158836
v 0.003160 -0.047177 0.052820
v 0.010462 -0.045903 0.096517
v 0.003145 -0.047180 0.046893
v 0.006025 -0.047180 0.049297
v 0.002862 -0.047104 0.042813
v 0.005961 -0.047165 0.044813
v 0.009991 -0.044044 0.200462
v 0.008427 -0.047159 0.046894
v 0.017380 -0.044712 0.043527
v 0.015881 -0.042193 0.184084
v 0.016514 -0.041006 0.199194
v 0.016592 -0.043752 0.123643
v 0.017328 -0.044785 0.052576
v 0.030217 -0.035294 0.046926
v 0.041144 -0.026744 0.046909
v 0.021568 -0.038120 0.153980
v 0.032049 -0.031036 0.145360
v 0.040225 -0.023539 0.132736
v 0.035277 -0.026549 0.153420
v 0.026067 -0.033978 0.173372
v 0.023033 -0.039113 0.095453
v 0.034945 -0.031419 0.094394
v 0.043262 -0.023371 0.093591
v 0.038479 -0.027110 0.117279
v 0.028444 -0.035354 0.121536
v 0.024482 -0.038377 0.049629
v 0.036210 -0.031115 0.049449
v 0.044442 -0.023276 0.050284
v 0.030531 -0.035084 0.053779
v 0.040867 -0.026888 0.053450
v 0.028865 -0.036173 0.043514
v 0.042112 -0.025814 0.043675
v 0.043864 -0.020136 0.130752
v 0.036740 -0.024570 0.160760
v 0.026820 -0.032333 0.185790
v 0.046458 -0.019882 0.093589
v 0.047589 -0.020036 0.047878
v 0.022903 -0.039376 0.044909
v 0.036140 -0.031114 0.044889
v 0.042649 -0.025049 0.053388
v 0.039781 -0.022530 0.144655
v 0.044316 -0.021092 0.114508
v 0.030924 -0.029396 0.173538
v 0.021103 -0.036391 0.190639
v 0.046588 -0.020916 0.053126
v 0.004838 -0.044323 0.125608
v 0.009640 -0.042976 0.158759
v 0.010347 -0.043599 0.097615
v 0.009415 -0.041955 0.200199
v 0.016498 -0.042219 0.043518
v 0.015059 -0.040169 0.183866
v 0.015691 -0.039073 0.198911
v 0.016226 -0.041529 0.124067
v 0.018512 -0.040805 0.053383
v 0.021504 -0.040406 0.042959
v 0.036112 -0.031227 0.042953
v 0.040281 -0.025273 0.116271
v 0.021944 -0.035670 0.193551
v 0.032148 -0.028277 0.175644
v 0.041709 -0.021093 0.145199
v 0.045948 -0.019561 0.114575
v 0.048133 -0.019473 0.052858
v 0.009926 -0.041610 0.203675
v 0.022331 -0.042251 0.042970
v 0.037270 -0.032767 0.042975
v 0.036900 -0.025236 0.148688
v 0.022867 -0.037323 0.193773
v 0.033331 -0.029791 0.175737
v 0.042977 -0.022547 0.145299
v 0.047302 -0.020936 0.114686
v 0.049558 -0.020773 0.052897
v 0.010453 -0.043411 0.203949
v 0.016584 -0.040393 0.199701
v 0.016099 -0.039261 0.199529
v 0.016707 -0.044156 0.042887
v 0.016216 -0.042913 0.042882
v 0.049276 -0.020738 0.047597
v 0.048351 -0.019881 0.047574
v 0.048110 -0.020580 0.093708
v 0.047203 -0.019703 0.093649
v 0.028112 -0.033374 0.186340
v 0.027411 -0.032343 0.186240
v 0.038391 -0.025406 0.161080
v 0.037584 -0.024437 0.161027
v 0.045593 -0.020879 0.130957
v 0.044739 -0.019952 0.130884
v 0.043482 -0.026851 0.043075
v 0.042628 -0.025921 0.043057
v 0.029396 -0.037849 0.042890
v 0.028753 -0.036763 0.042879
v 0.004636 -0.045876 0.189142
v 0.004900 -0.045168 0.205693
v 0.004360 -0.043703 0.188951
v 0.004600 -0.043094 0.205401
v 0.004937 -0.044604 0.206308
v 0.004757 -0.043391 0.206125
v 0.021889 -0.042436 0.058802
v 0.036477 -0.033375 0.060485
v 0.045842 -0.024779 0.060649
v 0.049037 -0.021276 0.060650
v 0.008649 -0.046490 0.068147
v 0.024006 -0.038669 0.060614
v 0.035903 -0.031227 0.060850
v 0.044231 -0.023242 0.060594
v 0.047449 -0.019824 0.060595
v 0.007977 -0.044066 0.070148
v 0.049138 -0.020505 0.060643
v 0.048208 -0.019653 0.060611
v 0.004939 -0.046737 0.079061
v 0.048943 -0.020821 0.073738
v 0.047533 -0.019504 0.073672
v 0.046022 -0.020976 0.073596
v 0.040321 -0.026997 0.073631
v 0.029777 -0.035494 0.074099
v 0.015416 -0.042213 0.077532
v 0.047647 -0.022484 0.073676
v 0.041773 -0.028647 0.073636
v 0.028985 -0.038230 0.072581
v 0.014694 -0.045008 0.075234
v 0.004662 -0.044511 0.080809
v 0.011039 -0.042194 0.046607
v 0.006108 -0.047162 0.056572
v 0.007769 -0.046972 0.042813
v 0.012187 -0.046624 0.046895
v 0.008433 -0.047157 0.052151
v 0.003292 -0.047146 0.062072
v 0.010361 -0.046985 0.044831
v 0.010444 -0.043445 0.042168
v 0.010402 -0.047012 0.049234
v 0.010286 -0.046107 0.042236
v 0.010307 -0.047014 0.055009
v 0.008673 -0.047070 0.058601
v 0.011066 -0.046738 0.058104
v -0.000004 -0.043478 0.066629
v -0.000004 -0.046978 0.070854
v 0.012021 -0.046461 0.043453
v 0.012099 -0.046639 0.051990
v 0.011047 -0.043380 0.043245
v 0.011463 -0.045518 0.042796
v 0.011161 -0.044143 0.042791
v 0.006669 -0.047016 0.062603
v 0.004596 -0.043283 0.063934
v 0.018179 -0.041087 0.046984
v 0.015948 -0.041840 0.064367
v 0.017512 -0.044778 0.046896
v 0.015486 -0.045108 0.062026
v 0.010524 -0.046476 0.062179
v 0.003838 -0.047009 0.066633
v 0.002992 -0.044384 0.068273
v 0.008920 -0.043535 0.064040
v 0.013736 -0.045587 0.042968
v 0.012796 -0.043460 0.042956
v 0.013250 -0.042691 0.044817
v 0.012890 -0.042402 0.056937
v 0.013890 -0.042100 0.049480
v 0.014311 -0.045927 0.044904
v 0.013816 -0.046001 0.055829
v 0.014298 -0.045944 0.049266
v 0.008671 -0.042586 0.058848
v 0.010155 -0.042095 0.042558
v 0.010757 -0.042040 0.051971
v 0.005975 -0.041378 0.059265
v 0.010040 -0.040832 0.048105
v 0.008920 -0.040890 0.053720
v 0.001998 -0.041714 0.063057
v 0.009735 -0.040879 0.043709
v 0.001642 -0.046744 0.039197
v 0.004832 -0.046177 0.039185
v 0.009879 -0.041396 0.039089
v 0.007288 -0.044966 0.039161
v 0.010085 -0.039067 0.039123
v 0.003471 -0.031003 0.044449
v 0.001168 -0.030769 0.045617
v 0.005583 -0.031631 0.042823
v 0.007253 -0.033048 0.041134
v 0.008960 -0.035860 0.039759
v -0.029593 -0.038308 0.046901
v -0.042582 -0.028432 0.046940
v -0.022565 -0.040076 0.154066
v -0.033514 -0.032715 0.145485
v -0.041819 -0.025110 0.132891
v -0.036829 -0.028163 0.153565
v -0.027378 -0.035758 0.173556
v -0.022379 -0.041754 0.093867
v -0.035972 -0.033291 0.094114
v -0.044880 -0.024914 0.093705
v -0.040035 -0.028712 0.117396
v -0.029326 -0.037326 0.121269
v -0.022465 -0.042418 0.049362
v -0.036819 -0.033335 0.049418
v -0.046050 -0.024818 0.050549
v -0.029378 -0.038336 0.053261
v -0.042296 -0.028572 0.053464
v -0.029641 -0.038243 0.043532
v -0.043562 -0.027410 0.043706
v -0.045349 -0.021701 0.130884
v -0.038149 -0.026203 0.160862
v -0.028040 -0.034081 0.185965
v -0.048021 -0.021372 0.093693
v -0.049177 -0.021498 0.047917
v -0.022526 -0.042406 0.044907
v -0.037134 -0.033093 0.044913
v 0.040328 -0.024630 0.153014
v -0.041311 -0.024146 0.144793
v -0.045913 -0.022641 0.114649
v -0.032353 -0.031090 0.173675
v -0.022185 -0.038284 0.190885
v -0.048230 -0.022414 0.053171
v -0.005075 -0.046521 0.125287
v -0.010152 -0.045119 0.158836
v -0.003169 -0.047177 0.052820
v -0.010471 -0.045903 0.096517
v -0.003154 -0.047180 0.046893
v -0.006034 -0.047180 0.049297
v -0.002890 -0.047103 0.042813
v -0.005972 -0.047165 0.044813
v -0.010000 -0.044044 0.200462
v -0.008436 -0.047159 0.046894
v -0.017389 -0.044712 0.043527
v -0.015890 -0.042193 0.184084
v -0.016523 -0.041006 0.199194
v -0.016601 -0.043752 0.123643
v -0.017337 -0.044785 0.052576
v -0.030226 -0.035294 0.046926
v -0.041153 -0.026744 0.046909
v -0.021577 -0.038120 0.153980
v -0.032058 -0.031036 0.145360
v -0.040234 -0.023539 0.132736
v -0.035286 -0.026549 0.153420
v -0.026076 -0.033978 0.173372
v -0.023042 -0.039113 0.095453
v -0.034954 -0.031419 0.094394
v -0.043271 -0.023371 0.093591
v -0.038488 -0.027110 0.117279
v -0.028453 -0.035354 0.121536
v -0.024491 -0.038377 0.049629
v -0.036219 -0.031115 0.049449
v -0.044451 -0.023276 0.050284
v -0.030539 -0.035084 0.053779
v -0.040876 -0.026888 0.053450
v -0.028874 -0.036173 0.043514
v -0.042121 -0.025814 0.043675
v -0.043873 -0.020136 0.130752
v -0.036749 -0.024570 0.160760
v -0.026829 -0.032333 0.185790
v -0.046467 -0.019882 0.093589
v -0.047598 -0.020036 0.047878
v -0.022911 -0.039376 0.044909
v -0.036149 -0.031114 0.044889
v 0.044162 -0.026661 0.053417
v -0.039790 -0.022530 0.144655
v -0.044325 -0.021092 0.114508
v -0.030933 -0.029396 0.173538
v -0.021112 -0.036391 0.190640
v -0.046597 -0.020916 0.053126
v -0.004847 -0.044323 0.125608
v -0.009649 -0.042976 0.158759
v -0.010356 -0.043599 0.097615
v -0.009424 -0.041955 0.200199
v -0.016507 -0.042219 0.043518
v -0.015068 -0.040169 0.183866
v -0.015700 -0.039073 0.198911
v -0.016235 -0.041529 0.124067
v -0.018521 -0.040805 0.053383
v -0.021513 -0.040406 0.042959
v -0.036121 -0.031227 0.042953
v 0.041856 -0.026851 0.116401
v -0.021953 -0.035670 0.193551
v -0.032157 -0.028277 0.175644
v -0.041718 -0.021093 0.145199
v -0.045957 -0.019561 0.114575
v -0.048142 -0.019473 0.052858
v -0.009935 -0.041610 0.203675
v -0.022340 -0.042251 0.042970
v -0.037279 -0.032767 0.042975
v 0.038452 -0.026840 0.148836
v -0.022876 -0.037323 0.193773
v -0.033340 -0.029791 0.175737
v -0.042986 -0.022547 0.145299
v -0.047311 -0.020936 0.114686
v -0.049567 -0.020773 0.052897
v -0.010461 -0.043411 0.203949
v -0.016593 -0.040393 0.199701
v -0.016108 -0.039261 0.199529
v -0.016715 -0.044157 0.042887
v -0.016225 -0.042913 0.042882
v -0.049285 -0.020738 0.047597
v -0.048360 -0.019881 0.047574
v -0.048119 -0.020580 0.093708
v -0.047212 -0.019703 0.093649
v -0.028121 -0.033374 0.186340
v -0.027419 -0.032343 0.186240
v -0.038400 -0.025406 0.161080
v -0.037593 -0.024437 0.161027
v -0.045602 -0.020880 0.130957
v -0.044748 -0.019952 0.130884
v -0.043491 -0.026851 0.043075
v -0.042637 -0.025921 0.043057
v -0.029405 -0.037849 0.042890
v -0.028762 -0.036763 0.042879
v -0.004645 -0.045876 0.189142
v -0.004909 -0.045168 0.205693
v -0.004369 -0.043703 0.188951
v -0.004609 -0.043094 0.205401
v -0.004946 -0.044604 0.206308
v -0.004766 -0.043391 0.206125
v -0.021898 -0.042436 0.058802
v -0.036486 -0.033375 0.060485
v -0.045851 -0.024779 0.060649
v -0.049045 -0.021276 0.060650
v -0.008658 -0.046490 0.068147
v -0.024015 -0.038669 0.060614
v -0.035912 -0.031227 0.060850
v -0.044240 -0.023242 0.060594
v -0.047458 -0.019824 0.060595
v -0.007986 -0.044066 0.070148
v -0.049147 -0.020505 0.060643
v -0.048217 -0.019653 0.060611
v -0.004948 -0.046737 0.079061
v -0.048952 -0.020821 0.073738
v -0.047542 -0.019504 0.073672
v -0.046031 -0.020976 0.073596
v -0.040330 -0.026997 0.073631
v -0.029786 -0.035494 0.074099
v -0.015425 -0.042213 0.077532
v -0.047656 -0.022484 0.073676
v -0.041782 -0.028647 0.073636
v -0.028994 -0.038230 0.072581
v -0.014703 -0.045008 0.075234
v -0.004671 -0.044511 0.080809
v -0.011044 -0.042189 0.046607
v -0.006117 -0.047162 0.056572
v -0.007787 -0.046969 0.042813
v -0.012196 -0.046624 0.046895
v -0.008442 -0.047157 0.052151
v -0.003301 -0.047146 0.062072
v -0.010371 -0.046985 0.044831
v -0.010452 -0.043423 0.042168
v -0.010411 -0.047012 0.049234
v -0.010304 -0.046123 0.042237
v -0.010316 -0.047014 0.055009
v -0.008682 -0.047070 0.058601
v -0.011075 -0.046738 0.058104
v -0.012031 -0.046461 0.043453
v -0.012108 -0.046639 0.051990
v -0.011054 -0.043371 0.043245
v -0.011473 -0.045522 0.042796
v -0.011171 -0.044145 0.042791
v -0.006678 -0.047016 0.062603
v -0.004605 -0.043283 0.063934
v -0.018188 -0.041087 0.046984
v -0.015957 -0.041840 0.064367
v -0.017521 -0.044778 0.046896
v -0.015495 -0.045108 0.062026
v -0.010533 -0.046476 0.062179
v -0.003847 -0.047009 0.066633
v -0.003001 -0.044384 0.068273
v -0.008929 -0.043535 0.064040
v -0.013745 -0.045587 0.042968
v -0.012805 -0.043460 0.042956
v -0.013259 -0.042691 0.044817
v -0.012899 -0.042402 0.056937
v -0.013899 -0.042100 0.049480
v -0.014319 -0.045927 0.044904
v -0.013825 -0.046001 0.055829
v -0.014307 -0.045944 0.049266
v -0.008678 -0.042587 0.058848
v -0.010128 -0.041968 0.042556
v -0.010761 -0.042036 0.051971
v -0.005981 -0.041383 0.059265
v -0.010021 -0.040812 0.048105
v -0.008906 -0.040881 0.053720
v -0.002002 -0.041715 0.063057
v -0.010109 -0.041463 0.043935
v -0.001794 -0.046730 0.039197
v -0.004922 -0.046164 0.039184
v -0.009879 -0.041316 0.039074
v -0.007556 -0.044851 0.039159
v -0.009971 -0.038563 0.039095
v -0.003468 -0.031024 0.044478
v -0.001171 -0.030782 0.045595
v -0.005465 -0.031602 0.042805
v -0.007077 -0.032873 0.041120
v -0.008737 -0.035338 0.039801
v -0.008102 -0.043262 0.037994
v 0.005439 -0.045123 0.037996
v 0.000024 -0.028602 0.041862
v -0.005702 -0.045051 0.038004
v -0.007669 -0.032667 0.038870
v 0.007896 -0.033076 0.038841
v -0.002977 -0.046059 0.038009
v -0.002060 -0.028784 0.041518
v -0.009344 -0.035892 0.038176
v 0.008757 -0.042243 0.037970
v 0.005996 -0.030538 0.039790
v 0.000014 -0.035590 0.053816
v 0.009872 -0.043168 0.040677
v 0.009189 -0.044817 0.040701
v 0.004474 -0.046807 0.040813
v -0.000045 -0.046986 0.040817
v 0.007807 -0.046193 0.040790
v 0.002841 -0.035590 0.052352
v 0.005682 -0.035641 0.049478
v 0.009745 -0.039530 0.041007
v 0.010193 -0.041697 0.040672
v 0.008620 -0.037168 0.043015
v 0.007561 -0.036022 0.045909
v -0.009894 -0.043213 0.040678
v -0.009213 -0.044906 0.040703
v -0.004511 -0.046801 0.040813
v -0.007856 -0.046199 0.040790
v -0.002844 -0.035604 0.052352
v -0.005649 -0.035647 0.049479
v -0.009620 -0.039137 0.040999
v -0.010166 -0.041481 0.040667
v -0.008535 -0.037033 0.043012
v -0.007431 -0.035940 0.045907
v -0.006976 -0.033666 0.026672
v 0.006509 -0.034050 0.025882
v 0.007038 -0.032421 0.027054
v 0.006751 -0.030655 0.028324
v 0.005871 -0.029058 0.029559
v 0.004575 -0.027900 0.030591
v 0.002969 -0.027153 0.031352
v 0.001150 -0.026759 0.031812
v -0.000754 -0.026722 0.031903
v -0.002616 -0.027037 0.031624
v -0.004307 -0.027715 0.031021
v -0.005712 -0.028799 0.030131
v -0.000340 -0.041771 0.030532
v 0.001963 -0.041559 0.030534
v 0.006269 -0.039365 0.031000
v -0.006777 -0.039143 0.031358
v -0.009028 -0.042009 0.037985
v 0.004212 -0.040782 0.030678
v 0.002840 -0.046078 0.038006
v 0.002096 -0.028764 0.041505
v -0.004841 -0.040611 0.030927
v 0.009504 -0.036430 0.038183
v -0.005871 -0.030470 0.039760
v -0.009910 -0.039125 0.037954
v -0.000101 -0.046413 0.038011
v -0.004057 -0.029328 0.040732
v 0.004138 -0.029344 0.040722
v -0.002653 -0.041463 0.030658
v 0.009937 -0.039498 0.037957
v -0.008020 -0.033583 0.032734
v 0.007775 -0.043421 0.037980
v -0.006612 -0.031132 0.038418
v 0.008552 -0.034368 0.037561
v -0.000982 -0.028127 0.039452
v -0.004792 -0.029301 0.038263
v 0.003770 -0.044270 0.035589
v 0.006727 -0.031187 0.037350
v 0.009278 -0.040271 0.036930
v 0.001182 -0.044887 0.035571
v 0.006028 -0.043111 0.035642
v -0.004046 -0.044238 0.035645
v 0.009361 -0.037286 0.036027
v -0.009341 -0.040153 0.036989
v -0.006286 -0.043116 0.035734
v -0.008231 -0.033573 0.036688
v 0.001033 -0.028395 0.040642
v -0.009307 -0.036653 0.036161
v 0.005038 -0.029641 0.039258
v -0.003031 -0.028760 0.040105
v 0.003029 -0.028520 0.038931
v -0.001500 -0.044872 0.035590
v 0.042404 -0.028551 0.049394
v 0.038160 -0.028589 0.138624
v 0.028310 -0.036619 0.150552
v 0.012169 -0.046627 0.049237
v 0.011864 -0.046668 0.055141
v 0.029513 -0.038328 0.049400
v 0.029121 -0.038321 0.059947
v 0.016269 -0.042994 0.156839
v 0.042096 -0.028601 0.060652
v 0.029626 -0.038285 0.044910
v 0.043095 -0.027915 0.045044
v 0.044097 -0.022887 0.130952
v 0.037181 -0.027161 0.159637
v 0.027472 -0.034829 0.183802
v 0.048013 -0.022438 0.060643
v 0.016083 -0.041500 0.196457
v 0.048146 -0.022619 0.048547
v 0.003111 -0.047171 0.044813
v 0.004720 -0.045488 0.202608
v 0.012167 -0.046604 0.044889
v 0.040985 -0.026860 0.049367
v 0.036597 -0.026991 0.138478
v 0.027064 -0.034807 0.150449
v 0.006798 -0.042968 0.061645
v 0.030547 -0.035080 0.049551
v 0.030255 -0.035256 0.061110
v 0.015527 -0.040927 0.156758
v 0.040668 -0.026930 0.060654
v 0.029524 -0.035730 0.044897
v 0.041640 -0.026253 0.045012
v 0.042542 -0.021305 0.130804
v 0.035691 -0.025517 0.159511
v 0.026197 -0.033046 0.183612
v 0.046380 -0.020939 0.060586
v 0.015245 -0.039500 0.196190
v 0.046525 -0.021108 0.048507
v 0.004426 -0.043339 0.202351
v 0.002307 -0.043441 0.065815
v 0.028626 -0.036450 0.042956
v 0.042375 -0.025703 0.043131
v 0.044441 -0.019770 0.130851
v 0.037301 -0.024240 0.160982
v 0.027182 -0.032114 0.186162
v 0.047908 -0.019486 0.060602
v 0.048052 -0.019712 0.047607
v 0.004698 -0.043087 0.205995
v 0.011112 -0.043762 0.042847
v 0.015941 -0.038988 0.199414
v 0.016682 -0.040720 0.199675
v 0.011763 -0.046092 0.042878
v 0.004972 -0.044942 0.206272
v 0.049467 -0.021022 0.047643
v 0.049331 -0.020789 0.060651
v 0.028257 -0.033689 0.186315
v 0.038537 -0.025719 0.161064
v 0.045750 -0.021187 0.130964
v 0.043679 -0.027126 0.043158
v 0.029575 -0.038140 0.042972
v 0.004558 -0.044061 0.159831
v 0.003146 -0.047180 0.049340
v 0.004813 -0.046247 0.159897
v 0.005149 -0.046653 0.097381
v 0.003200 -0.047168 0.057613
v 0.048298 -0.020873 0.093720
v 0.046910 -0.019532 0.093629
v 0.045402 -0.021032 0.093529
v 0.039699 -0.027081 0.093904
v 0.029329 -0.035542 0.094908
v 0.016499 -0.041828 0.096599
v 0.047013 -0.022557 0.093642
v 0.041200 -0.028705 0.093961
v 0.029372 -0.037860 0.093900
v 0.016108 -0.044363 0.095162
v 0.010778 -0.042614 0.044311
v 0.003896 -0.044579 0.071927
v 0.004944 -0.044442 0.098461
v 0.001410 -0.035590 0.053385
v 0.004318 -0.035594 0.051038
v 0.004414 -0.046869 0.070049
v 0.008352 -0.047136 0.044814
v 0.008425 -0.047159 0.049257
v 0.008476 -0.047142 0.055588
v 0.009294 -0.046877 0.060453
v 0.012495 -0.045815 0.065652
v 0.003475 -0.047100 0.064713
v 0.011062 -0.042015 0.049062
v 0.012262 -0.043028 0.067959
v 0.017075 -0.044542 0.042968
v 0.016173 -0.042560 0.042960
v 0.017312 -0.041651 0.044909
v 0.017831 -0.041114 0.058734
v 0.018604 -0.040795 0.049612
v 0.017505 -0.044769 0.044905
v 0.016886 -0.044820 0.057069
v 0.017472 -0.044782 0.049312
v -0.006675 -0.035733 0.047689
v 0.009988 -0.042250 0.055429
v 0.008120 -0.036436 0.044361
v 0.002291 -0.046941 0.040816
v 0.006361 -0.030467 0.033656
v 0.006347 -0.046579 0.040808
v 0.008189 -0.035272 0.032029
v 0.010082 -0.040721 0.040727
v 0.010100 -0.042456 0.040667
v 0.008669 -0.045579 0.040726
v 0.001080 -0.027558 0.035650
v 0.003009 -0.027988 0.035209
v -0.008520 -0.034119 0.038514
v -0.008044 -0.037110 0.031870
v -0.042412 -0.028551 0.049394
v -0.038169 -0.028589 0.138624
v -0.028319 -0.036619 0.150552
v -0.012178 -0.046627 0.049237
v -0.011873 -0.046668 0.055141
v -0.029522 -0.038328 0.049400
v -0.029130 -0.038321 0.059947
v -0.016278 -0.042994 0.156839
v -0.042105 -0.028601 0.060652
v -0.029635 -0.038285 0.044910
v -0.043104 -0.027915 0.045044
v -0.044106 -0.022887 0.130952
v -0.037190 -0.027161 0.159637
v -0.027481 -0.034829 0.183802
v -0.048022 -0.022438 0.060643
v -0.016092 -0.041500 0.196457
v -0.048155 -0.022619 0.048547
v -0.003122 -0.047171 0.044813
v -0.004729 -0.045488 0.202608
v -0.012176 -0.046604 0.044889
v -0.040994 -0.026860 0.049367
v -0.036606 -0.026991 0.138478
v -0.027073 -0.034807 0.150449
v -0.006806 -0.042969 0.061645
v -0.030556 -0.035080 0.049551
v -0.030264 -0.035256 0.061110
v -0.015535 -0.040927 0.156758
v -0.040677 -0.026930 0.060654
v -0.029533 -0.035730 0.044897
v -0.041649 -0.026253 0.045012
v -0.042551 -0.021305 0.130804
v -0.035700 -0.025517 0.159511
v -0.026206 -0.033046 0.183612
v -0.046388 -0.020939 0.060586
v -0.015254 -0.039500 0.196190
v -0.046534 -0.021108 0.048507
v -0.004435 -0.043339 0.202351
v -0.002315 -0.043441 0.065815
v -0.028635 -0.036450 0.042956
v -0.042384 -0.025703 0.043131
v -0.044450 -0.019770 0.130851
v -0.037310 -0.024240 0.160982
v -0.027191 -0.032114 0.186162
v -0.047917 -0.019486 0.060602
v -0.048061 -0.019712 0.047607
v -0.004707 -0.043087 0.205995
v -0.011121 -0.043759 0.042847
v -0.015950 -0.038988 0.199414
v -0.016691 -0.040720 0.199675
v -0.011773 -0.046094 0.042878
v -0.004981 -0.044942 0.206272
v -0.049476 -0.021022 0.047643
v -0.049340 -0.020789 0.060651
v -0.028266 -0.033689 0.186315
v -0.038546 -0.025719 0.161064
v -0.045759 -0.021187 0.130964
v -0.043688 -0.027126 0.043158
v -0.029584 -0.038140 0.042972
v -0.004567 -0.044061 0.159831
v -0.003155 -0.047180 0.049340
v -0.004822 -0.046247 0.159897
v -0.005158 -0.046653 0.097381
v -0.003209 -0.047168 0.057613
v -0.048307 -0.020873 0.093720
v -0.046919 -0.019532 0.093629
v -0.045411 -0.021032 0.093529
v -0.039708 -0.027081 0.093904
v -0.029338 -0.035542 0.094908
v -0.016508 -0.041828 0.096599
v -0.047022 -0.022557 0.093642
v -0.041209 -0.028705 0.093961
v -0.029381 -0.037860 0.093900
v -0.016117 -0.044363 0.095162
v -0.010781 -0.042596 0.044311
v -0.003905 -0.044579 0.071927
v -0.004953 -0.044442 0.098461
v -0.009099 -0.038016 0.041823
v -0.001394 -0.035596 0.053385
v -0.004423 -0.046869 0.070049
v -0.008362 -0.047136 0.044814
v -0.008434 -0.047159 0.049257
v -0.008485 -0.047142 0.055588
v -0.009303 -0.046877 0.060453
v -0.012504 -0.045815 0.065652
v -0.003484 -0.047100 0.064713
v -0.011065 -0.042012 0.049062
v -0.012271 -0.043028 0.067959
v -0.017084 -0.044542 0.042969
v -0.016182 -0.042560 0.042960
v -0.017321 -0.041651 0.044909
v -0.017840 -0.041114 0.058734
v -0.018613 -0.040795 0.049612
v -0.017514 -0.044769 0.044905
v -0.016895 -0.044820 0.057069
v -0.017481 -0.044782 0.049312
v -0.004319 -0.035615 0.051039
v -0.009992 -0.042248 0.055429
v -0.008009 -0.036346 0.044360
v -0.002358 -0.046938 0.040816
v -0.006386 -0.046571 0.040808
v -0.009997 -0.040371 0.040719
v -0.010109 -0.042388 0.040665
v 0.007716 -0.037503 0.031451
v 0.004769 -0.028868 0.034527
v 0.007560 -0.032685 0.032807
v -0.000900 -0.027530 0.035701
v -0.002832 -0.027901 0.035350
v -0.008708 -0.045627 0.040727
v -0.004592 -0.028690 0.034747
v 0.009205 -0.038291 0.041828
v -0.006681 -0.031339 0.039328
v 0.008761 -0.034721 0.038472
v -0.001031 -0.028650 0.041767
v -0.005012 -0.029818 0.040237
v 0.004188 -0.045669 0.038001
v 0.006875 -0.031561 0.039326
v 0.009614 -0.040728 0.037959
v 0.001377 -0.046333 0.038009
v 0.006598 -0.044409 0.037989
v -0.004373 -0.045642 0.038007
v 0.009939 -0.038225 0.038000
v -0.009639 -0.040618 0.037962
v -0.006944 -0.044286 0.037999
v 0.001037 -0.028641 0.041771
v -0.009838 -0.037654 0.037990
v 0.005123 -0.029855 0.040249
v -0.003088 -0.029001 0.041162
v 0.003111 -0.028990 0.041136
v -0.001559 -0.046320 0.038011
v -0.006211 -0.030161 0.033962
v 0.006767 -0.035774 0.047690
v -0.005819 -0.025282 0.022002
v -0.005534 -0.026228 0.020474
v -0.004708 -0.027082 0.019096
v -0.003422 -0.027759 0.018003
v -0.001801 -0.028194 0.017300
v -0.000004 -0.028344 0.017059
v 0.001792 -0.028194 0.017300
v 0.003413 -0.027759 0.018003
v 0.004699 -0.027082 0.019096
v 0.005525 -0.026228 0.020474
v 0.005810 -0.025282 0.022002
v 0.005525 -0.024336 0.023529
v 0.004699 -0.023483 0.024907
v 0.003413 -0.022806 0.026001
v 0.001792 -0.022371 0.026703
v -0.000004 -0.022221 0.026945
v -0.001801 -0.022371 0.026703
v -0.003422 -0.022806 0.026001
v -0.004708 -0.023483 0.024907
v -0.005534 -0.024336 0.023529
v -0.005819 0.011686 -0.002350
v -0.005534 0.010045 -0.003082
v -0.004708 0.008564 -0.003742
v -0.003422 0.007389 -0.004266
v -0.001801 0.006635 -0.004602
v -0.000004 0.006375 -0.004718
v 0.001792 0.006635 -0.004602
v 0.003413 0.007389 -0.004266
v 0.004699 0.008564 -0.003742
v 0.005525 0.010045 -0.003082
v 0.005810 0.011686 -0.002350
v 0.005525 0.013327 -0.001619
v 0.004699 0.014807 -0.000959
v 0.003413 0.015982 -0.000435
v 0.001792 0.016736 -0.000099
v -0.000004 0.016996 0.000017
v -0.001801 0.016736 -0.000099
v -0.003422 0.015982 -0.000435
v -0.004708 0.014807 -0.000959
v -0.005534 0.013327 -0.001619
v -0.005534 0.007561 0.000512
v -0.005534 0.004193 0.002679
v -0.004708 0.003361 0.001288
v -0.004708 0.006429 -0.000649
v -0.003422 0.002700 0.000185
v -0.003422 0.005532 -0.001570
v -0.001801 0.002276 -0.000524
v -0.001801 0.004955 -0.002161
v -0.000004 0.002130 -0.000768
v -0.000004 0.004756 -0.002365
v 0.001792 0.002276 -0.000524
v 0.001792 0.004955 -0.002161
v 0.003413 0.002700 0.000185
v 0.003413 0.005532 -0.001570
v 0.004699 0.003361 0.001288
v 0.004699 0.006429 -0.000649
v 0.005525 0.004193 0.002679
v 0.005525 0.007561 0.000512
v 0.005810 0.005116 0.004221
v 0.005810 0.008815 0.001798
v 0.005525 0.006039 0.005762
v 0.005525 0.010069 0.003085
v 0.004699 0.006872 0.007153
v 0.004699 0.011201 0.004245
v 0.003413 0.007533 0.008256
v 0.003413 0.012099 0.005166
v 0.001792 0.007957 0.008965
v 0.001792 0.012675 0.005758
v -0.000004 0.008103 0.009209
v -0.000004 0.012874 0.005962
v -0.001801 0.007957 0.008965
v -0.001801 0.012675 0.005758
v -0.003422 0.007533 0.008256
v -0.003422 0.012099 0.005166
v -0.004708 0.006872 0.007153
v -0.004708 0.011201 0.004245
v -0.005534 0.006039 0.005762
v -0.005534 0.010069 0.003085
v -0.005819 0.005116 0.004221
v -0.005819 0.008815 0.001798
v -0.007886 0.014883 -0.010831
v -0.007500 0.012504 -0.011353
v -0.006381 0.010358 -0.011824
v -0.004637 0.008655 -0.012197
v -0.002440 0.007561 -0.012437
v -0.000004 0.007185 -0.012520
v 0.002431 0.007561 -0.012437
v 0.004628 0.008655 -0.012197
v 0.006372 0.010358 -0.011824
v 0.007491 0.012504 -0.011353
v 0.007877 0.014883 -0.010831
v 0.007491 0.017262 -0.010309
v 0.006372 0.019408 -0.009838
v 0.004628 0.021111 -0.009464
v 0.002431 0.022205 -0.009224
v -0.000004 0.022582 -0.009142
v -0.002440 0.022205 -0.009224
v -0.004637 0.021111 -0.009464
v -0.006381 0.019408 -0.009838
v -0.007500 0.017262 -0.010309
v 0.004699 0.010055 -0.007653
v 0.003413 0.008839 -0.008052
v -0.005534 0.011586 -0.007149
v -0.005819 0.013284 -0.006591
v -0.001801 0.018510 -0.004872
v -0.000004 0.018779 -0.004784
v 0.005525 0.011586 -0.007149
v -0.004708 0.010055 -0.007653
v -0.003422 0.017730 -0.005129
v 0.005810 0.013284 -0.006591
v -0.003422 0.008839 -0.008052
v -0.004708 0.016514 -0.005529
v 0.005525 0.014982 -0.006032
v -0.001801 0.008058 -0.008309
v -0.005534 0.014982 -0.006032
v 0.004699 0.016514 -0.005529
v -0.000004 0.007790 -0.008398
v 0.003413 0.017730 -0.005129
v 0.001792 0.008058 -0.008309
v 0.001792 0.018510 -0.004872
v -0.006477 -0.028646 0.025158
v -0.006292 -0.030390 0.023532
v -0.005345 -0.031569 0.022293
v -0.003887 -0.032477 0.021307
v -0.002157 -0.033009 0.020678
v -0.000274 -0.033210 0.020426
v 0.001622 -0.033066 0.020555
v 0.003402 -0.032575 0.021061
v 0.004962 -0.031724 0.021942
v 0.006042 -0.030592 0.023117
v 0.006455 -0.029287 0.024457
v 0.006169 -0.027910 0.025849
v 0.005315 -0.026666 0.027152
v 0.004023 -0.025737 0.028214
v 0.002411 -0.025138 0.028947
v 0.000602 -0.024860 0.029303
v -0.001251 -0.024911 0.029236
v -0.002998 -0.025283 0.028757
v -0.004497 -0.025961 0.027921
v -0.005628 -0.026935 0.026799
v 0.014306 0.016549 -0.021508
v 0.013216 0.021886 -0.020278
v 0.010114 0.026410 -0.019235
v 0.005472 0.029432 -0.018538
v -0.000004 0.030494 -0.018293
v -0.000004 0.002605 -0.024722
v 0.005472 0.003667 -0.024477
v 0.010114 0.006689 -0.023781
v 0.013216 0.011213 -0.022738
v 0.011742 0.043234 -0.137266
v 0.010848 0.047614 -0.136256
v 0.008301 0.051327 -0.135400
v 0.004491 0.053808 -0.134828
v -0.000004 0.054680 -0.134627
v -0.000004 0.031788 -0.139904
v 0.004491 0.032659 -0.139704
v 0.008301 0.035140 -0.139132
v 0.010848 0.038853 -0.138276
v 0.005475 0.030593 -0.023542
v -0.000004 0.031655 -0.023297
v -0.000004 0.003752 -0.029729
v 0.005475 0.004814 -0.029485
v 0.010120 0.007838 -0.028788
v 0.013223 0.012364 -0.027744
v 0.014313 0.017703 -0.026513
v 0.013223 0.023042 -0.025283
v 0.010120 0.027569 -0.024239
v -0.000004 0.050237 -0.116253
v -0.000004 0.027738 -0.121439
v 0.004414 0.028594 -0.121242
v 0.008159 0.031033 -0.120680
v 0.010661 0.034682 -0.119839
v 0.007405 0.047545 -0.116874
v 0.004414 0.049381 -0.116450
v 0.005175 0.054382 -0.129965
v 0.005231 0.054003 -0.127718
v 0.013529 0.042198 -0.132774
v 0.013676 0.041687 -0.130557
v -0.000004 0.055386 -0.129734
v -0.000004 0.055018 -0.127484
v -0.000004 0.029010 -0.135814
v -0.000004 0.028356 -0.133630
v 0.005175 0.030014 -0.135582
v 0.005231 0.029371 -0.133396
v 0.009565 0.032873 -0.134923
v 0.009669 0.032261 -0.132730
v 0.012499 0.037151 -0.133937
v 0.012635 0.036585 -0.131733
v 0.012499 0.047245 -0.131610
v 0.012635 0.046789 -0.129381
v 0.009565 0.051523 -0.130624
v 0.009669 0.051113 -0.128384
v 0.004703 0.051609 -0.123007
v -0.000004 0.052522 -0.122796
v 0.008694 0.049011 -0.123606
v 0.012296 0.040535 -0.125559
v 0.011360 0.045122 -0.124502
v 0.011360 0.035948 -0.126617
v -0.000004 0.028549 -0.128322
v 0.004703 0.029461 -0.128112
v 0.008694 0.032059 -0.127513
v 0.004679 0.054007 -0.133670
v -0.000004 0.054915 -0.133460
v 0.008649 0.051422 -0.134266
v 0.012233 0.042990 -0.136209
v 0.011302 0.047553 -0.135157
v 0.011302 0.038427 -0.137261
v -0.000004 0.031065 -0.138958
v 0.004679 0.031973 -0.138749
v 0.008649 0.034558 -0.138153
v 0.007585 0.043248 -0.137326
v 0.007007 0.046077 -0.136674
v 0.005362 0.048477 -0.136121
v 0.002900 0.050080 -0.135751
v -0.000004 0.050643 -0.135622
v -0.000004 0.035852 -0.139031
v 0.002900 0.036415 -0.138901
v 0.005362 0.038018 -0.138532
v 0.007007 0.040418 -0.137979
v 0.012493 0.015387 -0.016464
v 0.011541 0.020047 -0.015389
v 0.008832 0.023998 -0.014479
v 0.004778 0.026637 -0.013870
v -0.000004 0.027564 -0.013657
v -0.000004 0.003209 -0.019271
v 0.004778 0.004136 -0.019057
v 0.008832 0.006776 -0.018449
v 0.011541 0.010727 -0.017538
v 0.005306 0.003595 -0.022385
v -0.000004 0.002566 -0.022623
v 0.009808 0.006526 -0.021710
v 0.012816 0.010913 -0.020698
v 0.012816 0.021263 -0.018313
v 0.013872 0.016088 -0.019506
v 0.009808 0.025649 -0.017302
v 0.005306 0.028581 -0.016626
v -0.000004 0.029610 -0.016389
v -0.000004 0.026204 -0.112318
v -0.000004 0.047623 -0.107380
v 0.004201 0.046808 -0.107568
v 0.004201 0.027020 -0.112130
v 0.007767 0.029341 -0.111595
v 0.010149 0.032815 -0.110794
v 0.010986 0.036914 -0.109849
v 0.010149 0.041012 -0.108904
v 0.007767 0.044486 -0.108104
v 0.014030 0.019270 -0.020881
v 0.011893 0.024296 -0.019722
v 0.007945 0.028143 -0.018835
v 0.002787 0.030225 -0.018355
v 0.002787 0.002874 -0.024660
v 0.007945 0.004956 -0.024180
v 0.011893 0.008803 -0.023293
v 0.014030 0.013829 -0.022135
v 0.011515 0.045466 -0.136751
v 0.009762 0.049592 -0.135800
v 0.006521 0.052750 -0.135072
v 0.002287 0.054459 -0.134678
v 0.002287 0.032008 -0.139854
v 0.006521 0.033717 -0.139460
v 0.009762 0.036875 -0.138732
v 0.011515 0.041001 -0.137781
v 0.010581 0.047518 -0.136334
v 0.008097 0.051140 -0.135499
v 0.004380 0.053561 -0.134941
v -0.000004 0.054410 -0.134745
v -0.000004 0.032081 -0.139892
v 0.004380 0.032931 -0.139696
v 0.008097 0.035351 -0.139139
v 0.010581 0.038973 -0.138304
v 0.013874 0.019306 -0.033464
v 0.012818 0.024481 -0.032271
v 0.014235 0.018271 -0.028977
v 0.013151 0.023581 -0.027753
v 0.014037 0.020425 -0.025886
v -0.000004 0.032829 -0.030347
v -0.000004 0.032147 -0.025779
v -0.000004 0.005782 -0.036581
v -0.000004 0.004396 -0.032176
v 0.005307 0.031800 -0.030584
v 0.005445 0.031091 -0.026022
v 0.002789 0.031386 -0.023359
v 0.009809 0.028868 -0.031260
v 0.010064 0.028083 -0.026716
v 0.007949 0.029303 -0.023839
v 0.011899 0.025454 -0.024727
v 0.012818 0.014130 -0.034657
v 0.013151 0.012961 -0.030201
v 0.014037 0.014982 -0.027141
v 0.009809 0.009743 -0.035668
v 0.010064 0.008460 -0.031239
v 0.011899 0.009953 -0.028300
v 0.005307 0.006811 -0.036344
v 0.005445 0.005452 -0.031932
v 0.007950 0.006104 -0.029187
v 0.002789 0.004021 -0.029667
v 0.012048 0.022292 -0.046419
v 0.011131 0.026786 -0.045383
v -0.000004 0.034037 -0.043712
v -0.000004 0.010547 -0.049126
v 0.004608 0.033143 -0.043918
v 0.008518 0.030597 -0.044504
v 0.011131 0.017797 -0.047455
v 0.008518 0.013987 -0.048333
v 0.004608 0.011441 -0.048920
v 0.009174 0.029704 -0.037711
v 0.004963 0.032446 -0.037079
v -0.000004 0.033409 -0.036857
v 0.011988 0.015919 -0.040888
v 0.012976 0.020760 -0.039772
v 0.011988 0.025600 -0.038657
v -0.000004 0.008111 -0.042688
v 0.004963 0.009074 -0.042466
v 0.009174 0.011816 -0.041834
v 0.002248 0.027955 -0.121389
v 0.006409 0.029634 -0.121002
v 0.009594 0.032738 -0.120287
v 0.011055 0.035949 -0.119547
v 0.008672 0.043970 -0.117517
v 0.006409 0.048341 -0.116690
v 0.002248 0.050020 -0.116303
v 0.013844 0.041954 -0.131713
v 0.013268 0.044771 -0.132181
v 0.012790 0.047118 -0.130523
v 0.013412 0.044288 -0.129957
v -0.000004 0.055448 -0.128602
v -0.000004 0.028459 -0.134824
v 0.005295 0.054421 -0.128839
v 0.002636 0.055132 -0.129792
v 0.002664 0.054761 -0.127543
v 0.009788 0.051495 -0.129513
v 0.007514 0.053163 -0.130246
v 0.007596 0.052771 -0.128002
v 0.011248 0.049524 -0.131085
v 0.011370 0.049093 -0.128850
v 0.012790 0.036790 -0.132903
v 0.013268 0.039625 -0.133367
v 0.013412 0.039086 -0.131156
v 0.009788 0.032412 -0.133912
v 0.011248 0.034872 -0.134463
v 0.011370 0.034281 -0.132264
v 0.005295 0.029487 -0.134587
v 0.007514 0.031234 -0.135301
v 0.007596 0.030603 -0.133112
v 0.002636 0.029265 -0.135755
v 0.002664 0.028613 -0.133571
v 0.004554 0.053906 -0.134571
v -0.000004 0.051322 -0.119684
v 0.008418 0.051390 -0.135151
v 0.011907 0.043182 -0.137043
v 0.009146 0.043144 -0.120397
v 0.011000 0.038740 -0.138067
v -0.000004 0.028264 -0.124999
v 0.004523 0.029142 -0.124797
v 0.008362 0.031641 -0.124221
v 0.004523 0.050445 -0.119886
v 0.008362 0.047945 -0.120462
v 0.011909 0.039621 -0.123237
v 0.010926 0.035381 -0.123358
v 0.002395 0.028780 -0.128269
v 0.012059 0.042873 -0.125020
v 0.002395 0.052290 -0.122850
v 0.006829 0.050501 -0.123262
v 0.010223 0.047194 -0.124024
v 0.012059 0.038197 -0.126098
v 0.010223 0.033876 -0.127094
v 0.006829 0.030569 -0.127857
v -0.000004 0.054789 -0.134368
v 0.011000 0.047624 -0.136019
v -0.000004 0.031575 -0.139719
v 0.004554 0.032459 -0.139515
v 0.008418 0.034975 -0.138935
v 0.002383 0.054685 -0.133513
v 0.002383 0.031295 -0.138905
v 0.006794 0.052904 -0.133924
v 0.011997 0.045316 -0.135673
v 0.010170 0.036365 -0.137736
v 0.011997 0.040664 -0.136746
v 0.006794 0.033076 -0.138495
v 0.010170 0.049615 -0.134682
v 0.011453 0.043246 -0.137319
v 0.007438 0.041805 -0.137659
v 0.006305 0.039139 -0.138273
v 0.004212 0.037099 -0.138744
v 0.001476 0.035995 -0.138998
v 0.001476 0.050500 -0.135655
v 0.004212 0.049396 -0.135909
v 0.006305 0.047356 -0.136379
v 0.007438 0.044690 -0.136994
v 0.012252 0.017762 -0.015916
v 0.010386 0.022152 -0.014904
v 0.006938 0.025511 -0.014130
v 0.002433 0.027330 -0.013711
v 0.002433 0.003444 -0.019217
v 0.006938 0.005262 -0.018798
v 0.010386 0.008622 -0.018023
v 0.012252 0.013011 -0.017011
v 0.005074 0.003832 -0.020926
v -0.000004 0.002448 -0.023524
v 0.009380 0.006636 -0.020280
v 0.012257 0.010831 -0.019313
v 0.012257 0.020730 -0.017031
v 0.014189 0.016279 -0.020336
v 0.009380 0.024925 -0.016064
v 0.005074 0.027729 -0.015417
v -0.000004 0.028713 -0.015191
v 0.005427 0.003501 -0.023281
v -0.000004 0.002848 -0.021153
v 0.010032 0.006499 -0.022590
v 0.013109 0.010986 -0.021556
v 0.013109 0.021572 -0.019115
v 0.013267 0.015780 -0.018172
v 0.010032 0.026059 -0.018081
v 0.005427 0.029057 -0.017390
v -0.000004 0.030110 -0.017147
v 0.013605 0.018726 -0.018898
v 0.007705 0.004846 -0.022097
v 0.002703 0.002827 -0.022563
v 0.002703 0.029349 -0.016449
v 0.007705 0.027330 -0.016914
v 0.011533 0.023600 -0.017774
v 0.013605 0.013450 -0.020114
v 0.011533 0.008576 -0.021237
v -0.000004 0.024922 -0.105454
v 0.002140 0.026411 -0.112270
v 0.004089 0.025716 -0.105271
v -0.000004 0.021341 -0.088570
v 0.003973 0.022112 -0.088392
v -0.000004 0.017142 -0.071724
v 0.004091 0.017936 -0.071541
v 0.006101 0.028010 -0.111902
v 0.007560 0.027975 -0.104750
v 0.007346 0.024308 -0.087886
v 0.007563 0.020197 -0.071020
v 0.009133 0.030964 -0.111221
v 0.009879 0.031357 -0.103971
v 0.009599 0.027594 -0.087129
v 0.009883 0.023580 -0.070240
v 0.010774 0.034824 -0.110331
v 0.010693 0.035347 -0.103051
v 0.010390 0.031470 -0.086235
v 0.010698 0.027571 -0.069320
v 0.009879 0.039336 -0.102132
v 0.009133 0.042863 -0.108478
v 0.007560 0.042718 -0.101352
v 0.009599 0.035346 -0.085342
v 0.007346 0.038632 -0.084584
v 0.009883 0.031562 -0.068400
v 0.007563 0.034945 -0.067620
v 0.006101 0.045817 -0.107797
v 0.004089 0.044977 -0.100831
v 0.003973 0.040828 -0.084078
v 0.004091 0.037206 -0.067099
v -0.000004 0.045771 -0.100648
v -0.000004 0.041599 -0.083900
v -0.000004 0.038000 -0.066916
v 0.010774 0.039003 -0.109368
v 0.002140 0.047416 -0.107428
v -0.000004 0.013225 -0.057782
v -0.000004 0.027094 -0.117451
v 0.004353 0.014070 -0.057588
v 0.004311 0.027930 -0.117258
v -0.000004 0.049070 -0.112385
v 0.004353 0.034573 -0.052861
v -0.000004 0.035418 -0.052667
v 0.004311 0.048234 -0.112578
v 0.007969 0.045852 -0.113127
v 0.008048 0.032168 -0.053416
v 0.008048 0.016475 -0.057033
v 0.007969 0.030312 -0.116709
v 0.010516 0.020075 -0.056203
v 0.010414 0.033877 -0.115887
v 0.011383 0.024322 -0.055224
v 0.011214 0.037847 -0.113900
v 0.010516 0.028568 -0.054246
v 0.010351 0.041985 -0.112755
v 0.011030 0.008596 -0.019828
v 0.009899 0.049630 -0.135557
v 0.006613 0.033532 -0.139268
v 0.002217 0.013439 -0.057733
v 0.002528 0.033165 -0.036913
v 0.011677 0.040918 -0.137565
v 0.012726 0.023227 -0.039204
v 0.009899 0.036734 -0.138530
v 0.011677 0.045447 -0.136521
v 0.008648 0.043222 -0.116137
v 0.006613 0.052833 -0.134819
v 0.006322 0.033547 -0.053098
v 0.009463 0.030486 -0.053803
v 0.011163 0.022157 -0.055723
v 0.009463 0.018157 -0.056645
v 0.006322 0.015096 -0.057351
v 0.006260 0.047218 -0.112812
v 0.002528 0.008355 -0.042632
v 0.007207 0.010243 -0.042197
v 0.010788 0.013733 -0.041392
v 0.002217 0.035204 -0.052716
v 0.010788 0.027787 -0.038153
v 0.002319 0.031799 -0.139667
v 0.002319 0.054566 -0.134419
v 0.007207 0.031276 -0.037348
v 0.012726 0.018292 -0.040341
v 0.011232 0.045424 -0.136817
v 0.009521 0.049448 -0.135889
v 0.006361 0.052528 -0.135179
v 0.002231 0.054195 -0.134795
v 0.002231 0.032296 -0.139843
v 0.006361 0.033963 -0.139459
v 0.009521 0.037043 -0.138749
v 0.011232 0.041068 -0.137821
v 0.013011 0.013258 -0.018753
v 0.011030 0.022965 -0.016516
v 0.007368 0.026533 -0.015693
v 0.002585 0.028464 -0.015248
v 0.002585 0.003097 -0.021095
v 0.007368 0.005028 -0.020650
v 0.013606 0.021944 -0.032856
v 0.013961 0.020978 -0.028353
v 0.002703 0.032569 -0.030407
v 0.002773 0.031879 -0.025840
v 0.007705 0.030549 -0.030872
v 0.007906 0.029808 -0.026318
v 0.011534 0.026818 -0.031732
v 0.011835 0.025980 -0.027200
v 0.013606 0.016667 -0.034072
v 0.013961 0.015565 -0.029601
v 0.011534 0.011793 -0.035196
v 0.011835 0.010563 -0.030754
v 0.007705 0.008062 -0.036056
v 0.007906 0.006735 -0.031637
v 0.002703 0.006043 -0.036521
v 0.002773 0.004663 -0.032114
v 0.011816 0.024583 -0.045891
v 0.002347 0.033810 -0.043764
v 0.006691 0.032057 -0.044168
v 0.010016 0.028817 -0.044915
v 0.011816 0.020001 -0.046947
v 0.010016 0.015767 -0.047923
v 0.006691 0.012527 -0.048670
v 0.002347 0.010774 -0.049074
v 0.006568 0.030208 -0.124551
v 0.009832 0.033388 -0.123818
v 0.009879 0.038921 -0.120234
v 0.008854 0.043941 -0.119076
v 0.006568 0.049379 -0.120132
v 0.002304 0.051100 -0.119735
v 0.011817 0.042437 -0.123340
v 0.013577 0.044586 -0.131106
v 0.002697 0.055188 -0.128662
v 0.007689 0.053173 -0.129127
v 0.011509 0.049450 -0.129985
v 0.013577 0.039321 -0.132320
v 0.011509 0.034457 -0.133441
v 0.007689 0.030734 -0.134299
v 0.002697 0.028719 -0.134764
v 0.013011 0.018303 -0.017590
v 0.013916 0.018977 -0.019714
v 0.007881 0.004780 -0.022986
v 0.002764 0.002715 -0.023462
v 0.002764 0.029844 -0.017209
v 0.007881 0.027779 -0.017685
v 0.011796 0.023963 -0.018564
v 0.013916 0.013581 -0.020958
v 0.011796 0.008596 -0.022107
v 0.002195 0.027306 -0.117402
v 0.006260 0.028946 -0.117024
v 0.009371 0.031978 -0.116325
v 0.009673 0.038201 -0.117295
v 0.002195 0.048858 -0.112434
v 0.009058 0.040352 -0.115246
v 0.002082 0.025123 -0.105408
v 0.002023 0.021537 -0.088525
v 0.002083 0.017343 -0.071678
v 0.005939 0.026680 -0.105049
v 0.005770 0.023049 -0.088176
v 0.005941 0.018900 -0.071319
v 0.008890 0.029555 -0.104386
v 0.008638 0.025843 -0.087532
v 0.008894 0.021777 -0.070656
v 0.010487 0.033313 -0.103520
v 0.010190 0.029494 -0.086691
v 0.010492 0.025537 -0.069789
v 0.008890 0.041138 -0.101716
v 0.008638 0.037097 -0.084938
v 0.008894 0.033365 -0.067985
v 0.005939 0.044013 -0.101053
v 0.005770 0.039891 -0.084294
v 0.005941 0.036242 -0.067322
v 0.010487 0.037380 -0.102582
v 0.010190 0.033446 -0.085780
v 0.010492 0.029605 -0.068851
v 0.002082 0.045570 -0.100694
v 0.002023 0.041404 -0.083945
v 0.002083 0.037799 -0.066963
v 0.011163 0.026486 -0.054725
v 0.002304 0.028486 -0.124948
v 0.008789 0.041897 -0.115306
v 0.009371 0.044186 -0.113511
v 0.008827 0.046078 -0.116990
v 0.009738 0.040245 -0.121065
v 0.011599 0.037544 -0.122860
v 0.009855 0.038173 -0.118854
v 0.011069 0.044506 -0.122366
v 0.009832 0.046198 -0.120865
v 0.009469 0.041791 -0.121125
v 0.011055 0.035938 -0.115412
v 0.009381 0.038999 -0.115974
v 0.010946 0.039754 -0.112474
v 0.008007 0.043970 -0.117517
v 0.008175 0.043941 -0.119076
v 0.008445 0.043144 -0.120397
v 0.008743 0.041791 -0.121125
v 0.008991 0.040245 -0.121065
v 0.009122 0.038921 -0.120234
v 0.009100 0.038173 -0.118854
v 0.008932 0.038201 -0.117295
v 0.008662 0.038999 -0.115974
v 0.008363 0.040352 -0.115246
v 0.008116 0.041897 -0.115306
v 0.007985 0.043222 -0.116137
v 0.005043 0.038417 -0.138440
v 0.005662 0.039920 -0.138093
v 0.006043 0.041551 -0.137717
v 0.006172 0.043248 -0.137326
v 0.006043 0.044944 -0.136935
v 0.005662 0.046575 -0.136559
v 0.005043 0.048078 -0.136213
v 0.003516 0.037880 -0.138564
v 0.003974 0.039550 -0.138179
v 0.004256 0.041363 -0.137761
v 0.004352 0.043248 -0.137326
v 0.004256 0.045132 -0.136892
v 0.003974 0.046945 -0.136474
v 0.003516 0.048615 -0.136089
v 0.001803 0.037550 -0.138640
v 0.002046 0.039322 -0.138231
v 0.002196 0.041247 -0.137788
v 0.002247 0.043248 -0.137326
v 0.002196 0.045248 -0.136865
v 0.002046 0.047173 -0.136421
v 0.001803 0.048945 -0.136013
v -0.000004 0.037438 -0.138666
v -0.000004 0.039245 -0.138249
v -0.000004 0.041207 -0.137797
v -0.000004 0.043248 -0.137326
v -0.000004 0.045288 -0.136856
v -0.000004 0.047250 -0.136404
v -0.000004 0.049057 -0.135987
v 0.010076 0.041970 -0.113204
v 0.009244 0.044016 -0.113973
v 0.008800 0.045706 -0.117083
v 0.011526 0.039731 -0.122855
v 0.011296 0.037787 -0.122397
v 0.010844 0.036341 -0.119424
v 0.009660 0.045800 -0.120550
v 0.010730 0.044266 -0.122019
v 0.011404 0.042323 -0.122950
v 0.010811 0.036337 -0.115744
v 0.010891 0.038050 -0.114266
v 0.010613 0.039859 -0.112962
v -0.000004 0.043222 -0.116137
v -0.000004 0.043970 -0.117517
v -0.000004 0.043941 -0.119076
v -0.000004 0.043144 -0.120397
v -0.000004 0.041791 -0.121125
v -0.000004 0.040245 -0.121065
v -0.000004 0.038921 -0.120234
v -0.000004 0.038173 -0.118854
v -0.000004 0.038201 -0.117295
v -0.000004 0.038999 -0.115974
v -0.000004 0.040352 -0.115246
v -0.000004 0.041897 -0.115306
v -0.014314 0.016549 -0.021508
v -0.013225 0.021886 -0.020278
v -0.010123 0.026410 -0.019235
v -0.005481 0.029432 -0.018538
v -0.005481 0.003667 -0.024477
v -0.010123 0.006689 -0.023781
v -0.013225 0.011213 -0.022738
v -0.011751 0.043234 -0.137266
v -0.010856 0.047614 -0.136256
v -0.008310 0.051327 -0.135400
v -0.004499 0.053808 -0.134828
v -0.004499 0.032659 -0.139704
v -0.008310 0.035140 -0.139132
v -0.010856 0.038853 -0.138276
v -0.005483 0.030593 -0.023542
v -0.005484 0.004814 -0.029485
v -0.010128 0.007838 -0.028788
v -0.013232 0.012364 -0.027744
v -0.014322 0.017703 -0.026513
v -0.013232 0.023042 -0.025283
v -0.010128 0.027569 -0.024239
v -0.004422 0.028594 -0.121242
v -0.008168 0.031033 -0.120680
v -0.010670 0.034682 -0.119839
v -0.007413 0.047545 -0.116874
v -0.004422 0.049381 -0.116450
v -0.005183 0.054382 -0.129965
v -0.005240 0.054003 -0.127718
v -0.013538 0.042198 -0.132774
v -0.013685 0.041687 -0.130557
v -0.005183 0.030014 -0.135582
v -0.005240 0.029371 -0.133396
v -0.009574 0.032873 -0.134923
v -0.009678 0.032261 -0.132730
v -0.012508 0.037151 -0.133937
v -0.012644 0.036585 -0.131733
v -0.012508 0.047245 -0.131610
v -0.012644 0.046789 -0.129381
v -0.009574 0.051523 -0.130624
v -0.009678 0.051113 -0.128384
v -0.004712 0.051609 -0.123007
v -0.008702 0.049011 -0.123606
v -0.012305 0.040535 -0.125559
v -0.011369 0.045122 -0.124502
v -0.011369 0.035948 -0.126617
v -0.004712 0.029461 -0.128112
v -0.008702 0.032059 -0.127513
v -0.004687 0.054007 -0.133670
v -0.008658 0.051422 -0.134266
v -0.012242 0.042990 -0.136209
v -0.011310 0.047553 -0.135157
v -0.011310 0.038427 -0.137261
v -0.004687 0.031973 -0.138749
v -0.008658 0.034558 -0.138153
v -0.007593 0.043248 -0.137326
v -0.007016 0.046077 -0.136674
v -0.005371 0.048477 -0.136121
v -0.002909 0.050080 -0.135751
v -0.002909 0.036415 -0.138901
v -0.005371 0.038018 -0.138532
v -0.007016 0.040418 -0.137979
v -0.012501 0.015387 -0.016464
v -0.011550 0.020047 -0.015389
v -0.008841 0.023998 -0.014479
v -0.004787 0.026637 -0.013870
v -0.004787 0.004136 -0.019057
v -0.008841 0.006776 -0.018449
v -0.011550 0.010727 -0.017538
v -0.005315 0.003595 -0.022385
v -0.009817 0.006526 -0.021710
v -0.012825 0.010913 -0.020698
v -0.012825 0.021263 -0.018313
v -0.013881 0.016088 -0.019506
v -0.009817 0.025649 -0.017302
v -0.005315 0.028581 -0.016626
v -0.004210 0.046808 -0.107568
v -0.004210 0.027020 -0.112130
v -0.007776 0.029341 -0.111595
v -0.010158 0.032815 -0.110794
v -0.010994 0.036914 -0.109849
v -0.010158 0.041012 -0.108904
v -0.007776 0.044486 -0.108104
v -0.014039 0.019270 -0.020881
v -0.011902 0.024296 -0.019722
v -0.007954 0.028143 -0.018835
v -0.002796 0.030225 -0.018355
v -0.002796 0.002874 -0.024660
v -0.007954 0.004956 -0.024180
v -0.011902 0.008803 -0.023293
v -0.014039 0.013829 -0.022135
v -0.011524 0.045466 -0.136751
v -0.009770 0.049592 -0.135800
v -0.006530 0.052750 -0.135072
v -0.002296 0.054459 -0.134678
v -0.002296 0.032008 -0.139854
v -0.006530 0.033717 -0.139460
v -0.009770 0.036875 -0.138732
v -0.011524 0.041001 -0.137781
v -0.010590 0.047518 -0.136334
v -0.008106 0.051140 -0.135499
v -0.004389 0.053561 -0.134941
v -0.004389 0.032931 -0.139696
v -0.008106 0.035351 -0.139139
v -0.010590 0.038973 -0.138304
v -0.013883 0.019306 -0.033464
v -0.012826 0.024481 -0.032271
v -0.014244 0.018271 -0.028977
v -0.013160 0.023581 -0.027753
v -0.014046 0.020425 -0.025886
v -0.005315 0.031800 -0.030584
v -0.005454 0.031091 -0.026022
v -0.002797 0.031386 -0.023359
v -0.009818 0.028868 -0.031260
v -0.010073 0.028083 -0.026716
v -0.007958 0.029303 -0.023839
v -0.011908 0.025454 -0.024727
v -0.012826 0.014130 -0.034657
v -0.013160 0.012961 -0.030201
v -0.014046 0.014982 -0.027141
v -0.009818 0.009743 -0.035668
v -0.010073 0.008460 -0.031239
v -0.011908 0.009953 -0.028300
v -0.005315 0.006811 -0.036344
v -0.005454 0.005452 -0.031932
v -0.007958 0.006104 -0.029187
v -0.002797 0.004021 -0.029667
v -0.012057 0.022292 -0.046419
v -0.011140 0.026786 -0.045383
v -0.004617 0.033143 -0.043918
v -0.008527 0.030597 -0.044504
v -0.011140 0.017797 -0.047455
v -0.008527 0.013987 -0.048333
v -0.004617 0.011441 -0.048920
v -0.009183 0.029704 -0.037711
v -0.004972 0.032446 -0.037079
v -0.011997 0.015919 -0.040888
v -0.012985 0.020760 -0.039772
v -0.011997 0.025600 -0.038657
v -0.004972 0.009074 -0.042466
v -0.009183 0.011816 -0.041834
v -0.002257 0.027955 -0.121389
v -0.006418 0.029634 -0.121002
v -0.009603 0.032738 -0.120287
v -0.011064 0.035949 -0.119547
v -0.008681 0.043970 -0.117517
v -0.006418 0.048341 -0.116690
v -0.002256 0.050020 -0.116303
v -0.013852 0.041954 -0.131713
v -0.013277 0.044771 -0.132181
v -0.012798 0.047118 -0.130523
v -0.013421 0.044288 -0.129957
v -0.005304 0.054421 -0.128839
v -0.002644 0.055132 -0.129792
v -0.002673 0.054761 -0.127543
v -0.009796 0.051495 -0.129513
v -0.007523 0.053163 -0.130246
v -0.007604 0.052771 -0.128002
v -0.011256 0.049524 -0.131085
v -0.011379 0.049093 -0.128850
v -0.012798 0.036790 -0.132903
v -0.013277 0.039625 -0.133367
v -0.013421 0.039086 -0.131156
v -0.009796 0.032412 -0.133912
v -0.011256 0.034872 -0.134463
v -0.011379 0.034281 -0.132264
v -0.005304 0.029487 -0.134587
v -0.007523 0.031234 -0.135301
v -0.007604 0.030603 -0.133112
v -0.002644 0.029265 -0.135755
v -0.002673 0.028613 -0.133571
v -0.004563 0.053906 -0.134571
v -0.008427 0.051390 -0.135151
v -0.011916 0.043182 -0.137043
v -0.009155 0.043144 -0.120397
v -0.011009 0.038740 -0.138067
v -0.004532 0.029142 -0.124797
v -0.008370 0.031641 -0.124221
v -0.004532 0.050445 -0.119886
v -0.008370 0.047945 -0.120462
v -0.011918 0.039621 -0.123237
v -0.010935 0.035381 -0.123358
v -0.002404 0.028780 -0.128269
v -0.012068 0.042873 -0.125020
v -0.002404 0.052290 -0.122850
v -0.006838 0.050501 -0.123262
v -0.010231 0.047194 -0.124024
v -0.012068 0.038197 -0.126098
v -0.010232 0.033876 -0.127094
v -0.006838 0.030569 -0.127857
v -0.011009 0.047624 -0.136019
v -0.004563 0.032459 -0.139515
v -0.008427 0.034975 -0.138935
v -0.002392 0.054685 -0.133513
v -0.002392 0.031295 -0.138905
v -0.006803 0.052904 -0.133924
v -0.012006 0.045316 -0.135673
v -0.010179 0.036365 -0.137736
v -0.012006 0.040664 -0.136746
v -0.006803 0.033076 -0.138495
v -0.010179 0.049615 -0.134682
v -0.011462 0.043246 -0.137319
v -0.007447 0.041805 -0.137659
v -0.006314 0.039139 -0.138273
v -0.004220 0.037099 -0.138744
v -0.001485 0.035995 -0.138998
v -0.001485 0.050500 -0.135655
v -0.004220 0.049396 -0.135909
v -0.006314 0.047356 -0.136379
v -0.007447 0.044690 -0.136994
v -0.012260 0.017762 -0.015916
v -0.010395 0.022152 -0.014904
v -0.006947 0.025511 -0.014130
v -0.002442 0.027330 -0.013711
v -0.002442 0.003444 -0.019217
v -0.006947 0.005262 -0.018798
v -0.010395 0.008622 -0.018023
v -0.012260 0.013011 -0.017011
v -0.005083 0.003832 -0.020926
v -0.009389 0.006636 -0.020280
v -0.012266 0.010831 -0.019313
v -0.012266 0.020730 -0.017031
v -0.014198 0.016279 -0.020336
v -0.009389 0.024925 -0.016064
v -0.005083 0.027729 -0.015417
v -0.005436 0.003501 -0.023281
v -0.010041 0.006499 -0.022590
v -0.013118 0.010986 -0.021556
v -0.013118 0.021572 -0.019115
v -0.013276 0.015780 -0.018172
v -0.010041 0.026059 -0.018081
v -0.005436 0.029057 -0.017390
v -0.013614 0.018726 -0.018898
v -0.007713 0.004846 -0.022097
v -0.002711 0.002827 -0.022563
v -0.002711 0.029349 -0.016449
v -0.007713 0.027330 -0.016914
v -0.011542 0.023600 -0.017774
v -0.013614 0.013450 -0.020114
v -0.011542 0.008576 -0.021237
v -0.002148 0.026411 -0.112270
v -0.004098 0.025716 -0.105271
v -0.003982 0.022112 -0.088392
v -0.004100 0.017936 -0.071541
v -0.006110 0.028010 -0.111902
v -0.007569 0.027975 -0.104750
v -0.007354 0.024308 -0.087886
v -0.007572 0.020197 -0.071020
v -0.009142 0.030964 -0.111221
v -0.009888 0.031357 -0.103971
v -0.009608 0.027594 -0.087129
v -0.009892 0.023580 -0.070240
v -0.010783 0.034824 -0.110331
v -0.010702 0.035347 -0.103051
v -0.010399 0.031470 -0.086235
v -0.010707 0.027571 -0.069320
v -0.009888 0.039336 -0.102132
v -0.009142 0.042863 -0.108478
v -0.007569 0.042718 -0.101352
v -0.009608 0.035346 -0.085342
v -0.007354 0.038632 -0.084584
v -0.009892 0.031562 -0.068400
v -0.007572 0.034945 -0.067620
v -0.006110 0.045817 -0.107797
v -0.004098 0.044977 -0.100831
v -0.003982 0.040828 -0.084078
v -0.004100 0.037206 -0.067099
v -0.010783 0.039003 -0.109368
v -0.002148 0.047416 -0.107428
v -0.004362 0.014070 -0.057588
v -0.004320 0.027930 -0.117258
v -0.004362 0.034573 -0.052861
v -0.004320 0.048234 -0.112578
v -0.007978 0.045852 -0.113127
v -0.008057 0.032168 -0.053416
v -0.008057 0.016475 -0.057033
v -0.007978 0.030312 -0.116709
v -0.010525 0.020075 -0.056203
v -0.010422 0.033877 -0.115887
v -0.011392 0.024322 -0.055224
v -0.011223 0.037847 -0.113900
v -0.010525 0.028568 -0.054246
v -0.010360 0.041985 -0.112755
v -0.011039 0.008596 -0.019828
v -0.009908 0.049630 -0.135557
v -0.006622 0.033532 -0.139268
v -0.002226 0.013439 -0.057733
v -0.002537 0.033165 -0.036913
v -0.011686 0.040918 -0.137565
v -0.012735 0.023227 -0.039204
v -0.009908 0.036734 -0.138530
v -0.011686 0.045447 -0.136521
v -0.008657 0.043222 -0.116137
v -0.006622 0.052833 -0.134819
v -0.006330 0.033547 -0.053098
v -0.009472 0.030486 -0.053803
v -0.011172 0.022157 -0.055723
v -0.009472 0.018157 -0.056645
v -0.006330 0.015096 -0.057351
v -0.006269 0.047218 -0.112812
v -0.002537 0.008355 -0.042632
v -0.007216 0.010243 -0.042197
v -0.010797 0.013733 -0.041392
v -0.002226 0.035204 -0.052716
v -0.010797 0.027787 -0.038153
v -0.002328 0.031799 -0.139667
v -0.002328 0.054566 -0.134419
v -0.007216 0.031276 -0.037348
v -0.012735 0.018292 -0.040341
v -0.011241 0.045424 -0.136817
v -0.009530 0.049448 -0.135889
v -0.006369 0.052528 -0.135179
v -0.002239 0.054195 -0.134795
v -0.002239 0.032296 -0.139843
v -0.006369 0.033963 -0.139459
v -0.009530 0.037043 -0.138749
v -0.011241 0.041068 -0.137821
v -0.013020 0.013258 -0.018753
v -0.011039 0.022965 -0.016516
v -0.007377 0.026533 -0.015693
v -0.002593 0.028464 -0.015248
v -0.002593 0.003097 -0.021095
v -0.007377 0.005028 -0.020650
v -0.013615 0.021944 -0.032856
v -0.013969 0.020978 -0.028353
v -0.002712 0.032569 -0.030407
v -0.002782 0.031879 -0.025840
v -0.007714 0.030549 -0.030872
v -0.007915 0.029808 -0.026318
v -0.011543 0.026818 -0.031732
v -0.011843 0.025980 -0.027200
v -0.013615 0.016667 -0.034072
v -0.013969 0.015565 -0.029601
v -0.011543 0.011793 -0.035196
v -0.011843 0.010563 -0.030754
v -0.007714 0.008062 -0.036056
v -0.007915 0.006735 -0.031637
v -0.002712 0.006043 -0.036521
v -0.002782 0.004663 -0.032114
v -0.011825 0.024583 -0.045891
v -0.002356 0.033810 -0.043764
v -0.006700 0.032057 -0.044168
v -0.010025 0.028817 -0.044915
v -0.011825 0.020001 -0.046947
v -0.010025 0.015767 -0.047923
v -0.006700 0.012527 -0.048670
v -0.002356 0.010774 -0.049074
v -0.006577 0.030208 -0.124551
v -0.009841 0.033388 -0.123818
v -0.009888 0.038921 -0.120234
v -0.008863 0.043941 -0.119076
v -0.006577 0.049379 -0.120132
v -0.002312 0.051100 -0.119735
v -0.011826 0.042437 -0.123340
v -0.013586 0.044586 -0.131106
v -0.002706 0.055188 -0.128662
v -0.007697 0.053173 -0.129127
v -0.011518 0.049450 -0.129985
v -0.013586 0.039321 -0.132320
v -0.011518 0.034457 -0.133441
v -0.007697 0.030734 -0.134299
v -0.002706 0.028719 -0.134764
v -0.013020 0.018303 -0.017590
v -0.013924 0.018977 -0.019714
v -0.007889 0.004780 -0.022986
v -0.002773 0.002715 -0.023462
v -0.002773 0.029844 -0.017209
v -0.007889 0.027779 -0.017685
v -0.011805 0.023963 -0.018564
v -0.013924 0.013581 -0.020958
v -0.011805 0.008596 -0.022107
v -0.002204 0.027306 -0.117402
v -0.006269 0.028946 -0.117024
v -0.009380 0.031978 -0.116325
v -0.009682 0.038201 -0.117295
v -0.002204 0.048858 -0.112434
v -0.009066 0.040352 -0.115246
v -0.002091 0.025123 -0.105408
v -0.002032 0.021537 -0.088525
v -0.002092 0.017343 -0.071678
v -0.005947 0.026680 -0.105049
v -0.005779 0.023049 -0.088176
v -0.005950 0.018900 -0.071319
v -0.008899 0.029555 -0.104386
v -0.008646 0.025843 -0.087532
v -0.008902 0.021777 -0.070656
v -0.010496 0.033313 -0.103520
v -0.010198 0.029494 -0.086691
v -0.010500 0.025537 -0.069789
v -0.008899 0.041138 -0.101716
v -0.008646 0.037097 -0.084938
v -0.008902 0.033365 -0.067985
v -0.005947 0.044013 -0.101053
v -0.005779 0.039891 -0.084294
v -0.005950 0.036242 -0.067322
v -0.010496 0.037380 -0.102582
v -0.010198 0.033446 -0.085780
v -0.010500 0.029605 -0.068851
v -0.002091 0.045570 -0.100694
v -0.002032 0.041404 -0.083945
v -0.002092 0.037799 -0.066963
v -0.011172 0.026486 -0.054725
v -0.002312 0.028486 -0.124948
v -0.008798 0.041897 -0.115306
v -0.009380 0.044186 -0.113511
v -0.008836 0.046078 -0.116990
v -0.009746 0.040245 -0.121065
v -0.011608 0.037544 -0.122860
v -0.009864 0.038173 -0.118854
v -0.011077 0.044506 -0.122366
v -0.009841 0.046198 -0.120865
v -0.009478 0.041791 -0.121125
v -0.011063 0.035938 -0.115412
v -0.009390 0.038999 -0.115974
v -0.010955 0.039754 -0.112474
v -0.008016 0.043970 -0.117517
v -0.008184 0.043941 -0.119076
v -0.008454 0.043144 -0.120397
v -0.008752 0.041791 -0.121125
v -0.009000 0.040245 -0.121065
v -0.009130 0.038921 -0.120234
v -0.009109 0.038173 -0.118854
v -0.008940 0.038201 -0.117295
v -0.008671 0.038999 -0.115974
v -0.008372 0.040352 -0.115246
v -0.008124 0.041897 -0.115306
v -0.007994 0.043222 -0.116137
v -0.005052 0.038417 -0.138440
v -0.005671 0.039920 -0.138093
v -0.006051 0.041551 -0.137717
v -0.006180 0.043248 -0.137326
v -0.006051 0.044944 -0.136935
v -0.005671 0.046575 -0.136559
v -0.005052 0.048078 -0.136213
v -0.003525 0.037880 -0.138564
v -0.003983 0.039550 -0.138179
v -0.004265 0.041363 -0.137761
v -0.004361 0.043248 -0.137326
v -0.004265 0.045132 -0.136892
v -0.003983 0.046945 -0.136474
v -0.003525 0.048615 -0.136089
v -0.001812 0.037550 -0.138640
v -0.002055 0.039322 -0.138231
v -0.002205 0.041247 -0.137788
v -0.002256 0.043248 -0.137326
v -0.002205 0.045248 -0.136865
v -0.002055 0.047173 -0.136421
v -0.001812 0.048945 -0.136013
v -0.010150 0.041973 -0.113098
v -0.009283 0.044057 -0.113863
v -0.008815 0.045795 -0.117060
v -0.011626 0.039704 -0.122946
v -0.011377 0.037729 -0.122507
v -0.010903 0.036248 -0.119453
v -0.009710 0.045895 -0.120625
v -0.010819 0.044323 -0.122102
v -0.011511 0.042350 -0.123043
v -0.010878 0.036242 -0.115665
v -0.010977 0.038002 -0.114179
v -0.010701 0.039834 -0.112846
v 0.007571 0.013015 -0.005756
v 0.006995 0.015840 -0.005105
v 0.005352 0.018235 -0.004553
v 0.002895 0.019836 -0.004184
v -0.000004 0.020397 -0.004054
v -0.002904 0.019836 -0.004184
v -0.005361 0.018235 -0.004553
v -0.007004 0.015840 -0.005105
v -0.007580 0.013015 -0.005756
v -0.007004 0.010190 -0.006407
v -0.005361 0.007795 -0.006959
v -0.002904 0.006195 -0.007328
v -0.000004 0.005633 -0.007458
v 0.002895 0.006195 -0.007328
v 0.005352 0.007795 -0.006959
v 0.006995 0.010190 -0.006407
v 0.013072 0.018017 -0.003787
v 0.014150 0.012739 -0.005003
v 0.010004 0.022491 -0.002755
v 0.005412 0.025481 -0.002066
v -0.000004 0.026531 -0.001824
v -0.005421 0.025481 -0.002066
v -0.010013 0.022491 -0.002755
v -0.013081 0.018017 -0.003787
v -0.014158 0.012739 -0.005003
v -0.013081 0.007461 -0.006220
v -0.010013 0.002986 -0.007252
v -0.005421 -0.000004 -0.007941
v -0.000004 -0.001053 -0.008183
v 0.005412 -0.000004 -0.007941
v 0.010004 0.002986 -0.007252
v 0.013072 0.007461 -0.006220
v 0.009108 0.012679 -0.004743
v 0.008414 0.016077 -0.003960
v 0.006439 0.018957 -0.003296
v 0.003483 0.020882 -0.002852
v -0.000004 0.021558 -0.002696
v -0.003491 0.020882 -0.002852
v -0.006448 0.018957 -0.003296
v -0.008423 0.016077 -0.003960
v -0.009116 0.012679 -0.004743
v -0.008423 0.009281 -0.005526
v -0.006448 0.006400 -0.006190
v -0.003491 0.004476 -0.006634
v -0.000004 0.003800 -0.006790
v 0.003483 0.004476 -0.006634
v 0.006439 0.006400 -0.006190
v 0.008414 0.009281 -0.005526
v 0.005098 0.016757 -0.010345
v 0.005518 0.014698 -0.010820
v 0.003901 0.018503 -0.009942
v 0.002109 0.019669 -0.009673
v -0.000004 0.020079 -0.009579
v -0.002118 0.019669 -0.009673
v -0.003909 0.018503 -0.009942
v -0.005107 0.016757 -0.010345
v -0.005527 0.014698 -0.010820
v -0.005107 0.012638 -0.011294
v -0.003909 0.010892 -0.011697
v -0.002118 0.009726 -0.011966
v -0.000004 0.009316 -0.012060
v 0.002109 0.009726 -0.011966
v 0.003901 0.010892 -0.011697
v 0.005098 0.012638 -0.011294
v 0.011549 0.020738 -0.018398
v 0.008838 0.024691 -0.017487
v 0.004781 0.027333 -0.016878
v -0.000004 0.028260 -0.016664
v -0.004790 0.027333 -0.016878
v -0.008847 0.024691 -0.017487
v -0.011558 0.020738 -0.018398
v -0.012510 0.016074 -0.019473
v -0.011558 0.011411 -0.020548
v -0.008847 0.007457 -0.021459
v -0.004790 0.004816 -0.022068
v -0.000004 0.003888 -0.022282
v 0.004781 0.004816 -0.022068
v 0.008838 0.007457 -0.021459
v 0.011549 0.011411 -0.020548
v 0.012501 0.016074 -0.019473
v 0.014282 0.016065 -0.019434
v 0.013195 0.021393 -0.018206
v 0.010098 0.025909 -0.017164
v 0.005463 0.028927 -0.016469
v -0.000004 0.029987 -0.016225
v -0.005472 0.028927 -0.016469
v -0.010106 0.025909 -0.017164
v -0.013203 0.021393 -0.018206
v -0.014291 0.016065 -0.019434
v -0.013203 0.010738 -0.020662
v -0.010106 0.006221 -0.021703
v -0.005472 0.003204 -0.022398
v -0.000004 0.002144 -0.022643
v 0.005463 0.003204 -0.022398
v 0.010098 0.006221 -0.021703
v 0.013195 0.010738 -0.020662
v 0.012730 0.021214 -0.018288
v 0.013779 0.016074 -0.019473
v 0.009742 0.025572 -0.017284
v 0.005270 0.028483 -0.016613
v -0.000004 0.029506 -0.016377
v -0.005279 0.028483 -0.016613
v -0.009751 0.025572 -0.017284
v -0.012739 0.021214 -0.018288
v -0.013788 0.016074 -0.019473
v -0.012739 0.010934 -0.020658
v -0.009751 0.006577 -0.021662
v -0.005279 0.003665 -0.022334
v -0.000004 0.002643 -0.022569
v 0.005270 0.003665 -0.022334
v 0.009742 0.006577 -0.021662
v 0.012730 0.010934 -0.020658
v 0.013877 0.015429 -0.004383
v 0.014322 0.012921 -0.005793
v 0.011763 0.020401 -0.003237
v 0.007859 0.024206 -0.002360
v 0.002757 0.026265 -0.001885
v -0.002766 0.026265 -0.001885
v -0.007867 0.024206 -0.002360
v -0.011772 0.020401 -0.003237
v -0.013886 0.015429 -0.004383
v -0.013886 0.010048 -0.005624
v -0.011772 0.005077 -0.006770
v -0.007867 0.001272 -0.007647
v -0.002766 -0.000788 -0.008121
v 0.002757 -0.000788 -0.008121
v 0.007859 0.001272 -0.007647
v 0.011763 0.005077 -0.006770
v 0.013877 0.010048 -0.005624
v 0.007425 0.014455 -0.005424
v 0.006294 0.017116 -0.004811
v 0.004204 0.019153 -0.004341
v 0.001473 0.020255 -0.004087
v -0.001482 0.020255 -0.004087
v -0.004213 0.019153 -0.004341
v -0.006303 0.017116 -0.004811
v -0.007434 0.014455 -0.005424
v -0.007434 0.011575 -0.006088
v -0.006303 0.008914 -0.006701
v -0.004213 0.006878 -0.007171
v -0.001482 0.005775 -0.007425
v 0.001473 0.005775 -0.007425
v 0.004204 0.006878 -0.007171
v 0.006294 0.008914 -0.006701
v 0.007425 0.011575 -0.006088
v 0.008189 0.012721 -0.004870
v 0.012616 0.017780 -0.003602
v 0.009654 0.022098 -0.002606
v 0.005223 0.024984 -0.001941
v -0.000004 0.025997 -0.001707
v -0.005232 0.024984 -0.001941
v -0.009663 0.022098 -0.002606
v -0.012624 0.017780 -0.003602
v -0.013664 0.012686 -0.004776
v -0.012624 0.007593 -0.005950
v -0.009663 0.003274 -0.006945
v -0.005232 0.000389 -0.007610
v -0.000004 -0.000624 -0.007844
v 0.005223 0.000389 -0.007610
v 0.009654 0.003274 -0.006945
v 0.012616 0.007593 -0.005950
v 0.013232 0.018263 -0.004562
v 0.010126 0.022793 -0.003518
v 0.005478 0.025819 -0.002820
v -0.000004 0.026882 -0.002575
v -0.005487 0.025819 -0.002820
v -0.010135 0.022793 -0.003518
v -0.013241 0.018263 -0.004562
v -0.014331 0.012921 -0.005793
v -0.013241 0.007578 -0.007025
v -0.010135 0.003049 -0.008069
v -0.005487 0.000023 -0.008766
v -0.000004 -0.001040 -0.009011
v 0.005478 0.000023 -0.008766
v 0.010126 0.003049 -0.008069
v 0.013232 0.007578 -0.007025
v 0.007566 0.015776 -0.004165
v 0.005790 0.018367 -0.003568
v 0.003131 0.020098 -0.003169
v -0.000004 0.020705 -0.003029
v -0.003140 0.020098 -0.003169
v -0.005798 0.018367 -0.003568
v -0.007575 0.015776 -0.004165
v -0.008198 0.012721 -0.004870
v -0.007575 0.009665 -0.005574
v -0.005798 0.007075 -0.006171
v -0.003140 0.005344 -0.006570
v -0.000004 0.004736 -0.006710
v 0.003131 0.005344 -0.006570
v 0.005790 0.007075 -0.006171
v 0.007566 0.009665 -0.005574
v 0.008932 0.010947 -0.005142
v 0.007571 0.007746 -0.005880
v 0.005058 0.005297 -0.006445
v 0.001773 0.003971 -0.006751
v -0.001782 0.003971 -0.006751
v -0.005066 0.005297 -0.006445
v -0.007580 0.007746 -0.005880
v -0.008941 0.010947 -0.005142
v -0.008941 0.014411 -0.004344
v -0.007580 0.017612 -0.003606
v -0.005066 0.020061 -0.003041
v -0.001782 0.021387 -0.002736
v 0.001773 0.021387 -0.002736
v 0.005058 0.020061 -0.003041
v 0.007571 0.017612 -0.003606
v 0.008932 0.014411 -0.004344
v 0.005412 0.015747 -0.010578
v 0.004587 0.017687 -0.010130
v 0.003064 0.019172 -0.009788
v 0.001073 0.019975 -0.009603
v -0.001082 0.019975 -0.009603
v -0.003072 0.019172 -0.009788
v -0.004596 0.017687 -0.010130
v -0.005420 0.015747 -0.010578
v -0.005420 0.013648 -0.011062
v -0.004596 0.011708 -0.011509
v -0.003072 0.010223 -0.011851
v -0.001082 0.009420 -0.012036
v 0.001073 0.009420 -0.012036
v 0.003064 0.010223 -0.011851
v 0.004587 0.011708 -0.011509
v 0.005412 0.013648 -0.011062
v 0.006152 0.016215 -0.007335
v 0.004708 0.018322 -0.006850
v -0.006161 0.011245 -0.008481
v -0.004716 0.009139 -0.008966
v 0.002546 0.019730 -0.006525
v -0.002555 0.007731 -0.009291
v -0.000004 0.020224 -0.006411
v -0.000004 0.007237 -0.009405
v -0.002555 0.019730 -0.006525
v 0.002546 0.007731 -0.009291
v -0.004716 0.018322 -0.006850
v 0.004708 0.009139 -0.008966
v -0.006161 0.016215 -0.007335
v 0.006152 0.011245 -0.008481
v -0.006668 0.013730 -0.007908
v 0.006659 0.013730 -0.007908
v 0.013247 0.021334 -0.017852
v 0.010138 0.025868 -0.016807
v 0.005485 0.028898 -0.016109
v -0.000004 0.029962 -0.015863
v -0.005493 0.028898 -0.016109
v -0.010147 0.025868 -0.016807
v -0.013256 0.021334 -0.017852
v -0.014348 0.015985 -0.019085
v -0.013256 0.010636 -0.020318
v -0.010147 0.006102 -0.021363
v -0.005493 0.003072 -0.022062
v -0.000004 0.002008 -0.022307
v 0.005485 0.003072 -0.022062
v 0.010138 0.006102 -0.021363
v 0.013247 0.010636 -0.020318
v 0.014007 0.018781 -0.018808
v 0.011874 0.023799 -0.017651
v 0.007932 0.027640 -0.016766
v 0.002783 0.029718 -0.016286
v -0.002791 0.029718 -0.016286
v -0.007941 0.027640 -0.016766
v -0.011882 0.023799 -0.017651
v -0.014015 0.018781 -0.018808
v -0.014015 0.013349 -0.020060
v -0.011882 0.008331 -0.021216
v -0.007941 0.004491 -0.022102
v -0.002791 0.002412 -0.022581
v 0.002783 0.002412 -0.022581
v 0.007932 0.004491 -0.022102
v 0.011874 0.008331 -0.021216
v 0.014007 0.013349 -0.020060
v 0.012260 0.018452 -0.018925
v 0.010393 0.022844 -0.017913
v 0.006943 0.026206 -0.017138
v 0.002435 0.028026 -0.016718
v -0.002444 0.028026 -0.016718
v -0.006952 0.026206 -0.017138
v -0.010402 0.022844 -0.017913
v -0.012269 0.018452 -0.018925
v -0.012269 0.013697 -0.020021
v -0.010402 0.009305 -0.021034
v -0.006952 0.005943 -0.021809
v -0.002444 0.004123 -0.022228
v 0.002435 0.004123 -0.022228
v 0.006943 0.005943 -0.021809
v 0.010393 0.009305 -0.021034
v 0.012260 0.013697 -0.020021
v 0.012201 0.021001 -0.018337
v 0.014122 0.016073 -0.019468
v 0.009337 0.025177 -0.017375
v 0.005051 0.027968 -0.016731
v -0.000004 0.028948 -0.016506
v -0.005060 0.027968 -0.016731
v -0.009346 0.025177 -0.017375
v -0.012210 0.021001 -0.018337
v -0.013216 0.016074 -0.019473
v -0.012210 0.011148 -0.020609
v -0.009346 0.006971 -0.021571
v -0.005060 0.004181 -0.022215
v -0.000004 0.003201 -0.022441
v 0.005051 0.004181 -0.022215
v 0.009337 0.006971 -0.021571
v 0.012201 0.011148 -0.020609
v 0.014339 0.015985 -0.019085
v 0.013046 0.021341 -0.018254
v 0.013207 0.016074 -0.019473
v 0.009984 0.025807 -0.017224
v 0.005401 0.028790 -0.016537
v -0.000004 0.029838 -0.016295
v -0.005410 0.028790 -0.016537
v -0.009993 0.025807 -0.017224
v -0.013055 0.021341 -0.018254
v -0.014130 0.016073 -0.019468
v -0.013055 0.010806 -0.020682
v -0.009993 0.006340 -0.021712
v -0.005410 0.003356 -0.022400
v -0.000004 0.002308 -0.022641
v 0.005401 0.003356 -0.022400
v 0.009984 0.006340 -0.021712
v 0.013046 0.010806 -0.020682
v 0.013514 0.013454 -0.020077
v 0.011456 0.008613 -0.021193
v 0.007653 0.004907 -0.022047
v 0.002684 0.002902 -0.022510
v -0.002693 0.002902 -0.022510
v -0.007662 0.004907 -0.022047
v -0.011464 0.008613 -0.021193
v -0.013522 0.013454 -0.020077
v -0.013522 0.018694 -0.018869
v -0.011464 0.023536 -0.017753
v -0.007662 0.027241 -0.016899
v -0.002693 0.029247 -0.016437
v 0.002684 0.029247 -0.016437
v 0.007653 0.027241 -0.016899
v 0.011456 0.023536 -0.017753
v 0.013514 0.018694 -0.018869
v 0.013655 0.012686 -0.004776
v 0.014046 0.015644 -0.005165
v 0.011907 0.020677 -0.004005
v 0.007955 0.024528 -0.003118
v 0.002790 0.026612 -0.002637
v -0.002799 0.026612 -0.002637
v -0.007963 0.024528 -0.003118
v -0.011916 0.020677 -0.004005
v -0.014055 0.015644 -0.005165
v -0.014055 0.010197 -0.006421
v -0.011916 0.005165 -0.007581
v -0.007963 0.001314 -0.008469
v -0.002799 -0.000771 -0.008949
v 0.002790 -0.000771 -0.008949
v 0.007955 0.001314 -0.008469
v -0.005545 0.010123 -0.008740
v 0.011907 0.005165 -0.007581
v 0.014046 0.010197 -0.006421
v 0.013392 0.015283 -0.004177
v 0.011353 0.020081 -0.003071
v 0.007584 0.023753 -0.002225
v 0.002660 0.025740 -0.001767
v -0.002669 0.025740 -0.001767
v -0.007593 0.023753 -0.002225
v -0.011361 0.020081 -0.003071
v -0.013401 0.015283 -0.004177
v -0.013401 0.010090 -0.005374
v -0.011361 0.005292 -0.006480
v -0.007593 0.001620 -0.007327
v -0.002669 -0.000368 -0.007785
v 0.002660 -0.000368 -0.007785
v 0.007584 0.001620 -0.007327
v 0.011353 0.005292 -0.006480
v 0.013392 0.010090 -0.005374
v 0.003698 0.008331 -0.009152
v 0.003698 0.019129 -0.006663
v -0.005545 0.017338 -0.007076
v -0.003706 0.008331 -0.009152
v 0.005536 0.010123 -0.008740
v 0.001296 0.020099 -0.006440
v -0.006540 0.014997 -0.007616
v -0.001304 0.007362 -0.009376
v 0.006531 0.012464 -0.008200
v -0.001304 0.020099 -0.006440
v -0.006540 0.012464 -0.008200
v 0.001296 0.007362 -0.009376
v 0.005536 0.017338 -0.007076
v -0.003706 0.019129 -0.006663
v 0.008031 0.011163 -0.005229
v 0.006808 0.008285 -0.005892
v 0.004548 0.006083 -0.006400
v 0.001594 0.004890 -0.006675
v -0.001603 0.004890 -0.006675
v -0.004556 0.006083 -0.006400
v -0.006817 0.008285 -0.005892
v -0.008040 0.011163 -0.005229
v -0.008040 0.014278 -0.004511
v -0.006817 0.017157 -0.003847
v -0.004556 0.019359 -0.003340
v -0.001603 0.020551 -0.003065
v 0.001594 0.020551 -0.003065
v 0.004548 0.019359 -0.003340
v 0.006808 0.017157 -0.003847
v 0.008031 0.014278 -0.004511
v 0.006531 0.014997 -0.007616
v 0.013849 0.018758 -0.018849
v 0.011740 0.023720 -0.017705
v 0.007843 0.027518 -0.016830
v 0.002751 0.029573 -0.016356
v -0.002760 0.029573 -0.016356
v -0.007852 0.027518 -0.016830
v -0.011749 0.023720 -0.017705
v -0.013858 0.018758 -0.018849
v -0.013858 0.013388 -0.020087
v -0.011749 0.008426 -0.021231
v -0.007852 0.004629 -0.022106
v -0.002760 0.002573 -0.022580
v 0.002751 0.002573 -0.022580
v 0.007843 0.004629 -0.022106
v 0.011740 0.008426 -0.021231
v 0.013849 0.013388 -0.020087
v 0.014062 0.018711 -0.018457
v 0.011921 0.023750 -0.017295
v 0.007964 0.027605 -0.016407
v 0.002794 0.029692 -0.015925
v -0.002802 0.029692 -0.015925
v -0.007973 0.027605 -0.016407
v -0.011930 0.023750 -0.017295
v -0.014071 0.018711 -0.018457
v -0.014071 0.013258 -0.019714
v -0.011930 0.008220 -0.020875
v -0.007973 0.004364 -0.021764
v -0.002802 0.002278 -0.022245
v 0.002794 0.002278 -0.022245
v 0.007964 0.004364 -0.021764
v 0.011921 0.008220 -0.020875
v 0.014062 0.013258 -0.019714
v 0.012952 0.013563 -0.020052
v 0.010980 0.008923 -0.021122
v 0.007335 0.005371 -0.021940
v 0.002573 0.003449 -0.022383
v -0.002582 0.003449 -0.022383
v -0.007344 0.005371 -0.021940
v -0.010988 0.008923 -0.021122
v -0.012961 0.013563 -0.020052
v -0.012961 0.018586 -0.018894
v -0.010988 0.023226 -0.017824
v -0.007344 0.026778 -0.017006
v -0.002582 0.028700 -0.016563
v 0.002573 0.028700 -0.016563
v 0.007335 0.026778 -0.017006
v 0.010980 0.023226 -0.017824
v 0.012952 0.018586 -0.018894
v 0.046398 -0.024484 0.044532
v 0.048240 -0.022534 0.046102
v 0.044044 -0.026947 0.047040
v 0.045913 -0.025003 0.048620
v 0.046691 -0.021041 0.046077
v 0.044863 -0.022979 0.044490
v 0.044326 -0.023442 0.048600
v 0.042478 -0.025382 0.047002
v 0.046497 -0.023745 0.043991
v 0.048284 -0.021849 0.045583
v 0.047376 -0.020974 0.045568
v 0.045595 -0.022863 0.043967
v -0.048249 -0.022534 0.046102
v -0.046407 -0.024484 0.044532
v -0.045922 -0.025003 0.048620
v -0.044053 -0.026947 0.047040
v -0.044871 -0.022979 0.044490
v -0.046700 -0.021041 0.046077
v -0.042487 -0.025382 0.047002
v -0.044335 -0.023442 0.048600
v -0.048293 -0.021849 0.045583
v -0.046506 -0.023745 0.043991
v -0.045604 -0.022863 0.043967
v -0.047385 -0.020974 0.045568
v 0.047420 -0.023429 0.047177
v 0.045514 -0.025438 0.045656
v 0.043939 -0.023886 0.045612
v 0.045826 -0.021889 0.047153
v 0.045299 -0.022690 0.044025
v 0.047090 -0.020789 0.045629
v 0.046677 -0.024038 0.044062
v 0.048479 -0.022128 0.045651
v -0.045523 -0.025438 0.045656
v -0.047429 -0.023429 0.047177
v -0.045835 -0.021889 0.047153
v -0.043948 -0.023886 0.045612
v -0.047099 -0.020789 0.045629
v -0.045307 -0.022690 0.044025
v -0.048488 -0.022128 0.045651
v -0.046686 -0.024038 0.044062
v 0.039505 -0.022666 0.153090
v 0.040757 -0.024133 0.153182
v 0.041481 -0.025226 0.093748
v 0.043036 -0.026809 0.093833
v -0.038461 -0.026840 0.148836
v -0.041865 -0.026851 0.116401
v -0.044171 -0.026661 0.053417
v -0.040336 -0.024630 0.153014
v -0.036909 -0.025236 0.148688
v -0.040290 -0.025273 0.116271
v -0.042658 -0.025049 0.053388
v -0.038920 -0.023011 0.152904
v -0.040621 -0.023820 0.153191
v -0.039805 -0.022859 0.153132
v -0.042111 -0.025145 0.073601
v -0.043643 -0.026740 0.073642
v -0.044232 -0.026701 0.049284
v -0.039994 -0.026849 0.135757
v -0.043978 -0.026690 0.060651
v -0.039250 -0.025654 0.152215
v -0.042722 -0.025068 0.049826
v -0.038420 -0.025265 0.135607
v -0.042459 -0.025086 0.060624
v -0.037745 -0.024023 0.152083
v -0.039514 -0.022667 0.153090
v -0.040766 -0.024133 0.153182
v -0.041489 -0.025226 0.093748
v -0.043045 -0.026809 0.093833
vn 0.7138 -0.7001 0.0168
vn 0.6820 -0.7312 0.0161
vn 0.6813 -0.7318 0.0147
vn 0.7128 -0.7011 0.0184
vn 0.6060 -0.7953 0.0164
vn 0.6076 -0.7941 0.0118
vn 0.6092 -0.7930 -0.0009
vn 0.6800 -0.7332 0.0025
vn 0.7222 -0.6914 0.0181
vn 0.7211 -0.6927 0.0141
vn 0.7312 -0.6821 0.0037
vn 0.7379 -0.6748 0.0139
vn 0.7481 -0.6591 0.0769
vn 0.7375 -0.6715 0.0723
vn 0.7310 -0.6784 0.0737
vn 0.7513 -0.6550 0.0810
vn 0.6979 -0.7132 0.0648
vn 0.6766 -0.7337 0.0613
vn 0.6402 -0.7672 0.0396
vn 0.7050 -0.7075 0.0494
vn 0.7293 -0.6821 0.0541
vn 0.6195 -0.7829 0.0576
vn 0.5866 -0.8085 0.0480
vn 0.5213 -0.8520 0.0485
vn 0.4860 -0.8731 0.0377
vn 0.4565 -0.8894 0.0235
vn 0.5520 -0.8333 0.0294
vn 0.3292 -0.9441 0.0153
vn 0.2636 -0.9646 0.0076
vn 0.2604 -0.9655 0.0022
vn 0.3257 -0.9455 0.0058
vn 0.1442 -0.9895 0.0025
vn 0.1439 -0.9896 0.0003
vn 0.1438 -0.9896 -0.0072
vn 0.2582 -0.9661 -0.0059
vn 0.3234 -0.9462 -0.0033
vn 0.2851 -0.9564 0.0633
vn 0.2300 -0.9710 0.0647
vn 0.2645 -0.9640 0.0271
vn 0.3240 -0.9454 0.0361
vn 0.1459 -0.9885 0.0392
vn 0.1466 -0.9891 0.0147
vn 0.5300 -0.8478 0.0199
vn 0.5331 -0.8460 0.0124
vn 0.4628 -0.8861 0.0236
vn 0.4653 -0.8851 0.0129
vn 0.4652 -0.8852 0.0028
vn 0.5345 -0.8452 0.0021
vn 0.6063 -0.7952 0.0113
vn 0.5203 -0.8539 0.0100
vn 0.5232 -0.8520 0.0186
vn 0.6039 -0.7969 0.0144
vn 0.4169 -0.9088 0.0180
vn 0.4501 -0.8926 0.0261
vn 0.4236 -0.9051 0.0381
vn 0.3857 -0.9222 0.0287
vn 0.3131 -0.9493 0.0285
vn 0.2739 -0.9616 0.0197
vn 0.2354 -0.9718 0.0136
vn 0.3521 -0.9357 0.0193
vn 0.7161 -0.6978 0.0173
vn 0.6843 -0.7290 0.0152
vn 0.6820 -0.7312 0.0150
vn 0.7145 -0.6995 0.0160
vn 0.5355 -0.8444 -0.0177
vn 0.6125 -0.7901 -0.0240
vn 0.4635 -0.8858 -0.0226
vn 0.4521 -0.8743 -0.1770
vn 0.5309 -0.8370 -0.1326
vn 0.6119 -0.7808 -0.1262
vn 0.7143 -0.6998 0.0088
vn 0.6854 -0.7279 -0.0204
vn 0.6910 -0.7128 -0.1200
vn 0.8003 -0.5993 -0.0174
vn 0.7709 -0.6336 -0.0648
vn 0.8474 -0.1519 -0.5088
vn 0.9731 0.0282 -0.2285
vn 0.7469 -0.6596 0.0835
vn 0.7362 -0.6720 0.0794
vn 0.7111 -0.6995 0.0708
vn 0.6998 -0.7116 0.0621
vn 0.7303 -0.6809 0.0539
vn 0.7342 -0.6770 0.0513
vn 0.7871 -0.6146 0.0525
vn 0.7415 -0.6671 0.0719
vn 0.7089 -0.7023 0.0649
vn 0.7106 -0.7016 0.0534
vn 0.6950 -0.7166 0.0589
vn 0.7035 -0.7088 0.0516
vn 0.7077 -0.7043 0.0558
vn 0.7282 -0.6822 0.0663
vn 0.7415 -0.6641 0.0956
vn 0.6429 -0.7629 0.0681
vn 0.5574 -0.8273 0.0697
vn 0.7112 -0.6898 0.1357
vn 0.6335 -0.7562 0.1636
vn 0.7265 -0.6869 0.0183
vn 0.7241 -0.6895 0.0169
vn 0.7423 -0.6698 0.0185
vn 0.7471 -0.6645 0.0199
vn 0.7228 -0.6908 0.0174
vn 0.7393 -0.6731 0.0183
vn 0.8036 -0.5949 0.0181
vn 0.8068 -0.5904 0.0217
vn 0.8127 -0.5822 0.0231
vn 0.4614 -0.8849 0.0637
vn 0.3478 -0.9357 0.0594
vn 0.5346 -0.8268 0.1750
vn 0.4103 -0.8918 0.1908
vn -0.3247 0.6702 -0.6674
vn -0.4275 0.5612 -0.7087
vn -0.6794 0.7277 -0.0942
vn -0.6914 0.7143 -0.1082
vn 0.7212 -0.6927 -0.0075
vn 0.7401 -0.6655 -0.0971
vn -0.0000 -1.0000 -0.0020
vn -0.0000 -0.9999 -0.0173
vn 0.0034 -0.9998 -0.0216
vn 0.0003 -1.0000 -0.0025
vn -0.0002 -0.9986 -0.0530
vn 0.0160 -0.9975 -0.0687
vn 0.0386 -0.9926 -0.1154
vn 0.0119 -0.9993 -0.0346
vn 0.0051 -1.0000 -0.0038
vn -0.0000 -0.9725 0.2331
vn -0.0000 -0.9979 0.0642
vn 0.1901 -0.9798 0.0619
vn 0.2287 -0.9486 0.2188
vn -0.0000 -0.9998 0.0196
vn 0.1672 -0.9857 0.0220
vn 0.2502 -0.9657 -0.0695
vn 0.3186 -0.9464 -0.0536
vn 0.1442 -0.9866 -0.0759
vn 0.2229 -0.9015 -0.3711
vn 0.2497 -0.9040 -0.3470
vn 0.2943 -0.9033 -0.3120
vn -0.7184 0.6955 -0.0165
vn -0.7172 0.6967 -0.0171
vn -0.6911 0.7227 -0.0116
vn -0.6934 0.7204 -0.0142
vn -0.7232 0.6905 -0.0180
vn -0.7218 0.6917 -0.0220
vn -0.7209 0.6927 -0.0221
vn -0.7221 0.6917 -0.0154
vn -0.6878 0.7259 0.0008
vn -0.6194 0.7850 0.0101
vn -0.6210 0.7838 -0.0039
vn -0.6233 0.7819 -0.0085
vn -0.7459 0.6617 -0.0755
vn -0.7516 0.6546 -0.0810
vn -0.7333 0.6758 -0.0743
vn -0.7368 0.6723 -0.0711
vn -0.7307 0.6806 -0.0546
vn -0.7101 0.7022 -0.0509
vn -0.6511 0.7578 -0.0433
vn -0.6818 0.7288 -0.0629
vn -0.6992 0.7120 -0.0638
vn -0.5913 0.8049 -0.0497
vn -0.6219 0.7810 -0.0569
vn -0.5613 0.8269 -0.0339
vn -0.4588 0.8881 -0.0261
vn -0.4880 0.8720 -0.0387
vn -0.5235 0.8507 -0.0479
vn -0.1326 0.9870 0.0906
vn 0.2303 0.9399 0.2521
vn 0.1996 0.9268 0.3180
vn -0.0997 0.9866 0.1290
vn 0.5321 0.7671 0.3583
vn 0.4224 0.7982 0.4294
vn 0.3629 0.8078 0.4644
vn 0.2125 0.9075 0.3622
vn -0.0263 0.9867 0.1601
vn -0.5292 0.8485 -0.0035
vn -0.5290 0.8486 -0.0017
vn -0.5303 0.8478 -0.0030
vn -0.4352 0.8994 -0.0413
vn -0.4330 0.9013 -0.0141
vn -0.4294 0.9031 0.0025
vn -0.6302 0.7764 -0.0127
vn -0.6264 0.7795 -0.0099
vn -0.5303 0.8478 -0.0033
vn -0.5340 0.8455 -0.0069
vn -0.4248 0.9053 0.0053
vn -0.4133 0.9106 0.0026
vn -0.3870 0.9216 -0.0288
vn -0.4256 0.9041 -0.0375
vn -0.3540 0.9351 -0.0193
vn -0.2404 0.9706 -0.0127
vn -0.2760 0.9610 -0.0194
vn -0.3156 0.9485 -0.0277
vn -0.7206 0.6931 -0.0178
vn -0.7194 0.6944 -0.0162
vn -0.6950 0.7188 -0.0145
vn -0.6969 0.7170 -0.0164
vn -0.6185 0.7856 0.0160
vn -0.5298 0.8481 -0.0119
vn -0.6157 0.7844 -0.0748
vn -0.5262 0.8434 -0.1090
vn -0.4234 0.8848 -0.1948
vn -0.4325 0.8980 -0.0809
vn -0.7171 0.6969 -0.0104
vn -0.0337 0.9676 -0.2502
vn -0.1799 0.8299 -0.5281
vn -0.6738 0.7334 -0.0908
vn -0.6513 0.7569 -0.0530
vn -0.6885 0.7252 0.0027
vn -0.7445 0.6625 -0.0823
vn -0.6837 0.7276 -0.0559
vn -0.6953 0.7155 -0.0675
vn -0.7345 0.6740 -0.0789
vn -0.5749 0.8180 -0.0162
vn -0.6019 0.7973 -0.0452
vn -0.6451 0.7630 -0.0411
vn -0.7187 0.6935 -0.0499
vn -0.7296 0.6817 -0.0539
vn -0.6831 0.7287 -0.0486
vn -0.6963 0.7164 -0.0449
vn -0.6091 0.7931 0.0024
vn -0.5944 0.8041 0.0058
vn -0.6881 0.7242 -0.0441
vn -0.5780 0.8161 0.0027
vn -0.5513 0.8323 -0.0579
vn -0.6337 0.7716 -0.0564
vn -0.5198 0.8542 -0.0091
vn -0.5842 0.8116 -0.0062
vn -0.7277 0.6857 -0.0185
vn -0.7318 0.6812 -0.0195
vn -0.7271 0.6863 -0.0181
vn -0.7255 0.6880 -0.0170
vn -0.6678 0.7441 -0.0184
vn -0.6602 0.7509 -0.0172
vn -0.6539 0.7563 -0.0202
vn -0.7237 0.6898 -0.0185
vn -0.7240 0.6896 -0.0174
vn -0.3462 0.9370 -0.0474
vn -0.4578 0.8875 -0.0522
vn -0.3331 0.9428 -0.0090
vn -0.4370 0.8994 -0.0061
vn -0.7174 0.6965 -0.0168
vn 0.6927 -0.3169 -0.6479
vn 0.5539 -0.4625 -0.6923
vn 0.1775 -0.0173 -0.9840
vn 0.3660 0.1657 -0.9158
vn -0.0000 0.9995 -0.0328
vn -0.1843 0.9826 -0.0233
vn -0.1899 0.9806 -0.0493
vn -0.0000 0.9987 -0.0515
vn -0.1691 0.9854 -0.0211
vn -0.0000 0.9998 -0.0187
vn 0.2566 0.8293 0.4963
vn 0.1679 0.9016 0.3986
vn -0.0002 0.8532 0.5216
vn -0.0001 0.9082 0.4185
vn -0.0000 0.9832 0.1825
vn 0.0214 0.9836 0.1793
vn -0.0550 0.0874 -0.9947
vn -0.0553 0.0896 -0.9944
vn -0.3656 0.6033 -0.7088
vn -0.4370 0.5700 -0.6958
vn -0.0441 0.0946 -0.9945
vn -0.2748 0.6067 -0.7459
vn -0.7401 -0.6655 -0.0971
vn -0.6927 -0.3169 -0.6478
vn -0.5539 -0.4625 -0.6923
vn -0.6910 -0.7128 -0.1200
vn 0.0144 0.1546 -0.9879
vn 0.6139 0.7479 0.2526
vn 0.6228 0.7717 0.1290
vn 0.0006 0.9986 0.0526
vn 0.0065 0.9894 0.1450
vn 0.6165 0.7858 0.0490
vn -0.0331 0.9994 0.0044
vn 0.6010 0.6552 0.4576
vn 0.6122 0.7038 0.3604
vn -0.0012 0.9732 0.2300
vn -0.0094 0.9540 0.2996
vn 0.6102 0.7264 0.3163
vn -0.0064 0.9809 0.1942
vn 0.5040 0.5068 0.6994
vn 0.5663 0.5857 0.5799
vn -0.0093 0.9251 0.3797
vn -0.0096 0.8923 0.4514
vn 0.5924 0.8054 0.0193
vn 0.5854 0.8105 0.0184
vn -0.0633 0.9980 -0.0001
vn -0.0647 0.9979 -0.0004
vn 0.5847 0.8111 -0.0144
vn -0.0526 0.9984 -0.0221
vn 0.5483 0.7668 -0.3338
vn 0.1812 0.3473 -0.9201
vn -0.0000 0.2721 0.9623
vn 0.2066 0.2982 0.9319
vn 0.0225 0.8132 0.5816
vn -0.0000 0.8036 0.5952
vn 0.3545 0.3610 0.8626
vn 0.0171 0.8393 0.5434
vn 0.0081 0.0948 -0.9955
vn 0.3597 0.0771 -0.9299
vn 0.4518 0.3976 -0.7987
vn -0.0783 0.5555 -0.8278
vn 0.7615 -0.0721 -0.6441
vn 0.8878 0.0594 -0.4564
vn 0.9405 0.2581 -0.2211
vn 0.4682 0.7329 -0.4936
vn -0.1141 0.8902 -0.4411
vn 0.4379 0.4329 0.7880
vn -0.0015 0.8653 0.5013
vn 0.6838 -0.3821 0.6216
vn 0.5389 -0.4856 0.6883
vn 0.7895 -0.2743 0.5491
vn 0.6304 0.3107 0.7113
vn 0.5486 0.2221 0.8060
vn 0.4413 0.1321 0.8876
vn 0.3019 -0.0198 -0.9531
vn 0.6218 -0.1300 -0.7723
vn 0.2614 -0.4969 -0.8275
vn 0.1702 -0.5214 -0.8362
vn 0.4463 -0.5001 -0.7421
vn 0.0436 -0.0588 -0.9973
vn 0.2551 0.0526 0.9655
vn 0.3052 -0.5732 0.7604
vn -0.0000 -0.6097 0.7926
vn -0.0000 0.0194 0.9998
vn 0.5678 0.3850 -0.7276
vn 0.7329 0.5943 -0.3313
vn 0.9996 0.0291 0.0054
vn 0.7576 0.6526 -0.0102
vn 0.7576 0.6524 0.0235
vn 0.9992 0.0258 0.0293
vn 0.9992 0.0270 0.0308
vn 0.7634 0.6455 0.0248
vn 0.7575 0.4613 0.4620
vn 0.7064 0.3967 0.5861
vn 0.8763 -0.1781 0.4476
vn 0.9293 -0.1378 0.3428
vn 0.7949 0.5116 0.3263
vn 0.7856 0.4978 0.3676
vn 0.9525 -0.1427 0.2690
vn 0.9685 -0.1344 0.2097
vn 0.9576 -0.1657 0.2358
vn 0.8020 0.5344 0.2669
vn 0.7926 0.6067 0.0612
vn 0.8072 0.5720 0.1458
vn 0.9871 -0.0839 0.1365
vn 0.9971 -0.0263 0.0713
vn 0.0892 -0.0957 -0.9914
vn 0.4550 -0.5632 -0.6898
vn 0.3760 0.5706 -0.7301
vn 0.0467 -0.0947 -0.9944
vn 0.0655 -0.1034 -0.9925
vn 0.3818 -0.6025 -0.7009
vn 0.3030 -0.5998 -0.7406
vn 0.6038 0.7968 0.0249
vn 0.7748 0.6314 0.0321
vn -0.1151 0.9933 -0.0075
vn -0.1410 0.9899 -0.0121
vn -0.0000 1.0000 -0.0055
vn -0.0000 1.0000 -0.0092
vn 0.0044 -1.0000 0.0006
vn 0.0001 -1.0000 0.0005
vn 0.0049 -1.0000 0.0020
vn 0.0008 -1.0000 0.0014
vn -0.0000 -1.0000 0.0011
vn -0.0000 -1.0000 0.0004
vn 0.1393 -0.9902 0.0123
vn 0.1116 -0.9937 0.0079
vn -0.0000 -1.0000 0.0094
vn -0.0000 -1.0000 0.0056
vn 0.1801 -0.9836 0.0123
vn 0.2055 -0.9786 0.0091
vn 0.0918 -0.9958 0.0054
vn 0.0780 -0.9969 0.0086
vn -0.0000 -1.0000 0.0037
vn -0.0000 -1.0000 0.0070
vn 0.0114 -0.9999 0.0079
vn 0.0042 -1.0000 0.0041
vn 0.0384 -0.9989 0.0269
vn 0.0157 -0.9998 0.0140
vn -0.0000 -1.0000 0.0098
vn -0.0000 -1.0000 0.0028
vn -0.0314 0.0964 -0.9948
vn 0.0286 -0.0819 -0.9962
vn 0.8116 -0.5833 0.0312
vn 0.9991 0.0156 0.0400
vn -0.0583 0.9983 -0.0009
vn -0.6685 0.7433 -0.0251
vn -0.7319 0.6808 -0.0282
vn -0.7286 0.6844 -0.0285
vn -0.7221 0.6912 -0.0283
vn -0.6995 0.7141 -0.0267
vn -0.6358 0.7715 -0.0225
vn -0.5437 0.8391 -0.0162
vn -0.4389 0.8985 -0.0106
vn -0.3328 0.9430 -0.0079
vn -0.3130 0.9497 0.0036
vn -0.2050 0.9788 0.0003
vn -0.2193 0.9756 -0.0058
vn 0.7283 -0.6847 0.0283
vn 0.7473 -0.6639 0.0288
vn 0.6903 -0.7231 0.0248
vn 0.7191 -0.6944 0.0276
vn 0.6170 -0.7867 0.0183
vn 0.5299 -0.8480 0.0119
vn 0.4362 -0.8998 0.0106
vn 0.3257 -0.9454 0.0115
vn 0.2988 -0.9542 0.0154
vn 0.9401 0.3373 -0.0490
vn 0.5863 0.7630 -0.2722
vn 0.9499 0.3010 0.0848
vn 0.9329 0.3573 -0.0442
vn 0.8786 0.4747 -0.0522
vn 0.4737 0.8718 -0.1249
vn -0.1094 0.9872 -0.1159
vn -0.0958 0.9627 -0.2532
vn -0.0000 0.9997 0.0255
vn -0.0704 0.9972 0.0262
vn -0.0000 1.0000 -0.0029
vn -0.0917 0.9958 -0.0025
vn -0.1688 0.9852 0.0292
vn -0.0000 1.0000 -0.0034
vn -0.1003 0.9949 -0.0041
vn 0.3722 0.7921 0.4838
vn 0.2454 0.8267 0.5064
vn 0.3336 0.8134 0.4765
vn 0.1936 0.8476 0.4941
vn -0.0038 0.8648 0.5022
vn -0.0015 0.8520 0.5236
vn 0.5852 0.7070 0.3971
vn 0.4632 0.7605 0.4552
vn 0.5518 0.7242 0.4137
vn 0.4390 0.7761 0.4527
vn 0.1264 -0.9903 0.0577
vn 0.1550 -0.9874 0.0320
vn 0.0674 -0.9974 0.0239
vn 0.0558 -0.9976 0.0406
vn -0.0000 -0.9998 0.0204
vn -0.0000 -0.9994 0.0342
vn 0.0424 -0.9991 -0.0059
vn 0.0537 -0.9968 -0.0586
vn 0.0939 -0.9748 -0.2023
vn 0.0405 -0.9992 0.0018
vn 0.0411 -0.9992 0.0003
vn 0.0443 -0.9990 0.0105
vn 0.0826 -0.9957 0.0416
vn 0.0842 -0.9950 0.0537
vn 0.1519 -0.9855 0.0750
vn 0.2099 -0.9750 0.0723
vn 0.2593 -0.9650 0.0398
vn 0.3398 -0.9396 0.0405
vn 0.0370 -0.9987 0.0341
vn -0.0000 -0.9996 0.0276
vn 0.4149 0.9099 0.0017
vn -0.1227 0.9920 -0.0309
vn 0.8240 0.5640 0.0535
vn 0.7499 0.6414 0.1620
vn 0.3607 0.9271 0.1014
vn -0.1278 0.9915 0.0234
vn -0.2592 0.9653 0.0303
vn -0.3060 0.9517 0.0243
vn 0.6933 -0.3632 -0.6224
vn 0.8343 -0.2957 -0.4653
vn 0.3634 -0.8983 -0.2468
vn 0.2148 -0.5691 -0.7937
vn -0.1861 0.5960 -0.7811
vn -0.2990 0.9074 -0.2954
vn -0.3133 0.9364 -0.1584
vn -0.3234 0.9427 -0.0827
vn -0.3171 0.9482 0.0175
vn -0.3228 0.9465 0.0050
vn -0.1326 0.9895 0.0571
vn -0.3260 0.9450 -0.0269
vn 0.3858 -0.9226 -0.0002
vn 0.3824 -0.9232 -0.0380
vn 0.3774 -0.9254 0.0335
vn 0.3878 -0.9215 0.0218
vn 0.3872 -0.9219 0.0100
vn -0.5312 0.7683 0.3571
vn -0.5890 0.7061 0.3931
vn -0.7144 0.6270 0.3107
vn -0.6530 0.7109 0.2612
vn -0.5610 0.7199 0.4087
vn -0.6779 0.6461 0.3507
vn -0.7731 0.5629 0.2922
vn -0.8087 0.5412 0.2305
vn -0.7463 0.6457 0.1617
vn 0.2999 0.9372 0.1780
vn 0.6549 0.7086 0.2625
vn 0.9247 0.3601 0.1237
vn 0.8810 0.4454 0.1595
vn 0.8881 0.4047 0.2182
vn 0.8485 0.4735 0.2363
vn 0.7801 0.5571 0.2849
vn 0.8138 0.5340 0.2292
vn 0.6303 -0.5197 -0.5767
vn 0.7541 -0.4368 -0.4904
vn -0.7526 -0.4357 -0.4937
vn -0.7111 -0.5230 -0.4699
vn -0.9184 -0.1888 -0.3477
vn -0.9402 -0.1454 -0.3079
vn 0.0436 -0.9906 -0.1294
vn 0.0933 -0.9717 -0.2169
vn -0.0010 -0.9951 -0.0985
vn -0.0033 -0.9745 -0.2245
vn 0.0734 -0.9649 -0.2520
vn 0.1518 -0.9310 -0.3319
vn 0.9512 0.3074 0.0281
vn 0.8395 0.5129 0.1796
vn 0.8157 0.5758 0.0558
vn 0.9281 0.3697 -0.0434
vn 0.6503 0.7009 0.2930
vn 0.6119 0.7819 0.1193
vn 0.6885 0.7215 0.0741
vn 0.8078 0.5886 0.0305
vn 0.8746 0.4848 -0.0091
vn 0.1681 -0.9211 -0.3512
vn 0.2989 -0.8024 -0.5166
vn 0.2370 -0.8652 -0.4418
vn 0.3454 -0.7597 -0.5510
vn 0.9156 -0.1747 -0.3620
vn 0.8665 -0.3046 -0.3955
vn 0.9726 0.0760 -0.2198
vn 0.9647 0.1039 -0.2420
vn 0.8796 -0.2653 -0.3949
vn 0.9829 0.0438 -0.1790
vn 0.9375 0.3296 -0.1116
vn 0.9784 0.1699 0.1179
vn 0.9479 0.2488 0.1990
vn 0.9965 0.0069 -0.0832
vn 0.9863 -0.0720 -0.1487
vn 0.9896 0.1349 0.0509
vn 0.9444 0.2759 0.1789
vn 0.9339 -0.1910 -0.3022
vn 0.8873 -0.2962 -0.3534
vn -0.9718 0.2330 -0.0366
vn -0.9552 0.2755 -0.1084
vn -0.9406 -0.0926 -0.3266
vn -0.9633 0.1840 -0.1955
vn 0.1326 0.9760 0.1726
vn 0.0302 0.9834 0.1790
vn 0.1143 0.9730 0.2005
vn 0.2052 0.9641 0.1686
vn 0.4985 -0.5679 -0.6550
vn 0.4785 -0.6308 -0.6109
vn -0.7938 -0.4153 -0.4443
vn -0.8747 -0.2787 -0.3966
vn 0.6537 -0.5786 -0.4877
vn 0.6745 -0.5036 -0.5399
vn -0.6544 -0.5744 -0.4918
vn 0.4893 0.8632 0.1244
vn 0.3636 0.9186 0.1547
vn 0.3416 0.9276 0.1511
vn 0.4076 0.8380 0.3628
vn 0.1526 0.9067 0.3931
vn -0.5271 -0.6093 -0.5923
vn -0.4805 -0.7031 -0.5242
vn -0.9338 0.3497 -0.0760
vn -0.8979 0.4387 -0.0356
vn -0.4970 -0.6981 -0.5154
vn -0.8399 0.5424 0.0191
vn -0.8919 0.4385 0.1106
vn -0.8484 0.5097 0.1430
vn -0.9392 0.3404 0.0449
vn -0.9346 0.2923 0.2025
vn -0.9006 0.3648 0.2365
vn -0.8716 0.4258 0.2429
vn 0.8411 -0.3424 -0.4186
vn 0.7653 -0.4573 -0.4530
vn -0.2877 -0.7061 -0.6470
vn -0.2555 -0.7975 -0.5465
vn -0.2224 -0.8216 -0.5248
vn -0.3366 -0.7835 -0.5223
vn -0.4413 0.1321 0.8876
vn -0.3545 0.3610 0.8626
vn -0.4379 0.4329 0.7880
vn -0.5486 0.2220 0.8060
vn 0.6343 -0.5957 -0.4927
vn -0.7953 0.6027 0.0648
vn -0.8257 0.5359 0.1762
vn 0.4392 -0.6494 -0.6208
vn 0.4257 -0.7322 -0.5317
vn 0.4904 -0.7048 -0.5126
vn -0.3998 -0.7578 -0.5156
vn -0.7138 -0.7001 0.0168
vn -0.7128 -0.7011 0.0184
vn -0.6813 -0.7318 0.0147
vn -0.6820 -0.7312 0.0161
vn -0.7222 -0.6915 0.0180
vn -0.7379 -0.6748 0.0139
vn -0.7312 -0.6821 0.0037
vn -0.7211 -0.6927 0.0140
vn -0.6800 -0.7332 0.0025
vn -0.6092 -0.7930 -0.0009
vn -0.6076 -0.7941 0.0118
vn -0.6060 -0.7953 0.0164
vn -0.7481 -0.6591 0.0769
vn -0.7513 -0.6550 0.0810
vn -0.7310 -0.6784 0.0737
vn -0.7375 -0.6715 0.0723
vn -0.7293 -0.6821 0.0541
vn -0.7050 -0.7075 0.0494
vn -0.6402 -0.7672 0.0396
vn -0.6766 -0.7337 0.0613
vn -0.6979 -0.7132 0.0648
vn -0.5866 -0.8085 0.0480
vn -0.6195 -0.7829 0.0576
vn -0.5520 -0.8333 0.0294
vn -0.4565 -0.8894 0.0235
vn -0.4860 -0.8731 0.0377
vn -0.5213 -0.8520 0.0485
vn -0.3292 -0.9441 0.0153
vn -0.3257 -0.9455 0.0058
vn -0.2604 -0.9655 0.0022
vn -0.2636 -0.9646 0.0076
vn -0.3234 -0.9462 -0.0032
vn -0.2582 -0.9661 -0.0058
vn -0.1438 -0.9896 -0.0072
vn -0.1439 -0.9896 0.0003
vn -0.1442 -0.9895 0.0025
vn -0.2851 -0.9564 0.0633
vn -0.3240 -0.9454 0.0361
vn -0.2645 -0.9640 0.0271
vn -0.2300 -0.9710 0.0647
vn -0.1466 -0.9891 0.0147
vn -0.1460 -0.9885 0.0392
vn -0.5331 -0.8460 0.0124
vn -0.5300 -0.8478 0.0199
vn -0.5345 -0.8452 0.0021
vn -0.4652 -0.8852 0.0028
vn -0.4653 -0.8851 0.0129
vn -0.4628 -0.8861 0.0236
vn -0.6063 -0.7952 0.0113
vn -0.6039 -0.7969 0.0144
vn -0.5232 -0.8520 0.0186
vn -0.5203 -0.8539 0.0100
vn -0.4501 -0.8926 0.0261
vn -0.4169 -0.9088 0.0180
vn -0.3857 -0.9222 0.0287
vn -0.4236 -0.9051 0.0381
vn -0.3521 -0.9357 0.0193
vn -0.2354 -0.9718 0.0136
vn -0.2739 -0.9616 0.0197
vn -0.3131 -0.9493 0.0285
vn -0.7161 -0.6978 0.0173
vn -0.7145 -0.6995 0.0160
vn -0.6820 -0.7312 0.0150
vn -0.6843 -0.7290 0.0152
vn -0.6125 -0.7901 -0.0240
vn -0.5355 -0.8444 -0.0177
vn -0.6119 -0.7808 -0.1262
vn -0.5309 -0.8370 -0.1326
vn -0.4521 -0.8743 -0.1769
vn -0.4635 -0.8858 -0.0226
vn -0.7143 -0.6998 0.0087
vn -0.8003 -0.5993 -0.0174
vn -0.9731 0.0282 -0.2285
vn -0.8474 -0.1519 -0.5088
vn -0.7709 -0.6336 -0.0648
vn -0.6854 -0.7279 -0.0204
vn -0.7469 -0.6596 0.0835
vn -0.6998 -0.7116 0.0621
vn -0.7111 -0.6995 0.0708
vn -0.7362 -0.6720 0.0794
vn -0.7089 -0.7023 0.0649
vn -0.7415 -0.6671 0.0719
vn -0.7871 -0.6146 0.0525
vn -0.7342 -0.6770 0.0513
vn -0.7303 -0.6809 0.0539
vn -0.6950 -0.7166 0.0589
vn -0.7106 -0.7016 0.0534
vn -0.7415 -0.6641 0.0956
vn -0.7282 -0.6822 0.0663
vn -0.7035 -0.7088 0.0516
vn -0.7077 -0.7043 0.0558
vn -0.5574 -0.8273 0.0697
vn -0.6429 -0.7629 0.0681
vn -0.6335 -0.7563 0.1636
vn -0.7112 -0.6898 0.1357
vn -0.7265 -0.6869 0.0183
vn -0.7471 -0.6645 0.0199
vn -0.7423 -0.6698 0.0185
vn -0.7241 -0.6895 0.0169
vn -0.8127 -0.5822 0.0231
vn -0.8068 -0.5904 0.0217
vn -0.8036 -0.5949 0.0181
vn -0.7393 -0.6731 0.0183
vn -0.7228 -0.6908 0.0174
vn -0.3478 -0.9357 0.0594
vn -0.4614 -0.8849 0.0637
vn -0.4103 -0.8918 0.1908
vn -0.5346 -0.8268 0.1750
vn -0.7212 -0.6927 -0.0075
vn 0.3247 0.6702 -0.6674
vn 0.6914 0.7143 -0.1082
vn 0.6794 0.7277 -0.0942
vn 0.4275 0.5612 -0.7087
vn -0.0003 -1.0000 -0.0025
vn -0.0035 -0.9998 -0.0218
vn -0.0051 -1.0000 -0.0039
vn -0.0120 -0.9993 -0.0350
vn -0.0391 -0.9924 -0.1166
vn -0.0166 -0.9975 -0.0692
vn -0.2287 -0.9486 0.2188
vn -0.1901 -0.9798 0.0619
vn -0.1672 -0.9857 0.0220
vn -0.3186 -0.9464 -0.0536
vn -0.2503 -0.9657 -0.0692
vn -0.2945 -0.9033 -0.3119
vn -0.2504 -0.9045 -0.3451
vn -0.2207 -0.9046 -0.3647
vn -0.1440 -0.9867 -0.0755
vn 0.7184 0.6955 -0.0165
vn 0.6934 0.7204 -0.0142
vn 0.6911 0.7227 -0.0116
vn 0.7172 0.6967 -0.0171
vn 0.6233 0.7819 -0.0085
vn 0.6210 0.7838 -0.0039
vn 0.6194 0.7850 0.0101
vn 0.6878 0.7259 0.0009
vn 0.7232 0.6905 -0.0180
vn 0.7221 0.6917 -0.0154
vn 0.7209 0.6927 -0.0221
vn 0.7218 0.6917 -0.0220
vn 0.7459 0.6617 -0.0755
vn 0.7368 0.6723 -0.0711
vn 0.7333 0.6758 -0.0743
vn 0.7516 0.6546 -0.0810
vn 0.6992 0.7120 -0.0638
vn 0.6818 0.7288 -0.0629
vn 0.6511 0.7578 -0.0433
vn 0.7101 0.7022 -0.0509
vn 0.7307 0.6806 -0.0546
vn 0.6219 0.7810 -0.0569
vn 0.5913 0.8049 -0.0497
vn 0.5235 0.8507 -0.0479
vn 0.4880 0.8720 -0.0387
vn 0.4588 0.8881 -0.0261
vn 0.5613 0.8269 -0.0339
vn 0.1326 0.9870 0.0907
vn 0.0998 0.9866 0.1289
vn -0.1992 0.9271 0.3176
vn -0.2296 0.9402 0.2517
vn 0.0264 0.9868 0.1601
vn -0.2123 0.9078 0.3618
vn -0.3626 0.8084 0.4637
vn -0.4223 0.7989 0.4283
vn 0.5290 0.8486 -0.0017
vn 0.5292 0.8485 -0.0035
vn 0.4294 0.9031 0.0025
vn 0.4330 0.9013 -0.0141
vn 0.4352 0.8994 -0.0413
vn 0.5303 0.8478 -0.0030
vn 0.6302 0.7764 -0.0127
vn 0.5340 0.8455 -0.0069
vn 0.5303 0.8478 -0.0033
vn 0.6264 0.7795 -0.0099
vn 0.4133 0.9106 0.0026
vn 0.4248 0.9053 0.0053
vn 0.4256 0.9041 -0.0375
vn 0.3870 0.9216 -0.0288
vn 0.3156 0.9485 -0.0277
vn 0.2760 0.9610 -0.0194
vn 0.2404 0.9706 -0.0127
vn 0.3540 0.9351 -0.0193
vn 0.7206 0.6931 -0.0178
vn 0.6969 0.7170 -0.0164
vn 0.6950 0.7188 -0.0145
vn 0.7194 0.6944 -0.0162
vn 0.5298 0.8481 -0.0119
vn 0.6185 0.7856 0.0160
vn 0.4325 0.8980 -0.0809
vn 0.4234 0.8848 -0.1948
vn 0.5262 0.8434 -0.1090
vn 0.6157 0.7844 -0.0747
vn 0.7171 0.6969 -0.0104
vn 0.6885 0.7252 0.0027
vn 0.0337 0.9676 -0.2502
vn 0.6513 0.7569 -0.0530
vn 0.6738 0.7334 -0.0908
vn 0.1799 0.8299 -0.5281
vn 0.7445 0.6625 -0.0823
vn 0.7345 0.6740 -0.0789
vn 0.6954 0.7155 -0.0675
vn 0.6837 0.7276 -0.0559
vn 0.7296 0.6817 -0.0539
vn 0.7187 0.6935 -0.0499
vn 0.6451 0.7630 -0.0411
vn 0.6019 0.7973 -0.0452
vn 0.5749 0.8180 -0.0162
vn 0.6963 0.7164 -0.0449
vn 0.6831 0.7287 -0.0486
vn 0.6881 0.7242 -0.0441
vn 0.5780 0.8161 0.0027
vn 0.5944 0.8041 0.0058
vn 0.6091 0.7931 0.0024
vn 0.6337 0.7716 -0.0564
vn 0.5513 0.8323 -0.0579
vn 0.5842 0.8116 -0.0062
vn 0.5198 0.8542 -0.0091
vn 0.7277 0.6857 -0.0185
vn 0.7255 0.6880 -0.0170
vn 0.7271 0.6863 -0.0181
vn 0.7318 0.6812 -0.0195
vn 0.7240 0.6896 -0.0174
vn 0.7237 0.6898 -0.0185
vn 0.6539 0.7563 -0.0202
vn 0.6602 0.7509 -0.0172
vn 0.6678 0.7441 -0.0184
vn 0.4578 0.8875 -0.0522
vn 0.3462 0.9370 -0.0474
vn 0.4370 0.8994 -0.0060
vn 0.3331 0.9428 -0.0090
vn -0.3660 0.1657 -0.9158
vn -0.1775 -0.0173 -0.9840
vn 0.7174 0.6965 -0.0168
vn 0.1899 0.9806 -0.0493
vn 0.1843 0.9826 -0.0233
vn 0.1691 0.9854 -0.0211
vn -0.1679 0.9018 0.3983
vn -0.2566 0.8297 0.4958
vn -0.0213 0.9836 0.1792
vn 0.0550 0.0874 -0.9947
vn 0.4370 0.5700 -0.6958
vn 0.3656 0.6033 -0.7088
vn 0.0553 0.0896 -0.9944
vn 0.2748 0.6067 -0.7459
vn 0.0441 0.0947 -0.9945
vn -0.0144 0.1546 -0.9879
vn -0.6139 0.7479 0.2526
vn -0.0065 0.9894 0.1450
vn -0.0006 0.9986 0.0526
vn -0.6228 0.7717 0.1290
vn 0.0331 0.9994 0.0044
vn -0.6166 0.7858 0.0490
vn -0.6010 0.6552 0.4576
vn 0.0094 0.9540 0.2996
vn 0.0012 0.9732 0.2301
vn -0.6122 0.7038 0.3604
vn 0.0064 0.9809 0.1942
vn -0.6102 0.7264 0.3163
vn -0.5040 0.5068 0.6994
vn 0.0096 0.8923 0.4514
vn 0.0093 0.9251 0.3797
vn -0.5663 0.5857 0.5799
vn -0.5924 0.8054 0.0193
vn 0.0647 0.9979 -0.0004
vn 0.0633 0.9980 -0.0001
vn -0.5854 0.8105 0.0184
vn 0.0526 0.9984 -0.0221
vn -0.5847 0.8111 -0.0144
vn -0.5483 0.7668 -0.3338
vn -0.1812 0.3473 -0.9201
vn -0.0225 0.8132 0.5816
vn -0.2066 0.2982 0.9319
vn -0.0171 0.8393 0.5434
vn -0.0081 0.0946 -0.9955
vn 0.0770 0.5541 -0.8289
vn -0.4547 0.3921 -0.7997
vn -0.3604 0.0767 -0.9296
vn 0.1116 0.8896 -0.4429
vn -0.4763 0.7269 -0.4947
vn -0.9416 0.2642 -0.2088
vn -0.8921 0.0741 -0.4458
vn -0.7668 -0.0653 -0.6386
vn 0.0015 0.8653 0.5013
vn -0.5389 -0.4856 0.6883
vn -0.6838 -0.3822 0.6216
vn -0.6304 0.3107 0.7113
vn -0.7895 -0.2742 0.5491
vn -0.0437 -0.0588 -0.9973
vn -0.3034 -0.0189 -0.9527
vn -0.1704 -0.5214 -0.8361
vn -0.2635 -0.4982 -0.8261
vn -0.6270 -0.1304 -0.7680
vn -0.4484 -0.5079 -0.7355
vn -0.2551 0.0526 0.9655
vn -0.3052 -0.5732 0.7604
vn -0.7576 0.6526 -0.0102
vn -0.7329 0.5943 -0.3313
vn -0.9996 0.0291 0.0054
vn -0.3760 0.5706 -0.7301
vn -0.7634 0.6455 0.0248
vn -0.7576 0.6524 0.0235
vn -0.9992 0.0270 0.0308
vn -0.9992 0.0258 0.0293
vn -0.7064 0.3968 0.5861
vn -0.8763 -0.1781 0.4476
vn -0.7574 0.4613 0.4620
vn -0.9293 -0.1378 0.3428
vn -0.7856 0.4978 0.3676
vn -0.9525 -0.1427 0.2690
vn -0.9576 -0.1658 0.2358
vn -0.7949 0.5116 0.3263
vn -0.8020 0.5344 0.2669
vn -0.9685 -0.1344 0.2096
vn -0.8072 0.5720 0.1458
vn -0.9871 -0.0839 0.1365
vn -0.7926 0.6067 0.0612
vn -0.9971 -0.0263 0.0714
vn -0.5678 0.3850 -0.7276
vn -0.0892 -0.0957 -0.9914
vn -0.4550 -0.5632 -0.6898
vn -0.0655 -0.1034 -0.9925
vn -0.3818 -0.6025 -0.7009
vn -0.0467 -0.0947 -0.9944
vn -0.3030 -0.5998 -0.7406
vn -0.6038 0.7968 0.0249
vn -0.7748 0.6314 0.0321
vn 0.1410 0.9899 -0.0121
vn 0.1151 0.9933 -0.0075
vn -0.0001 -1.0000 0.0005
vn -0.0044 -1.0000 0.0006
vn -0.0008 -1.0000 0.0014
vn -0.0049 -1.0000 0.0020
vn -0.1116 -0.9937 0.0079
vn -0.1393 -0.9902 0.0123
vn -0.1801 -0.9836 0.0123
vn -0.0780 -0.9969 0.0086
vn -0.0918 -0.9958 0.0054
vn -0.2055 -0.9786 0.0091
vn -0.0042 -1.0000 0.0041
vn -0.0114 -0.9999 0.0079
vn -0.0157 -0.9998 0.0140
vn -0.0384 -0.9989 0.0269
vn 0.0314 0.0964 -0.9948
vn -0.0286 -0.0819 -0.9962
vn -0.9991 0.0157 0.0400
vn -0.8116 -0.5833 0.0312
vn 0.0583 0.9983 -0.0009
vn 0.6685 0.7433 -0.0251
vn 0.7286 0.6844 -0.0285
vn 0.7319 0.6808 -0.0282
vn 0.6995 0.7141 -0.0267
vn 0.7221 0.6912 -0.0283
vn 0.6358 0.7715 -0.0225
vn 0.5437 0.8391 -0.0162
vn 0.4389 0.8985 -0.0106
vn 0.3328 0.9430 -0.0079
vn 0.2193 0.9756 -0.0058
vn 0.2050 0.9788 0.0003
vn 0.3130 0.9497 0.0036
vn -0.7473 -0.6639 0.0288
vn -0.7283 -0.6847 0.0283
vn -0.7191 -0.6944 0.0276
vn -0.6903 -0.7231 0.0248
vn -0.6170 -0.7867 0.0183
vn -0.5299 -0.8480 0.0119
vn -0.4362 -0.8998 0.0106
vn -0.3257 -0.9454 0.0115
vn -0.2988 -0.9542 0.0154
vn -0.5883 0.7599 -0.2763
vn -0.9398 0.3379 -0.0509
vn 0.0934 0.9629 -0.2533
vn 0.1082 0.9874 -0.1154
vn -0.4725 0.8725 -0.1241
vn -0.8769 0.4793 -0.0357
vn -0.9171 0.3921 -0.0719
vn -0.9542 0.2938 0.0572
vn 0.0704 0.9972 0.0262
vn 0.1688 0.9852 0.0292
vn 0.0917 0.9958 -0.0025
vn 0.1003 0.9949 -0.0041
vn -0.9123 0.3846 0.1407
vn -0.9372 0.3149 0.1500
vn -0.9491 0.2591 0.1794
vn -0.2472 0.8268 0.5053
vn -0.1994 0.8467 0.4933
vn -0.3304 0.8141 0.4775
vn -0.3720 0.7928 0.4828
vn -0.1264 -0.9903 0.0577
vn -0.0558 -0.9976 0.0406
vn -0.0674 -0.9974 0.0239
vn -0.1550 -0.9874 0.0320
vn -0.0534 -0.9968 -0.0587
vn -0.0424 -0.9991 -0.0060
vn -0.0921 -0.9753 -0.2007
vn -0.0411 -0.9992 0.0003
vn -0.0405 -0.9992 0.0018
vn -0.0826 -0.9957 0.0416
vn -0.0443 -0.9990 0.0105
vn -0.2099 -0.9750 0.0723
vn -0.1519 -0.9855 0.0750
vn -0.0842 -0.9950 0.0537
vn -0.2593 -0.9650 0.0398
vn -0.3398 -0.9396 0.0405
vn -0.0370 -0.9987 0.0341
vn 0.1220 0.9921 -0.0308
vn -0.4139 0.9103 0.0023
vn 0.1273 0.9916 0.0236
vn -0.3598 0.9275 0.1013
vn -0.8188 0.5712 0.0570
vn 0.2592 0.9653 0.0303
vn 0.3060 0.9517 0.0243
vn -0.7987 -0.3945 -0.4544
vn -0.6625 -0.5056 -0.5527
vn -0.7004 -0.3641 -0.6139
vn -0.8541 -0.2691 -0.4450
vn -0.2148 -0.5691 -0.7937
vn -0.3634 -0.8983 -0.2468
vn 0.1861 0.5960 -0.7811
vn 0.2990 0.9074 -0.2954
vn 0.3234 0.9427 -0.0827
vn 0.3133 0.9364 -0.1584
vn 0.3171 0.9482 0.0175
vn 0.1324 0.9895 0.0572
vn 0.3228 0.9465 0.0050
vn 0.3260 0.9450 -0.0269
vn -0.3824 -0.9232 -0.0380
vn -0.3858 -0.9226 -0.0002
vn -0.3774 -0.9254 0.0335
vn -0.3878 -0.9215 0.0218
vn -0.3872 -0.9219 0.0100
vn -0.4628 0.7612 0.4542
vn -0.4391 0.7759 0.4530
vn -0.2990 0.9375 0.1778
vn -0.8721 0.4593 0.1685
vn -0.8336 0.4895 0.2557
vn -0.0944 -0.9715 -0.2173
vn -0.0453 -0.9904 -0.1305
vn -0.1534 -0.9311 -0.3310
vn -0.0789 -0.9641 -0.2536
vn -0.2932 -0.8087 -0.5099
vn -0.1676 -0.9209 -0.3518
vn -0.3496 -0.7592 -0.5490
vn -0.2386 -0.8664 -0.4387
vn -0.9716 0.1939 0.1356
vn -0.9824 0.1664 0.0854
vn -0.9939 -0.0196 -0.1087
vn -0.9972 0.0477 -0.0573
vn -0.9517 -0.1414 -0.2725
vn -0.9203 -0.2326 -0.3146
vn 0.5865 0.8014 0.1177
vn 0.1970 -0.8276 -0.5256
vn 0.1921 -0.8119 -0.5512
vn 0.3247 -0.7891 -0.5214
vn 0.1945 -0.7254 -0.6603
vn 0.9001 0.4335 -0.0448
vn -0.3320 0.9250 0.1850
vn -0.2446 0.9544 0.1713
vn -0.3295 0.9298 0.1640
vn -0.4221 0.8940 0.1502
vn -0.1079 0.9137 0.3918
vn -0.0968 0.9801 0.1735
vn -0.3629 0.8596 0.3597
vn -0.1078 0.9775 0.1812
vn -0.7864 0.6138 0.0702
vn -0.7157 0.6932 0.0849
vn -0.4973 -0.5791 -0.6460
vn -0.4911 -0.6293 -0.6024
vn 0.3980 -0.7590 -0.5153
vn -0.0324 -0.8309 -0.5555
vn -0.0483 -0.7429 -0.6677
vn 0.0681 -0.8474 -0.5266
vn -0.5711 0.8102 0.1322
vn -0.5709 0.8123 0.1199
vn -0.6096 0.7368 0.2925
vn 0.9443 0.2921 0.1514
vn 0.9119 0.3489 0.2161
vn -0.0922 -0.8450 -0.5267
vn 0.7252 -0.4882 -0.4854
vn 0.6059 -0.5915 -0.5320
vn -0.7203 0.6618 0.2076
vn -0.7968 0.5792 0.1720
vn 0.9477 0.3192 0.0070
vn 0.9071 0.4149 0.0712
vn 0.8701 0.4807 0.1089
vn -0.0027 0.9337 0.3579
vn -0.1435 0.9243 0.3536
vn -0.2623 0.9024 0.3417
vn -0.4915 0.8205 0.2919
vn -0.6130 0.7489 0.2518
vn 0.1870 -0.8668 -0.4623
vn 0.2805 -0.8179 -0.5024
vn 0.3791 -0.7552 -0.5347
vn 0.8177 0.5572 0.1445
vn 0.7312 0.6554 0.1893
vn 0.8541 -0.3292 -0.4027
vn 0.9552 -0.1057 -0.2765
vn -0.0048 -0.9072 -0.4206
vn 0.0909 -0.8975 -0.4316
vn -0.0067 -0.8559 -0.5171
vn 0.4891 -0.6792 -0.5473
vn -0.6355 -0.5719 -0.5187
vn -0.7690 -0.4379 -0.4657
vn -0.3845 -0.7558 -0.5300
vn -0.2848 -0.8178 -0.5001
vn -0.1928 -0.8659 -0.4616
vn 0.9836 0.1318 -0.1230
vn -0.9715 -0.0481 -0.2319
vn -0.8901 -0.2638 -0.3717
vn -0.5011 -0.6767 -0.5394
vn 0.2656 0.9038 0.3356
vn 0.1375 0.9261 0.3512
vn -0.9819 0.1723 -0.0787
vn 0.6120 0.7527 0.2427
vn 0.6745 0.6482 0.3534
vn 0.4876 0.8244 0.2874
vn -0.3730 0.8701 0.3221
vn 0.3771 0.8711 0.3146
vn -0.1009 -0.8964 -0.4316
vn 0.7142 0.6251 0.3149
vn -0.8083 -0.3057 -0.5031
vn -0.5862 -0.4181 -0.6940
vn -0.5745 -0.4221 -0.7013
vn -0.7957 -0.2907 -0.5313
vn -0.3076 -0.4887 -0.8164
vn -0.3032 -0.5057 -0.8077
vn -0.0000 -0.5127 -0.8585
vn -0.0069 -0.5355 -0.8445
vn 0.3076 -0.4887 -0.8164
vn 0.2902 -0.5096 -0.8100
vn 0.5862 -0.4181 -0.6940
vn 0.5625 -0.4300 -0.7062
vn 0.8083 -0.3057 -0.5031
vn 0.7864 -0.3018 -0.5390
vn 0.9512 -0.1611 -0.2630
vn 0.9396 -0.1352 -0.3144
vn 1.0000 0.0016 0.0020
vn 0.9976 0.0469 -0.0501
vn 0.9498 0.1658 0.2652
vn 0.9521 0.2177 0.2146
vn 0.8065 0.3144 0.5008
vn 0.8142 0.3671 0.4498
vn 0.5848 0.4323 0.6864
vn 0.5964 0.4869 0.6382
vn 0.3070 0.5079 0.8049
vn 0.3219 0.5643 0.7602
vn -0.0000 0.5339 0.8455
vn 0.0175 0.5936 0.8046
vn -0.3070 0.5079 0.8049
vn -0.2889 0.5723 0.7675
vn -0.5848 0.4323 0.6864
vn -0.5672 0.5020 0.6529
vn -0.8065 0.3144 0.5008
vn -0.7918 0.3879 0.4718
vn -0.9498 0.1658 0.2652
vn -0.9395 0.2413 0.2430
vn -1.0000 0.0016 0.0020
vn -0.9974 0.0681 -0.0239
vn -0.9465 -0.1200 -0.2996
vn -0.9512 -0.1611 -0.2630
vn -0.9840 0.1773 -0.0193
vn -0.9438 -0.0944 -0.3168
vn -0.7780 -0.3213 -0.5399
vn -0.5568 -0.4785 -0.6789
vn -0.3017 -0.5743 -0.7610
vn -0.0334 -0.6107 -0.7912
vn 0.2373 -0.5886 -0.7728
vn 0.4969 -0.5076 -0.7039
vn 0.7294 -0.3650 -0.5786
vn 0.9097 -0.1612 -0.3828
vn 0.9892 0.0723 -0.1279
vn 0.9528 0.2787 0.1203
vn 0.8290 0.4521 0.3292
vn 0.6281 0.5976 0.4983
vn 0.3758 0.6969 0.6108
vn 0.0965 0.7451 0.6599
vn -0.1910 0.7402 0.6447
vn -0.4619 0.6823 0.5667
vn -0.6987 0.5714 0.4305
vn -0.8816 0.4048 0.2425
vn -0.9543 -0.2648 -0.1387
vn -0.8137 -0.5144 -0.2706
vn -0.8201 -0.3964 -0.4126
vn -0.9571 -0.2015 -0.2082
vn -0.5920 -0.7130 -0.3758
vn -0.6001 -0.5520 -0.5790
vn -0.3114 -0.8405 -0.4434
vn -0.3171 -0.6524 -0.6884
vn -0.0000 -0.8844 -0.4667
vn -0.0000 -0.6871 -0.7266
vn 0.3114 -0.8405 -0.4434
vn 0.3171 -0.6524 -0.6884
vn 0.5920 -0.7130 -0.3758
vn 0.6001 -0.5520 -0.5790
vn 0.8137 -0.5144 -0.2706
vn 0.8201 -0.3964 -0.4126
vn 0.9543 -0.2648 -0.1387
vn 0.9571 -0.2015 -0.2082
vn 0.9999 0.0105 0.0063
vn 0.9998 0.0136 0.0135
vn 0.9471 0.2840 0.1496
vn 0.9458 0.2277 0.2314
vn 0.8023 0.5288 0.2771
vn 0.8013 0.4202 0.4258
vn 0.5808 0.7215 0.3769
vn 0.5806 0.5726 0.5788
vn 0.3046 0.8446 0.4403
vn 0.3048 0.6702 0.6767
vn -0.0000 0.8869 0.4620
vn -0.0000 0.7038 0.7104
vn -0.3046 0.8446 0.4403
vn -0.3048 0.6702 0.6767
vn -0.5808 0.7215 0.3769
vn -0.5806 0.5726 0.5788
vn -0.8023 0.5288 0.2771
vn -0.8013 0.4202 0.4258
vn -0.9471 0.2840 0.1496
vn -0.9458 0.2277 0.2314
vn -0.9999 0.0105 0.0063
vn -0.9998 0.0136 0.0135
vn 0.7956 -0.6052 0.0259
vn 0.5795 -0.8138 -0.0447
vn 0.5446 -0.8159 0.1942
vn 0.7459 -0.6162 0.2527
vn -0.9321 -0.3436 0.1141
vn -0.9759 -0.0556 0.2108
vn -0.9087 -0.0951 0.4064
vn -0.8711 -0.3672 0.3260
vn -0.2966 0.8133 0.5006
vn -0.0000 0.8571 0.5151
vn -0.0000 0.7528 0.6583
vn -0.2730 0.7126 0.6463
vn 0.9321 -0.3436 0.1141
vn 0.8711 -0.3672 0.3260
vn -0.7956 -0.6052 0.0259
vn -0.7459 -0.6162 0.2527
vn -0.5658 0.6855 0.4582
vn -0.5217 0.5951 0.6113
vn 0.9759 -0.0556 0.2108
vn 0.9087 -0.0951 0.4064
vn -0.5795 -0.8138 -0.0447
vn -0.5446 -0.8159 0.1942
vn -0.7820 0.4850 0.3915
vn -0.7230 0.4098 0.5562
vn 0.9237 0.2299 0.3064
vn 0.8569 0.1726 0.4858
vn -0.3051 -0.9480 -0.0902
vn -0.2871 -0.9450 0.1564
vn -0.9237 0.2299 0.3064
vn -0.8569 0.1726 0.4858
vn 0.7820 0.4850 0.3915
vn 0.7230 0.4098 0.5562
vn -0.0000 -0.9944 -0.1060
vn -0.0000 -0.9897 0.1434
vn 0.5658 0.6855 0.4582
vn 0.5217 0.5951 0.6113
vn 0.3051 -0.9480 -0.0902
vn 0.2871 -0.9450 0.1564
vn 0.2966 0.8133 0.5006
vn 0.2730 0.7126 0.6463
vn 0.8561 -0.4300 0.2868
vn 0.8450 -0.4319 0.3153
vn 0.7605 -0.5860 0.2797
vn 0.7704 -0.5861 0.2508
vn 0.6468 -0.7210 0.2486
vn 0.6552 -0.7229 0.2193
vn 0.6929 -0.7200 0.0387
vn 0.8148 -0.5753 0.0720
vn 0.8144 -0.5755 0.0740
vn 0.6926 -0.7202 0.0407
vn 0.5442 -0.8389 0.0133
vn 0.5444 -0.8387 0.0113
vn 0.9049 -0.4105 0.1121
vn 0.9053 -0.4102 0.1101
vn 0.9611 -0.2311 0.1514
vn 0.9607 -0.2314 0.1533
vn 0.9053 0.3206 0.2786
vn 0.8148 0.4857 0.3166
vn 0.8144 0.4850 0.3185
vn 0.9049 0.3200 0.2804
vn 0.9799 -0.0448 0.1943
vn 0.9786 -0.0449 0.2006
vn 0.6926 0.6297 0.3518
vn 0.6929 0.6304 0.3500
vn 0.5444 0.7492 0.3773
vn 0.5442 0.7484 0.3792
vn 0.3748 0.8366 0.3995
vn 0.3750 0.8374 0.3977
vn 0.1912 0.8917 0.4102
vn 0.1911 0.8909 0.4120
vn -0.0000 -0.9997 -0.0258
vn 0.1912 -0.9813 -0.0216
vn 0.1911 -0.9814 -0.0196
vn -0.0000 -0.9997 -0.0238
vn -0.0000 0.9101 0.4144
vn -0.0000 0.9092 0.4163
vn 0.8653 0.4280 -0.2610
vn 0.8146 0.4348 -0.3839
vn 0.7332 0.5833 -0.3496
vn 0.7787 0.5858 -0.2246
vn 0.5098 0.3931 -0.7653
vn 0.4587 0.4860 -0.7439
vn 0.3901 0.5675 -0.7251
vn 0.6235 0.7135 -0.3196
vn 0.6623 0.7241 -0.1927
vn 0.3584 -0.7645 -0.5359
vn 0.3374 -0.6879 -0.6426
vn 0.4899 -0.6085 -0.6243
vn 0.5203 -0.6801 -0.5164
vn 0.2111 -0.3094 -0.9272
vn 0.3065 -0.2596 -0.9158
vn 0.3902 -0.1929 -0.9003
vn 0.6235 -0.5016 -0.5997
vn 0.6623 -0.5666 -0.4902
vn -0.9188 0.3943 -0.0162
vn -0.9222 0.3858 0.0269
vn -0.9790 0.2033 -0.0151
vn -0.9754 0.2125 -0.0581
vn 0.5553 -0.8025 -0.2184
vn 0.7067 -0.6814 -0.1905
vn 0.7058 -0.6742 -0.2174
vn 0.5546 -0.7952 -0.2453
vn -0.0000 -0.9666 -0.2562
vn 0.1950 -0.9479 -0.2519
vn 0.1947 -0.9404 -0.2788
vn -0.0000 -0.9591 -0.2831
vn 0.1940 -0.9271 -0.3208
vn -0.0000 -0.9457 -0.3251
vn -0.0000 0.9930 0.1185
vn 0.1940 0.9743 0.1142
vn 0.1933 0.9774 0.0857
vn -0.0000 0.9959 0.0899
vn 0.5525 0.8292 0.0840
vn 0.3806 0.9188 0.1047
vn 0.3791 0.9225 0.0730
vn 0.5504 0.8333 0.0524
vn 0.1940 0.9739 0.1174
vn -0.0000 0.9852 0.1712
vn 0.1948 0.9665 0.1669
vn 0.1949 0.9436 0.2676
vn 0.1951 0.9589 0.2060
vn -0.0000 0.9776 0.2103
vn -0.0000 0.9623 0.2719
vn 0.9238 0.3762 0.0716
vn 0.8314 0.5446 0.1105
vn 0.8305 0.5298 0.1722
vn 0.9228 0.3615 0.1334
vn 0.8653 -0.2705 -0.4220
vn 0.8146 -0.2229 -0.5354
vn 0.8648 -0.0617 -0.4983
vn 0.9186 -0.0993 -0.3825
vn 0.5097 -0.0184 -0.8601
vn 0.5410 0.0825 -0.8370
vn 0.5517 0.1873 -0.8127
vn 0.8818 0.1060 -0.4596
vn 0.9366 0.0787 -0.3415
vn 0.9185 0.3949 -0.0194
vn 0.9751 0.2132 -0.0613
vn 0.9717 0.2189 -0.0892
vn 0.9153 0.4000 -0.0474
vn -0.0000 0.9926 0.1217
vn 0.9945 0.0234 -0.1017
vn 0.9754 0.2125 -0.0581
vn 0.9907 0.0306 -0.1326
vn 0.9225 0.3846 0.0328
vn 0.9793 0.2021 -0.0093
vn 0.7332 -0.3714 -0.5697
vn 0.7788 -0.4283 -0.4583
vn 0.4587 -0.1113 -0.8816
vn 0.7070 0.6923 0.1445
vn 0.7063 0.6773 0.2062
vn -0.0000 -0.9710 -0.2389
vn 0.1951 -0.9523 -0.2346
vn 0.1949 -0.9655 -0.1725
vn -0.0000 -0.9842 -0.1768
vn 0.3826 -0.8969 -0.2218
vn 0.3822 -0.9102 -0.1597
vn 0.5555 0.8134 0.1724
vn 0.5549 0.7983 0.2341
vn 0.3826 0.9035 0.1932
vn 0.3822 0.8882 0.2548
vn 0.9999 0.0033 -0.0143
vn 0.9807 0.1934 0.0295
vn 0.9796 0.1789 0.0913
vn 0.9988 -0.0110 0.0475
vn 0.8648 0.2736 -0.4210
vn 0.9186 0.2568 -0.3004
vn 0.5410 0.2922 -0.7886
vn 0.9238 -0.3696 -0.1003
vn 0.9807 -0.1868 -0.0581
vn 0.9796 -0.2008 0.0038
vn 0.9228 -0.3834 -0.0383
vn 0.7070 -0.6857 -0.1731
vn 0.8314 -0.5380 -0.1391
vn 0.8305 -0.5517 -0.0771
vn 0.7063 -0.6992 -0.1111
vn 0.5555 -0.8068 -0.2011
vn 0.5549 -0.8202 -0.1390
vn 0.9228 0.3616 0.1331
vn 0.9383 0.3051 -0.1625
vn 0.9043 0.4263 -0.0236
vn 0.8305 0.5299 0.1718
vn 0.9259 0.3452 0.1535
vn 0.6804 0.6940 0.2354
vn 0.7021 0.6788 0.2151
vn 0.7063 0.6774 0.2058
vn 0.4899 0.8204 -0.2949
vn 0.5203 0.8376 -0.1665
vn 0.3065 0.6343 -0.7097
vn 0.2111 0.6841 -0.6982
vn 0.3374 0.8998 -0.2766
vn 0.3584 0.9219 -0.1471
vn 0.5546 0.8223 0.1276
vn 0.7032 0.7087 0.0563
vn 0.7058 0.7014 0.0997
vn 0.8269 0.5619 0.0224
vn 0.8300 0.5540 0.0657
vn 0.9222 0.3858 0.0269
vn 0.9790 0.2033 -0.0151
vn 0.9803 0.1973 0.0121
vn 0.9234 0.3800 0.0542
vn 0.7067 0.6960 0.1270
vn 0.5553 0.8171 0.1549
vn 0.9188 0.3943 -0.0162
vn 0.9754 -0.1656 -0.1453
vn 0.9790 -0.1762 -0.1026
vn 0.9982 0.0136 -0.0589
vn 0.3825 0.9071 0.1757
vn 0.3820 0.9122 0.1483
vn 0.8310 0.5484 0.0930
vn 0.9188 -0.3474 -0.1872
vn 0.9222 -0.3587 -0.1447
vn 0.8269 -0.5150 -0.2258
vn 0.8300 -0.5268 -0.1834
vn 0.9234 -0.3654 -0.1176
vn 0.9803 -0.1827 -0.0755
vn 0.7032 -0.6618 -0.2597
vn 0.5525 -0.7824 -0.2875
vn 0.9995 0.0073 -0.0317
vn 0.8310 -0.5338 -0.1564
vn 0.3806 -0.8719 -0.3081
vn 0.3820 -0.8851 -0.2660
vn 0.3825 -0.8925 -0.2391
vn 0.5545 0.7951 0.2456
vn 0.5549 0.7984 0.2337
vn 0.5541 0.7916 0.2575
vn 0.3817 0.8814 0.2782
vn 0.3820 0.8850 0.2663
vn 0.3822 0.8883 0.2545
vn 0.3805 -0.8709 -0.3112
vn 0.1940 -0.9260 -0.3239
vn 0.1933 -0.9163 -0.3509
vn 0.3791 -0.8613 -0.3382
vn -0.9942 0.0242 -0.1049
vn -0.9751 0.2132 -0.0613
vn -0.9717 0.2189 -0.0892
vn -0.9907 0.0306 -0.1326
vn -0.0000 -0.9348 -0.3551
vn 0.3821 -0.8867 -0.2603
vn 0.1948 -0.9421 -0.2731
vn 0.7030 -0.6609 -0.2628
vn 0.5523 -0.7813 -0.2905
vn 0.5504 -0.7721 -0.3176
vn 0.7005 -0.6521 -0.2900
vn 0.7061 -0.6758 -0.2117
vn 0.5547 -0.7968 -0.2396
vn 0.9185 -0.3466 -0.1903
vn 0.8266 -0.5141 -0.2289
vn 0.8237 -0.5058 -0.2562
vn 0.9153 -0.3389 -0.2178
vn 0.9225 -0.3601 -0.1389
vn 0.8302 -0.5283 -0.1777
vn 0.1947 0.9675 0.1610
vn -0.1950 -0.9479 -0.2519
vn -0.1947 -0.9404 -0.2788
vn -0.3820 -0.8851 -0.2660
vn -0.3825 -0.8925 -0.2391
vn 0.1950 0.9625 0.1885
vn 0.7030 0.7092 0.0531
vn 0.8266 0.5624 0.0192
vn 0.8237 0.5669 -0.0090
vn 0.7005 0.7132 0.0247
vn 0.9717 -0.1578 -0.1760
vn 0.7061 0.7002 0.1055
vn 0.8302 0.5528 0.0715
vn -0.0000 -0.8339 -0.5519
vn -0.0000 -0.7533 -0.6577
vn 0.1720 -0.7368 -0.6539
vn 0.1827 -0.8164 -0.5478
vn -0.0000 -0.3503 -0.9366
vn 0.1076 -0.3399 -0.9343
vn 0.1720 0.9487 -0.2654
vn 0.1827 0.9738 -0.1351
vn 0.1076 0.7146 -0.6912
vn -0.0000 0.7250 -0.6887
vn -0.0000 0.9652 -0.2615
vn -0.0000 0.9914 -0.1311
vn 0.3805 0.9192 0.1015
vn 0.5523 0.8297 0.0808
vn 0.3821 0.9112 0.1541
vn 0.5547 0.8213 0.1334
vn 0.9942 0.0242 -0.1049
vn 0.9751 -0.1648 -0.1484
vn 0.9985 0.0122 -0.0531
vn 0.9793 -0.1776 -0.0968
vn 0.0011 0.2246 -0.9744
vn 0.0010 0.2248 -0.9744
vn 0.0975 0.2424 -0.9653
vn 0.0993 0.2235 -0.9696
vn 0.0010 0.2250 -0.9744
vn 0.0919 0.2606 -0.9611
vn 0.0009 0.2252 -0.9743
vn 0.0826 0.2773 -0.9572
vn 0.0007 0.2254 -0.9743
vn 0.0703 0.2920 -0.9538
vn 0.0006 0.2255 -0.9742
vn 0.0552 0.3040 -0.9511
vn 0.0004 0.2256 -0.9742
vn 0.0380 0.3130 -0.9490
vn 0.0002 0.2256 -0.9742
vn 0.0194 0.3184 -0.9477
vn -0.0000 0.2257 -0.9742
vn -0.0000 0.3203 -0.9473
vn -0.0000 0.2236 -0.9747
vn 0.0002 0.2236 -0.9747
vn 0.0194 0.1286 -0.9915
vn -0.0000 0.1267 -0.9919
vn 0.0004 0.2237 -0.9747
vn 0.0380 0.1341 -0.9902
vn 0.0006 0.2238 -0.9746
vn 0.0552 0.1430 -0.9882
vn 0.0007 0.2239 -0.9746
vn 0.0703 0.1550 -0.9854
vn 0.0009 0.2241 -0.9746
vn 0.0826 0.1697 -0.9820
vn 0.0010 0.2242 -0.9745
vn 0.0918 0.1865 -0.9782
vn 0.0010 0.2244 -0.9745
vn 0.0974 0.2046 -0.9740
vn 0.9266 -0.0845 0.3665
vn 0.9147 -0.0908 0.3939
vn 0.8971 -0.2647 0.3538
vn 0.9088 -0.2606 0.3259
vn 0.6552 0.5540 0.5137
vn 0.6468 0.5394 0.5392
vn 0.7605 0.4044 0.5080
vn 0.7704 0.4172 0.4821
vn 0.8450 0.2503 0.4725
vn 0.8561 0.2610 0.4461
vn 0.3546 0.7497 0.5588
vn 0.3500 0.7326 0.5837
vn 0.5082 0.6503 0.5647
vn 0.5148 0.6663 0.5395
vn -0.0000 0.8184 0.5746
vn -0.0000 0.8005 0.5994
vn 0.1784 0.7834 0.5954
vn 0.1808 0.8011 0.5706
vn 0.3546 -0.9187 0.1742
vn 0.3500 -0.9142 0.2041
vn 0.1784 -0.9650 0.1924
vn 0.1808 -0.9700 0.1623
vn -0.0000 -0.9821 0.1885
vn -0.0000 -0.9874 0.1583
vn 0.5082 -0.8319 0.2231
vn 0.5148 -0.8352 0.1934
vn -0.0000 -0.9446 -0.3282
vn -0.0000 -0.9608 -0.2774
vn -0.0000 0.9862 0.1653
vn 0.3817 -0.9143 -0.1358
vn 0.3803 -0.9196 -0.0986
vn 0.5522 -0.8301 -0.0780
vn 0.5541 -0.8245 -0.1151
vn 0.3748 -0.9271 -0.0070
vn 0.7028 -0.7096 -0.0502
vn 0.7052 -0.7036 -0.0872
vn 0.8264 -0.5629 -0.0164
vn 0.8292 -0.5563 -0.0533
vn 0.9182 -0.3954 0.0222
vn 0.9214 -0.3883 -0.0145
vn 0.9654 -0.1043 0.2390
vn 0.9957 0.0292 0.0884
vn 0.9148 -0.0173 0.4036
vn 0.8769 0.1822 0.4447
vn 0.8663 0.3420 0.3641
vn 0.6990 0.6623 0.2696
vn 0.5522 0.7805 0.2933
vn 0.3803 0.8699 0.3139
vn 0.1939 0.9251 0.3266
vn 0.1946 0.9368 0.2909
vn -0.0000 0.9437 0.3309
vn -0.0000 0.9554 0.2952
vn 0.9016 0.0864 0.4238
vn 0.9604 0.1372 0.2423
vn 0.9505 0.0698 -0.3029
vn 0.9322 0.2505 -0.2612
vn 0.9784 0.2053 -0.0241
vn 0.9976 0.0156 -0.0678
vn 0.8781 0.4243 -0.2212
vn 0.9216 0.3876 0.0180
vn 0.9611 0.1415 0.2373
vn 0.3637 0.9255 -0.1056
vn 0.1854 0.9782 -0.0935
vn 0.1946 0.9690 0.1520
vn 0.3818 0.9137 0.1393
vn -0.0000 0.9960 -0.0894
vn -0.0000 0.9877 0.1563
vn 0.6721 0.7247 -0.1519
vn 0.5281 0.8399 -0.1254
vn 0.5542 0.8239 0.1185
vn 0.7054 0.7030 0.0907
vn 0.7903 0.5844 -0.1843
vn 0.8295 0.5557 0.0567
vn 0.8781 -0.2846 -0.3846
vn 0.9322 -0.1109 -0.3445
vn 0.9784 -0.1740 -0.1115
vn 0.9216 -0.3564 -0.1535
vn 0.6721 -0.5851 -0.4539
vn 0.7903 -0.4447 -0.4215
vn 0.8295 -0.5244 -0.1923
vn 0.7054 -0.6717 -0.2262
vn 0.3637 -0.7859 -0.5001
vn 0.5281 -0.7003 -0.4804
vn 0.5542 -0.7926 -0.2541
vn 0.3818 -0.8825 -0.2748
vn 0.3750 -0.9270 -0.0090
vn -0.0000 -0.8564 -0.5164
vn 0.1854 -0.8386 -0.5123
vn 0.1946 -0.9378 -0.2875
vn -0.0000 -0.9565 -0.2919
vn -0.5442 -0.8389 0.0133
vn -0.5444 -0.8387 0.0113
vn -0.3750 -0.9270 -0.0090
vn -0.3748 -0.9271 -0.0070
vn 0.8971 0.0831 0.4340
vn 0.9088 0.0917 0.4071
vn 0.9007 0.3135 0.3008
vn 0.9561 0.1353 0.2598
vn 0.9749 -0.0500 0.2170
vn 0.6893 -0.7218 0.0622
vn 0.5416 -0.8399 0.0350
vn 0.3731 -0.9277 0.0147
vn 0.1902 -0.9817 0.0023
vn -0.0000 -1.0000 -0.0019
vn -0.0000 0.8999 0.4360
vn 0.1902 0.8817 0.4318
vn 0.3731 0.8276 0.4194
vn 0.5416 0.7398 0.3991
vn 0.6893 0.6217 0.3719
vn 0.8106 0.4777 0.3387
vn 0.9561 -0.2354 0.1743
vn 0.9007 -0.4136 0.1332
vn 0.8106 -0.5778 0.0954
vn -0.0000 -0.9842 -0.1772
vn -0.0000 -0.9863 -0.1651
vn 0.1947 -0.9676 -0.1608
vn 0.1949 -0.9655 -0.1729
vn -0.0000 -0.9883 -0.1528
vn 0.1946 -0.9696 -0.1485
vn 0.3820 -0.9122 -0.1480
vn 0.3822 -0.9101 -0.1601
vn 0.5545 -0.8224 -0.1273
vn 0.5549 -0.8201 -0.1394
vn 0.7058 -0.7014 -0.0994
vn 0.7063 -0.6991 -0.1115
vn 0.8299 -0.5540 -0.0654
vn 0.8305 -0.5516 -0.0775
vn 0.9222 -0.3859 -0.0266
vn 0.9228 -0.3833 -0.0387
vn 0.9950 -0.0143 -0.0989
vn 0.9796 -0.2008 0.0034
vn 0.9640 0.1737 -0.2013
vn 0.9988 -0.0109 0.0472
vn 0.1947 0.9403 0.2791
vn 0.1949 0.9437 0.2672
vn -0.0000 0.9590 0.2834
vn -0.0000 0.9624 0.2716
vn 0.9621 0.2377 -0.1336
vn 0.9796 0.1790 0.0910
vn 0.1950 -0.9620 -0.1912
vn -0.0000 -0.9807 -0.1955
vn 0.3825 -0.9066 -0.1784
vn 0.1951 -0.9557 -0.2204
vn -0.0000 -0.9744 -0.2247
vn 0.3827 -0.9003 -0.2076
vn 0.7068 -0.6954 -0.1298
vn 0.7071 -0.6890 -0.1589
vn 0.5556 -0.8102 -0.1868
vn 0.5553 -0.8165 -0.1577
vn 0.9235 -0.3794 -0.0569
vn 0.9239 -0.3729 -0.0860
vn 0.8315 -0.5414 -0.1249
vn 0.8311 -0.5478 -0.0958
vn 0.9996 -0.0067 0.0290
vn 1.0000 -0.0000 -0.0001
vn 0.9808 -0.1901 -0.0439
vn 0.9804 -0.1967 -0.0148
vn 0.7068 0.6821 0.1878
vn 0.7071 0.6891 0.1588
vn 0.8315 0.5414 0.1247
vn 0.8311 0.5345 0.1537
vn 0.9235 0.3661 0.1149
vn 0.9239 0.3729 0.0859
vn 0.3825 0.8932 0.2364
vn 0.3827 0.9003 0.2074
vn 0.5556 0.8102 0.1867
vn 0.5553 0.8032 0.2157
vn 0.9808 0.1901 0.0437
vn 0.9804 0.1833 0.0728
vn -0.0000 0.9673 0.2535
vn -0.0000 0.9745 0.2245
vn 0.1951 0.9557 0.2202
vn 0.1950 0.9486 0.2492
vn -0.0000 0.9812 0.1928
vn -0.1950 -0.9620 -0.1912
vn -0.1951 -0.9557 -0.2204
vn -0.3827 -0.9003 -0.2076
vn -0.3825 -0.9066 -0.1784
vn -0.0000 -0.9933 -0.1156
vn 0.1939 -0.9747 -0.1113
vn 0.8644 0.1562 -0.4779
vn 0.9514 0.0229 -0.3071
vn 0.9892 -0.1448 0.0219
vn 0.7466 0.0908 0.6590
vn 0.8441 0.2587 0.4697
vn 0.8723 0.4592 0.1681
vn 0.9055 -0.1276 0.4048
vn 0.7684 -0.0747 0.6355
vn 0.7094 -0.0119 0.7047
vn 0.8779 0.4404 -0.1881
vn 0.8185 0.3981 -0.4142
vn 0.8189 0.2970 -0.4911
vn -0.0000 -0.7293 -0.6842
vn -0.0000 -0.9715 -0.2369
vn 0.6933 -0.7098 -0.1248
vn 0.6579 -0.4704 -0.5881
vn -0.0000 -0.9608 0.2772
vn 0.6241 -0.6735 0.3960
vn -0.0000 -0.6893 0.7245
vn 0.4869 -0.4313 0.7595
vn -0.0000 -0.2255 0.9742
vn 0.4183 -0.1092 0.9017
vn -0.0000 0.2951 0.9555
vn 0.4481 0.2447 0.8598
vn -0.0000 0.7293 0.6842
vn 0.5304 0.5843 0.6142
vn -0.0000 0.9715 0.2369
vn 0.5530 0.8000 0.2327
vn -0.0000 0.9608 -0.2772
vn 0.5485 0.8106 -0.2052
vn -0.0000 0.6893 -0.7245
vn 0.4980 0.6321 -0.5938
vn -0.0000 0.2255 -0.9742
vn 0.4977 0.3076 -0.8110
vn -0.0000 -0.2951 -0.9555
vn 0.5553 -0.0911 -0.8267
vn -0.0000 0.2246 -0.9744
vn -0.8561 -0.4300 0.2868
vn -0.7704 -0.5861 0.2508
vn -0.7605 -0.5860 0.2797
vn -0.8450 -0.4319 0.3153
vn -0.6468 -0.7210 0.2486
vn -0.6552 -0.7229 0.2193
vn -0.8144 -0.5755 0.0740
vn -0.8148 -0.5753 0.0720
vn -0.6929 -0.7200 0.0387
vn -0.6926 -0.7202 0.0407
vn -0.9607 -0.2314 0.1533
vn -0.9611 -0.2311 0.1514
vn -0.9053 -0.4102 0.1101
vn -0.9049 -0.4105 0.1121
vn -0.8144 0.4850 0.3185
vn -0.8148 0.4857 0.3166
vn -0.9053 0.3206 0.2786
vn -0.9049 0.3200 0.2804
vn -0.9786 -0.0449 0.2006
vn -0.9799 -0.0448 0.1943
vn -0.5442 0.7484 0.3792
vn -0.5444 0.7492 0.3773
vn -0.6929 0.6304 0.3500
vn -0.6926 0.6297 0.3518
vn -0.1911 0.8909 0.4120
vn -0.1912 0.8917 0.4102
vn -0.3750 0.8374 0.3977
vn -0.3748 0.8366 0.3995
vn -0.1911 -0.9814 -0.0196
vn -0.1912 -0.9813 -0.0216
vn -0.8653 0.4280 -0.2610
vn -0.7787 0.5858 -0.2246
vn -0.7332 0.5833 -0.3496
vn -0.8146 0.4348 -0.3839
vn -0.4587 0.4860 -0.7439
vn -0.5098 0.3931 -0.7653
vn -0.6235 0.7135 -0.3196
vn -0.3901 0.5675 -0.7251
vn -0.6623 0.7241 -0.1927
vn -0.3584 -0.7645 -0.5359
vn -0.5203 -0.6801 -0.5164
vn -0.4899 -0.6085 -0.6243
vn -0.3374 -0.6879 -0.6426
vn -0.3065 -0.2596 -0.9158
vn -0.2111 -0.3094 -0.9272
vn -0.6235 -0.5016 -0.5997
vn -0.3902 -0.1929 -0.9003
vn -0.6623 -0.5666 -0.4902
vn -0.5553 -0.8025 -0.2184
vn -0.5546 -0.7952 -0.2453
vn -0.7058 -0.6742 -0.2174
vn -0.7067 -0.6814 -0.1905
vn -0.1940 -0.9271 -0.3208
vn -0.1933 0.9774 0.0857
vn -0.1940 0.9743 0.1142
vn -0.5525 0.8292 0.0840
vn -0.5504 0.8333 0.0524
vn -0.3791 0.9225 0.0730
vn -0.3806 0.9188 0.1047
vn -0.1940 0.9739 0.1174
vn -0.1948 0.9665 0.1669
vn -0.1949 0.9436 0.2676
vn -0.1951 0.9589 0.2060
vn -0.9238 0.3762 0.0716
vn -0.9228 0.3615 0.1334
vn -0.8305 0.5298 0.1722
vn -0.8314 0.5446 0.1105
vn -0.8653 -0.2705 -0.4220
vn -0.9186 -0.0993 -0.3825
vn -0.8648 -0.0617 -0.4983
vn -0.8146 -0.2229 -0.5354
vn -0.5410 0.0825 -0.8370
vn -0.5097 -0.0184 -0.8601
vn -0.8818 0.1060 -0.4596
vn -0.5517 0.1874 -0.8127
vn -0.9366 0.0787 -0.3415
vn -0.9185 0.3949 -0.0194
vn -0.9153 0.4000 -0.0474
vn -0.9945 0.0234 -0.1017
vn -0.9793 0.2021 -0.0093
vn -0.9225 0.3846 0.0328
vn -0.7788 -0.4283 -0.4583
vn -0.7332 -0.3714 -0.5697
vn -0.4587 -0.1113 -0.8816
vn -0.7063 0.6773 0.2062
vn -0.7070 0.6923 0.1445
vn -0.1949 -0.9655 -0.1725
vn -0.1951 -0.9523 -0.2346
vn -0.3822 -0.9102 -0.1597
vn -0.3826 -0.8969 -0.2218
vn -0.5549 0.7983 0.2341
vn -0.5555 0.8134 0.1724
vn -0.3822 0.8882 0.2548
vn -0.3826 0.9035 0.1932
vn -0.9999 0.0033 -0.0143
vn -0.9988 -0.0110 0.0475
vn -0.9796 0.1789 0.0913
vn -0.9807 0.1934 0.0295
vn -0.9186 0.2568 -0.3004
vn -0.8648 0.2736 -0.4210
vn -0.5410 0.2922 -0.7886
vn -0.9238 -0.3696 -0.1003
vn -0.9228 -0.3834 -0.0383
vn -0.9796 -0.2008 0.0038
vn -0.9807 -0.1868 -0.0581
vn -0.7070 -0.6857 -0.1731
vn -0.7063 -0.6992 -0.1111
vn -0.8305 -0.5517 -0.0771
vn -0.8314 -0.5380 -0.1391
vn -0.5549 -0.8202 -0.1390
vn -0.5555 -0.8068 -0.2011
vn -0.9228 0.3616 0.1331
vn -0.8305 0.5299 0.1718
vn -0.9036 0.4277 -0.0238
vn -0.9380 0.3062 -0.1625
vn -0.7021 0.6788 0.2151
vn -0.6804 0.6940 0.2354
vn -0.9258 0.3455 0.1535
vn -0.7063 0.6774 0.2058
vn -0.5203 0.8376 -0.1665
vn -0.4899 0.8204 -0.2949
vn -0.3065 0.6343 -0.7097
vn -0.3374 0.8998 -0.2766
vn -0.2111 0.6841 -0.6982
vn -0.3584 0.9219 -0.1471
vn -0.7032 0.7087 0.0563
vn -0.5546 0.8223 0.1276
vn -0.7058 0.7014 0.0997
vn -0.8300 0.5540 0.0657
vn -0.8269 0.5619 0.0224
vn -0.9234 0.3800 0.0542
vn -0.9803 0.1973 0.0121
vn -0.7067 0.6960 0.1270
vn -0.5553 0.8171 0.1549
vn -0.9790 -0.1762 -0.1026
vn -0.9754 -0.1656 -0.1453
vn -0.9982 0.0136 -0.0589
vn -0.3820 0.9122 0.1483
vn -0.3825 0.9071 0.1757
vn -0.8310 0.5484 0.0930
vn -0.9188 -0.3474 -0.1872
vn -0.9222 -0.3586 -0.1447
vn -0.8300 -0.5268 -0.1834
vn -0.8269 -0.5150 -0.2258
vn -0.9234 -0.3654 -0.1176
vn -0.9803 -0.1827 -0.0755
vn -0.7032 -0.6618 -0.2597
vn -0.5525 -0.7824 -0.2875
vn -0.9995 0.0073 -0.0317
vn -0.8310 -0.5338 -0.1564
vn -0.3806 -0.8719 -0.3081
vn -0.5549 0.7984 0.2337
vn -0.5545 0.7951 0.2456
vn -0.5541 0.7916 0.2575
vn -0.3820 0.8850 0.2663
vn -0.3817 0.8814 0.2782
vn -0.3822 0.8883 0.2545
vn -0.1933 -0.9163 -0.3509
vn -0.1940 -0.9260 -0.3239
vn -0.3805 -0.8709 -0.3112
vn -0.3791 -0.8613 -0.3382
vn -0.1948 -0.9421 -0.2731
vn -0.3821 -0.8867 -0.2603
vn -0.5504 -0.7721 -0.3176
vn -0.5523 -0.7813 -0.2905
vn -0.7030 -0.6609 -0.2628
vn -0.7005 -0.6521 -0.2900
vn -0.5547 -0.7968 -0.2396
vn -0.7061 -0.6758 -0.2117
vn -0.8237 -0.5058 -0.2562
vn -0.8266 -0.5141 -0.2289
vn -0.9185 -0.3466 -0.1903
vn -0.9153 -0.3389 -0.2178
vn -0.8302 -0.5283 -0.1777
vn -0.9225 -0.3601 -0.1389
vn -0.1947 0.9675 0.1610
vn -0.1950 0.9625 0.1885
vn -0.8237 0.5669 -0.0090
vn -0.8266 0.5624 0.0192
vn -0.7030 0.7092 0.0531
vn -0.7005 0.7132 0.0247
vn -0.9717 -0.1578 -0.1760
vn -0.8302 0.5528 0.0715
vn -0.7061 0.7002 0.1055
vn -0.1827 -0.8164 -0.5478
vn -0.1720 -0.7368 -0.6539
vn -0.1076 -0.3399 -0.9343
vn -0.1827 0.9738 -0.1351
vn -0.1720 0.9487 -0.2654
vn -0.1076 0.7146 -0.6912
vn -0.5523 0.8297 0.0808
vn -0.3805 0.9192 0.1015
vn -0.5547 0.8213 0.1334
vn -0.3821 0.9112 0.1541
vn -0.9751 -0.1648 -0.1484
vn -0.9793 -0.1776 -0.0968
vn -0.9985 0.0122 -0.0531
vn -0.0011 0.2246 -0.9744
vn -0.0993 0.2235 -0.9696
vn -0.0975 0.2424 -0.9653
vn -0.0010 0.2248 -0.9744
vn -0.0919 0.2606 -0.9611
vn -0.0010 0.2250 -0.9744
vn -0.0826 0.2773 -0.9572
vn -0.0009 0.2252 -0.9743
vn -0.0703 0.2920 -0.9538
vn -0.0007 0.2254 -0.9743
vn -0.0552 0.3040 -0.9511
vn -0.0006 0.2255 -0.9742
vn -0.0380 0.3130 -0.9490
vn -0.0004 0.2256 -0.9742
vn -0.0194 0.3184 -0.9477
vn -0.0002 0.2256 -0.9742
vn -0.0194 0.1286 -0.9915
vn -0.0002 0.2236 -0.9747
vn -0.0380 0.1341 -0.9902
vn -0.0004 0.2237 -0.9747
vn -0.0552 0.1430 -0.9882
vn -0.0006 0.2238 -0.9746
vn -0.0703 0.1550 -0.9854
vn -0.0007 0.2239 -0.9746
vn -0.0826 0.1697 -0.9820
vn -0.0009 0.2241 -0.9746
vn -0.0918 0.1865 -0.9782
vn -0.0010 0.2242 -0.9745
vn -0.0974 0.2046 -0.9740
vn -0.0010 0.2244 -0.9745
vn -0.9266 -0.0845 0.3665
vn -0.9088 -0.2606 0.3259
vn -0.8971 -0.2647 0.3538
vn -0.9147 -0.0908 0.3939
vn -0.6552 0.5540 0.5137
vn -0.7704 0.4172 0.4821
vn -0.7605 0.4044 0.5080
vn -0.6468 0.5394 0.5392
vn -0.8450 0.2503 0.4725
vn -0.8561 0.2610 0.4461
vn -0.3546 0.7497 0.5588
vn -0.5148 0.6663 0.5395
vn -0.5082 0.6503 0.5647
vn -0.3500 0.7326 0.5837
vn -0.1808 0.8011 0.5706
vn -0.1784 0.7834 0.5954
vn -0.3546 -0.9187 0.1742
vn -0.1808 -0.9700 0.1623
vn -0.1784 -0.9650 0.1924
vn -0.3500 -0.9142 0.2041
vn -0.5148 -0.8352 0.1934
vn -0.5082 -0.8319 0.2231
vn -0.3817 -0.9143 -0.1358
vn -0.5541 -0.8245 -0.1151
vn -0.5522 -0.8301 -0.0780
vn -0.3803 -0.9196 -0.0986
vn -0.7028 -0.7096 -0.0502
vn -0.7052 -0.7036 -0.0872
vn -0.8292 -0.5563 -0.0533
vn -0.8264 -0.5629 -0.0164
vn -0.9182 -0.3954 0.0222
vn -0.9214 -0.3883 -0.0145
vn -0.9957 0.0290 0.0884
vn -0.9651 -0.1059 0.2395
vn -0.9145 -0.0192 0.4041
vn -0.8763 0.1835 0.4453
vn -0.8655 0.3431 0.3648
vn -0.6990 0.6623 0.2696
vn -0.5522 0.7805 0.2933
vn -0.3803 0.8699 0.3139
vn -0.1946 0.9368 0.2909
vn -0.1939 0.9251 0.3266
vn -0.9016 0.0865 0.4239
vn -0.9604 0.1372 0.2423
vn -0.9505 0.0698 -0.3029
vn -0.9976 0.0156 -0.0678
vn -0.9784 0.2053 -0.0241
vn -0.9322 0.2505 -0.2612
vn -0.9216 0.3876 0.0180
vn -0.8781 0.4243 -0.2212
vn -0.9611 0.1415 0.2373
vn -0.3637 0.9255 -0.1056
vn -0.3818 0.9137 0.1393
vn -0.1946 0.9690 0.1520
vn -0.1854 0.9782 -0.0935
vn -0.6721 0.7247 -0.1519
vn -0.7054 0.7030 0.0907
vn -0.5542 0.8239 0.1185
vn -0.5281 0.8399 -0.1254
vn -0.8295 0.5557 0.0567
vn -0.7903 0.5844 -0.1843
vn -0.8781 -0.2846 -0.3846
vn -0.9216 -0.3564 -0.1535
vn -0.9784 -0.1740 -0.1115
vn -0.9322 -0.1109 -0.3445
vn -0.6721 -0.5851 -0.4539
vn -0.7054 -0.6717 -0.2262
vn -0.8295 -0.5244 -0.1923
vn -0.7903 -0.4447 -0.4215
vn -0.3637 -0.7859 -0.5001
vn -0.3818 -0.8825 -0.2748
vn -0.5542 -0.7926 -0.2541
vn -0.5281 -0.7003 -0.4804
vn -0.1946 -0.9378 -0.2875
vn -0.1854 -0.8386 -0.5123
vn -0.9088 0.0917 0.4071
vn -0.8971 0.0831 0.4340
vn -0.9561 0.1353 0.2598
vn -0.9007 0.3135 0.3008
vn -0.9749 -0.0500 0.2170
vn -0.5416 -0.8399 0.0350
vn -0.6893 -0.7218 0.0622
vn -0.3731 -0.9277 0.0147
vn -0.1902 -0.9817 0.0023
vn -0.1902 0.8817 0.4318
vn -0.3731 0.8276 0.4194
vn -0.5416 0.7398 0.3991
vn -0.6893 0.6217 0.3719
vn -0.8106 0.4777 0.3387
vn -0.9561 -0.2354 0.1743
vn -0.9007 -0.4136 0.1332
vn -0.8106 -0.5778 0.0954
vn -0.1949 -0.9655 -0.1729
vn -0.1947 -0.9676 -0.1608
vn -0.1946 -0.9696 -0.1485
vn -0.3820 -0.9122 -0.1480
vn -0.3822 -0.9101 -0.1601
vn -0.5549 -0.8201 -0.1394
vn -0.5545 -0.8224 -0.1273
vn -0.7058 -0.7014 -0.0994
vn -0.7063 -0.6991 -0.1115
vn -0.8305 -0.5516 -0.0775
vn -0.8299 -0.5540 -0.0654
vn -0.9222 -0.3859 -0.0266
vn -0.9228 -0.3833 -0.0387
vn -0.9796 -0.2008 0.0034
vn -0.9949 -0.0154 -0.0999
vn -0.9988 -0.0109 0.0472
vn -0.9640 0.1727 -0.2021
vn -0.1949 0.9437 0.2672
vn -0.1947 0.9403 0.2791
vn -0.9796 0.1790 0.0910
vn -0.9621 0.2379 -0.1335
vn -0.5553 -0.8165 -0.1577
vn -0.5556 -0.8102 -0.1868
vn -0.7071 -0.6890 -0.1589
vn -0.7068 -0.6954 -0.1298
vn -0.8311 -0.5478 -0.0958
vn -0.8315 -0.5414 -0.1249
vn -0.9239 -0.3729 -0.0860
vn -0.9235 -0.3794 -0.0569
vn -0.9804 -0.1967 -0.0148
vn -0.9808 -0.1901 -0.0439
vn -1.0000 -0.0000 -0.0001
vn -0.9996 -0.0067 0.0290
vn -0.8311 0.5345 0.1537
vn -0.8315 0.5414 0.1247
vn -0.7071 0.6891 0.1588
vn -0.7068 0.6821 0.1878
vn -0.9235 0.3661 0.1149
vn -0.9239 0.3729 0.0859
vn -0.5553 0.8032 0.2157
vn -0.5556 0.8102 0.1867
vn -0.3827 0.9003 0.2074
vn -0.3825 0.8932 0.2364
vn -0.9804 0.1833 0.0728
vn -0.9808 0.1901 0.0437
vn -0.1950 0.9486 0.2492
vn -0.1951 0.9557 0.2202
vn -0.1939 -0.9747 -0.1113
vn -0.8637 0.1594 -0.4782
vn -0.9509 0.0271 -0.3083
vn -0.9894 -0.1438 0.0220
vn -0.7461 0.0864 0.6602
vn -0.8442 0.2546 0.4717
vn -0.8725 0.4588 0.1681
vn -0.9046 -0.1243 0.4078
vn -0.7672 -0.0711 0.6375
vn -0.7092 -0.0117 0.7049
vn -0.8785 0.4377 -0.1913
vn -0.8186 0.3956 -0.4164
vn -0.8189 0.2974 -0.4910
vn -0.6582 -0.4678 -0.5899
vn -0.6938 -0.7093 -0.1248
vn -0.6240 -0.6720 0.3988
vn -0.4862 -0.4283 0.7617
vn -0.4182 -0.1090 0.9018
vn -0.4480 0.2416 0.8608
vn -0.5308 0.5820 0.6161
vn -0.5533 0.7998 0.2326
vn -0.5493 0.8094 -0.2077
vn -0.4982 0.6301 -0.5956
vn -0.4976 0.3079 -0.8109
vn -0.5549 -0.0880 -0.8272
vn -0.0000 0.2247 -0.9744
vn 0.9188 0.3473 0.1876
vn 0.9754 0.1655 0.1457
vn 0.9778 0.2070 -0.0322
vn 0.9211 0.3893 0.0098
vn 0.9945 -0.0235 0.1021
vn 0.7790 0.0145 0.6269
vn 0.7943 -0.1365 0.5920
vn 0.7338 0.1597 0.6603
vn 0.7032 0.6617 0.2601
vn 0.8269 0.5149 0.2262
vn 0.8289 0.5572 0.0486
vn 0.7050 0.7044 0.0825
vn 0.6604 0.2935 0.6912
vn 0.5617 0.4108 0.7182
vn 0.9970 0.0175 -0.0759
vn 0.3806 0.8718 0.3085
vn 0.5525 0.7822 0.2878
vn 0.5539 0.8252 0.1103
vn 0.3815 0.9150 0.1310
vn 0.4413 0.5070 0.7404
vn 0.3040 0.5786 0.7568
vn -0.0000 0.9455 0.3255
vn 0.1940 0.9269 0.3212
vn 0.1945 0.9703 0.1438
vn -0.0000 0.9890 0.1481
vn 0.1549 0.6226 0.7671
vn -0.0000 0.6375 0.7704
vn -0.3806 0.8718 0.3085
vn -0.1940 0.9269 0.3212
vn -0.1945 0.9703 0.1438
vn -0.3815 0.9150 0.1310
vn -0.1549 0.6226 0.7671
vn -0.3040 0.5786 0.7568
vn -0.7032 0.6617 0.2601
vn -0.5525 0.7822 0.2878
vn -0.5539 0.8253 0.1103
vn -0.7050 0.7044 0.0825
vn -0.4413 0.5070 0.7404
vn -0.5617 0.4108 0.7182
vn -0.9188 0.3473 0.1876
vn -0.8269 0.5149 0.2262
vn -0.8289 0.5572 0.0486
vn -0.9211 0.3893 0.0098
vn -0.6604 0.2935 0.6912
vn -0.7338 0.1597 0.6603
vn -0.9945 -0.0235 0.1021
vn -0.9754 0.1655 0.1457
vn -0.9778 0.2070 -0.0322
vn -0.9970 0.0175 -0.0759
vn -0.7790 0.0145 0.6269
vn -0.7943 -0.1365 0.5920
vn -0.9188 -0.3944 0.0166
vn -0.9754 -0.2126 0.0585
vn -0.9778 -0.1720 -0.1195
vn -0.9211 -0.3543 -0.1616
vn -0.7790 -0.2875 0.5573
vn -0.7338 -0.4327 0.5237
vn -0.7032 -0.7088 -0.0558
vn -0.8269 -0.5619 -0.0220
vn -0.8289 -0.5222 -0.2003
vn -0.7050 -0.6695 -0.2342
vn -0.6604 -0.5665 0.4930
vn -0.5617 -0.6838 0.4658
vn -0.3806 -0.9189 -0.1043
vn -0.5525 -0.8293 -0.0836
vn -0.5539 -0.7903 -0.2621
vn -0.3815 -0.8801 -0.2828
vn -0.4413 -0.7800 0.4437
vn -0.3040 -0.8515 0.4272
vn -0.0000 -0.9926 -0.1213
vn -0.1940 -0.9740 -0.1170
vn -0.1945 -0.9353 -0.2955
vn -0.0000 -0.9540 -0.2998
vn -0.1549 -0.8956 0.4171
vn -0.0000 -0.9105 0.4136
vn 0.3806 -0.9189 -0.1043
vn 0.1940 -0.9740 -0.1170
vn 0.1945 -0.9353 -0.2955
vn 0.3815 -0.8800 -0.2828
vn 0.1549 -0.8956 0.4171
vn 0.3040 -0.8515 0.4272
vn 0.7032 -0.7088 -0.0559
vn 0.5525 -0.8293 -0.0836
vn 0.5539 -0.7903 -0.2621
vn 0.7050 -0.6695 -0.2342
vn 0.4413 -0.7800 0.4437
vn 0.5617 -0.6838 0.4658
vn 0.8035 0.2136 0.5556
vn 0.7180 0.3545 0.5990
vn 0.6087 0.0565 0.7914
vn 0.6496 -0.0826 0.7558
vn -0.8569 -0.2557 -0.4477
vn -0.7674 -0.4066 -0.4957
vn -0.6497 -0.5376 -0.5374
vn 0.5370 0.1877 0.8224
vn 0.6068 0.4762 0.6364
vn 0.5370 0.1876 0.8225
vn 0.9188 -0.3944 0.0166
vn 0.8269 -0.5619 -0.0220
vn 0.8289 -0.5222 -0.2003
vn 0.9211 -0.3543 -0.1616
vn 0.6604 -0.5665 0.4930
vn 0.7338 -0.4327 0.5237
vn 0.9754 -0.2126 0.0585
vn 0.9778 -0.1720 -0.1195
vn 0.7790 -0.2875 0.5573
vn -0.0634 -0.2241 0.9725
vn -0.0620 -0.2121 0.9753
vn 0.2308 -0.2630 0.9368
vn 0.2353 -0.2183 0.9471
vn 0.2308 -0.1736 0.9574
vn 0.2174 -0.1306 0.9673
vn 0.1956 -0.0909 0.9765
vn 0.1664 -0.0562 0.9845
vn 0.1307 -0.0277 0.9910
vn 0.0901 -0.0064 0.9959
vn 0.0459 0.0065 0.9989
vn -0.0000 0.0110 0.9999
vn -0.0459 0.0065 0.9989
vn -0.0901 -0.0064 0.9959
vn -0.1307 -0.0277 0.9910
vn -0.1664 -0.0562 0.9845
vn -0.1956 -0.0910 0.9765
vn -0.2174 -0.1306 0.9673
vn -0.2308 -0.1736 0.9574
vn -0.2353 -0.2183 0.9471
vn -0.2308 -0.2630 0.9368
vn -0.2174 -0.3061 0.9268
vn -0.1956 -0.3457 0.9177
vn -0.1664 -0.3805 0.9097
vn -0.1307 -0.4089 0.9031
vn -0.0901 -0.4302 0.8982
vn -0.0459 -0.4432 0.8953
vn -0.0000 -0.4476 0.8942
vn 0.0459 -0.4432 0.8953
vn 0.0901 -0.4302 0.8982
vn 0.1307 -0.4089 0.9031
vn 0.1664 -0.3805 0.9097
vn 0.1956 -0.3457 0.9177
vn 0.2174 -0.3061 0.9268
vn -0.3254 0.6476 0.6890
vn -0.4743 0.5749 0.6667
vn -0.4314 0.2965 0.8520
vn -0.3032 0.3828 0.8726
vn -0.3032 0.3828 0.8727
vn 0.3493 -0.7229 -0.5962
vn 0.5086 -0.6442 -0.5712
vn 0.6497 -0.5376 -0.5374
vn -0.5370 0.1877 0.8225
vn -0.6068 0.4762 0.6364
vn -0.5370 0.1877 0.8224
vn -0.6414 -0.7195 0.2665
vn -0.5062 -0.8307 0.2318
vn -0.2185 -0.7242 0.6540
vn -0.3081 -0.6970 0.6476
vn -0.3081 -0.6970 0.6475
vn 0.6733 0.7273 -0.1331
vn 0.5303 0.8423 -0.0961
vn 0.3659 0.9281 -0.0685
vn -0.1392 -0.7403 0.6577
vn -0.3498 -0.9139 0.2059
vn 0.6414 -0.7195 0.2665
vn 0.7500 -0.5852 0.3083
vn 0.3987 -0.6465 0.6505
vn 0.3081 -0.6970 0.6475
vn -0.6733 0.7273 -0.1331
vn -0.7892 0.5878 -0.1779
vn 0.3986 -0.6465 0.6504
vn -0.8736 0.4297 -0.2287
vn 0.4898 -0.5746 0.6557
vn 0.8280 -0.4337 0.3554
vn 0.4743 0.5749 0.6667
vn 0.4315 0.2966 0.8520
vn -0.5086 -0.6442 -0.5712
vn -0.3493 -0.7229 -0.5962
vn 0.3032 0.3828 0.8727
vn 0.3254 0.6476 0.6890
vn 0.3032 0.3828 0.8726
vn -0.7181 0.3545 0.5990
vn -0.6087 0.0565 0.7914
vn 0.7674 -0.4066 -0.4957
vn 0.8569 -0.2557 -0.4477
vn -0.6496 -0.0826 0.7558
vn -0.8035 0.2136 0.5556
vn -0.6495 -0.0826 0.7558
vn -0.1787 -0.9654 0.1897
vn -0.0666 -0.7438 0.6651
vn 0.1867 0.9811 -0.0514
vn -0.0667 -0.7438 0.6650
vn -0.0000 0.9990 -0.0457
vn -0.0000 -0.7472 0.6645
vn -0.0000 -0.9829 0.1843
vn -0.0000 -0.7473 0.6645
vn 0.8728 -0.2715 0.4057
vn 0.5651 -0.4771 0.6731
vn -0.9233 0.2593 -0.2833
vn -0.9369 0.0837 -0.3394
vn 0.6244 -0.3587 0.6939
vn 0.8831 -0.1052 0.4572
vn 0.1655 0.6920 0.7026
vn 0.1558 0.4335 0.8876
vn -0.1778 -0.7711 -0.6114
vn -0.0000 -0.7873 -0.6166
vn -0.0000 0.4536 0.8912
vn -0.0000 0.7070 0.7072
vn -0.0000 0.4537 0.8912
vn -0.8595 0.0586 0.5078
vn -0.6513 -0.2250 0.7246
vn 0.9143 -0.0902 -0.3949
vn -0.6514 -0.2250 0.7246
vn 0.9369 0.0837 -0.3394
vn -0.6244 -0.3587 0.6939
vn -0.8831 -0.1052 0.4572
vn -0.6243 -0.3587 0.6939
vn 0.1787 -0.9654 0.1897
vn 0.0667 -0.7438 0.6651
vn -0.1867 0.9811 -0.0514
vn 0.0667 -0.7438 0.6650
vn -0.3659 0.9281 -0.0685
vn 0.1393 -0.7404 0.6576
vn 0.3498 -0.9139 0.2059
vn 0.1392 -0.7404 0.6576
vn 0.8595 0.0586 0.5078
vn 0.6513 -0.2251 0.7247
vn -0.9143 -0.0902 -0.3949
vn -0.1655 0.6920 0.7026
vn -0.1558 0.4335 0.8876
vn 0.1778 -0.7711 -0.6114
vn -0.8280 -0.4337 0.3554
vn -0.7500 -0.5852 0.3083
vn -0.3986 -0.6466 0.6504
vn -0.4898 -0.5746 0.6557
vn 0.8736 0.4296 -0.2287
vn 0.7892 0.5878 -0.1779
vn -0.3986 -0.6465 0.6504
vn 0.5062 -0.8307 0.2318
vn 0.2185 -0.7242 0.6540
vn -0.5303 0.8423 -0.0961
vn 0.2184 -0.7242 0.6541
vn -0.4659 -0.0040 0.8848
vn -0.5001 -0.0944 0.8608
vn -0.5156 -0.1906 0.8354
vn -0.0582 -0.2006 0.9779
vn -0.3501 0.1479 0.9250
vn -0.4153 0.0777 0.9063
vn -0.0523 -0.1901 0.9804
vn -0.0443 -0.1809 0.9825
vn -0.1872 0.2463 0.9510
vn -0.2732 0.2048 0.9399
vn -0.0348 -0.1734 0.9842
vn -0.0239 -0.1679 0.9855
vn -0.0000 0.2803 0.9599
vn -0.0951 0.2719 0.9576
vn -0.0122 -0.1644 0.9863
vn -0.0000 -0.1633 0.9866
vn 0.1872 0.2463 0.9510
vn 0.0951 0.2719 0.9576
vn 0.0122 -0.1644 0.9863
vn 0.0239 -0.1679 0.9855
vn 0.3501 0.1479 0.9250
vn 0.2732 0.2048 0.9399
vn 0.0348 -0.1734 0.9842
vn 0.0443 -0.1809 0.9825
vn 0.4659 -0.0040 0.8848
vn 0.4153 0.0777 0.9063
vn 0.0523 -0.1901 0.9804
vn 0.0582 -0.2006 0.9779
vn 0.5156 -0.1906 0.8354
vn 0.5001 -0.0944 0.8608
vn 0.0620 -0.2121 0.9753
vn 0.0634 -0.2241 0.9725
vn 0.4870 -0.3856 0.7837
vn 0.5116 -0.2889 0.8092
vn 0.0624 -0.2362 0.9697
vn 0.0589 -0.2479 0.9670
vn 0.3799 -0.5578 0.7379
vn 0.4429 -0.4766 0.7594
vn 0.0532 -0.2587 0.9645
vn 0.0453 -0.2683 0.9623
vn 0.2083 -0.6766 0.7063
vn 0.3008 -0.6257 0.7197
vn 0.0357 -0.2761 0.9605
vn 0.0246 -0.2820 0.9591
vn -0.0000 -0.7190 0.6950
vn 0.1066 -0.7084 0.6977
vn 0.0126 -0.2856 0.9583
vn -0.0000 -0.2868 0.9580
vn -0.2083 -0.6766 0.7063
vn -0.1066 -0.7084 0.6977
vn -0.0126 -0.2856 0.9583
vn -0.0246 -0.2820 0.9591
vn -0.3799 -0.5578 0.7379
vn -0.3008 -0.6257 0.7197
vn -0.0357 -0.2761 0.9605
vn -0.0453 -0.2683 0.9623
vn -0.4870 -0.3856 0.7837
vn -0.4429 -0.4766 0.7594
vn -0.0532 -0.2587 0.9645
vn -0.0589 -0.2479 0.9670
vn -0.5116 -0.2889 0.8092
vn -0.8728 -0.2715 0.4057
vn -0.0624 -0.2362 0.9697
vn -0.5651 -0.4771 0.6731
vn 0.9233 0.2593 -0.2833
vn -0.0073 -0.2275 0.9737
vn -0.0077 -0.2261 0.9741
vn 0.8925 0.2662 -0.3642
vn 0.8395 0.4327 -0.3286
vn -0.0079 -0.2246 0.9744
vn 0.9087 0.0937 -0.4068
vn 0.7293 0.2916 -0.6190
vn 0.7437 0.1502 -0.6515
vn 0.9087 0.0937 -0.4067
vn 0.8396 0.4327 -0.3286
vn 0.6870 0.4275 -0.5876
vn -0.0056 -0.2300 0.9732
vn -0.0065 -0.2289 0.9734
vn 0.7567 0.5857 -0.2904
vn 0.6426 0.7199 -0.2623
vn 0.7567 0.5857 -0.2905
vn 0.6183 0.5527 -0.5588
vn 0.6426 0.7199 -0.2624
vn 0.5258 0.6626 -0.5334
vn -0.0030 -0.2317 0.9728
vn -0.0044 -0.2310 0.9729
vn 0.5056 0.8304 -0.2341
vn 0.3477 0.9119 -0.2180
vn 0.4131 0.7526 -0.5127
vn 0.3477 0.9119 -0.2181
vn 0.2846 0.8197 -0.4971
vn -0.0000 -0.2323 0.9727
vn -0.0015 -0.2321 0.9727
vn 0.1776 0.9628 -0.2035
vn -0.0000 0.9793 -0.2025
vn 0.1451 0.8608 -0.4878
vn -0.0000 0.8748 -0.4844
vn 0.0030 -0.2317 0.9728
vn 0.0015 -0.2321 0.9727
vn -0.1776 0.9628 -0.2035
vn -0.3478 0.9119 -0.2179
vn -0.1451 0.8608 -0.4877
vn -0.3477 0.9119 -0.2179
vn -0.2846 0.8197 -0.4971
vn 0.0056 -0.2300 0.9732
vn 0.0044 -0.2310 0.9729
vn -0.5055 0.8304 -0.2341
vn -0.6426 0.7199 -0.2623
vn -0.5055 0.8305 -0.2341
vn -0.4131 0.7526 -0.5127
vn -0.6426 0.7199 -0.2624
vn -0.5258 0.6626 -0.5334
vn 0.0073 -0.2275 0.9737
vn 0.0065 -0.2289 0.9734
vn -0.7566 0.5857 -0.2905
vn -0.8395 0.4327 -0.3287
vn -0.7567 0.5857 -0.2905
vn -0.6182 0.5527 -0.5588
vn -0.6870 0.4275 -0.5876
vn 0.0079 -0.2246 0.9744
vn 0.0077 -0.2261 0.9741
vn -0.8924 0.2661 -0.3643
vn -0.9088 0.0937 -0.4066
vn -0.8925 0.2661 -0.3643
vn -0.7293 0.2916 -0.6190
vn -0.9088 0.0937 -0.4067
vn -0.7437 0.1502 -0.6515
vn 0.0073 -0.2217 0.9751
vn 0.0077 -0.2231 0.9748
vn -0.8925 -0.0798 -0.4438
vn -0.8396 -0.2451 -0.4847
vn -0.8925 -0.0798 -0.4439
vn -0.7293 0.0088 -0.6842
vn -0.8396 -0.2451 -0.4848
vn -0.6870 -0.1271 -0.7154
vn 0.0056 -0.2192 0.9757
vn 0.0065 -0.2204 0.9754
vn -0.7566 -0.3995 -0.5176
vn -0.6425 -0.5323 -0.5512
vn -0.7566 -0.3994 -0.5176
vn -0.6182 -0.2523 -0.7444
vn -0.6425 -0.5324 -0.5511
vn -0.5258 -0.3622 -0.7696
vn 0.0030 -0.2175 0.9760
vn 0.0044 -0.2183 0.9759
vn -0.5055 -0.6441 -0.5741
vn -0.3477 -0.7244 -0.5953
vn -0.4131 -0.4522 -0.7905
vn -0.3477 -0.7243 -0.5953
vn -0.2846 -0.5193 -0.8058
vn -0.0000 -0.2170 0.9762
vn 0.0015 -0.2171 0.9761
vn -0.1775 -0.7765 -0.6045
vn -0.0000 -0.7917 -0.6109
vn -0.1451 -0.5604 -0.8154
vn -0.0000 -0.7918 -0.6108
vn -0.0000 -0.5745 -0.8185
vn -0.0030 -0.2175 0.9760
vn -0.0015 -0.2171 0.9761
vn 0.1776 -0.7765 -0.6045
vn 0.3477 -0.7243 -0.5953
vn 0.1776 -0.7765 -0.6046
vn 0.1451 -0.5604 -0.8154
vn 0.3478 -0.7243 -0.5953
vn 0.2846 -0.5193 -0.8058
vn -0.0056 -0.2192 0.9757
vn -0.0044 -0.2183 0.9759
vn 0.5055 -0.6442 -0.5740
vn 0.6426 -0.5323 -0.5511
vn 0.5055 -0.6441 -0.5741
vn 0.4131 -0.4522 -0.7905
vn 0.5258 -0.3622 -0.7696
vn -0.0073 -0.2217 0.9751
vn -0.0065 -0.2204 0.9754
vn 0.7566 -0.3995 -0.5176
vn 0.8396 -0.2452 -0.4847
vn 0.6182 -0.2523 -0.7444
vn 0.8396 -0.2452 -0.4848
vn 0.6870 -0.1271 -0.7154
vn -0.0077 -0.2231 0.9748
vn 0.8925 -0.0798 -0.4439
vn 0.7293 0.0088 -0.6842
vn -0.0000 -0.2246 0.9744
vt 0.043944 0.030371
vt 0.044048 0.040069
vt 0.029321 0.039620
vt 0.028977 0.030229
vt 0.043742 0.066765
vt 0.029251 0.066209
vt 0.020171 0.065586
vt 0.020455 0.038836
vt 0.032252 0.020785
vt 0.026612 0.021542
vt 0.021416 0.013619
vt 0.026404 0.009697
vt 0.389658 0.050678
vt 0.406624 0.058643
vt 0.352416 0.055139
vt 0.342250 0.045792
vt 0.447712 0.081427
vt 0.376766 0.078104
vt 0.283440 0.073050
vt 0.275565 0.049151
vt 0.272143 0.039645
vt 0.477962 0.104254
vt 0.394695 0.101881
vt 0.498867 0.127564
vt 0.407096 0.126279
vt 0.292900 0.125386
vt 0.288882 0.099041
vt 0.038621 0.159976
vt 0.037767 0.167845
vt 0.027870 0.167520
vt 0.028035 0.159480
vt 0.037639 0.174174
vt 0.027806 0.174031
vt 0.019381 0.173925
vt 0.019446 0.167382
vt 0.019517 0.159306
vt 0.064407 0.165378
vt 0.059724 0.171667
vt 0.049086 0.168760
vt 0.051623 0.161368
vt 0.056872 0.175216
vt 0.048582 0.174488
vt 0.042895 0.098675
vt 0.028962 0.098120
vt 0.041597 0.128080
vt 0.028624 0.127503
vt 0.019759 0.127271
vt 0.019949 0.097806
vt 0.116043 0.068560
vt 0.112784 0.100244
vt 0.067053 0.099602
vt 0.069255 0.067548
vt 0.103820 0.135275
vt 0.062653 0.129638
vt 0.515173 0.152419
vt 0.416892 0.151386
vt 0.526798 0.175899
vt 0.423965 0.174816
vt 0.300729 0.173554
vt 0.297071 0.150628
vt 0.117275 0.032607
vt 0.117143 0.042267
vt 0.070080 0.040845
vt 0.070164 0.031145
vt 0.012767 0.097589
vt 0.012998 0.064679
vt 0.012593 0.127188
vt 0.007627 0.127261
vt 0.007786 0.097458
vt 0.008020 0.063858
vt 0.020849 0.031281
vt 0.013616 0.036155
vt 0.008780 0.033682
vt 0.024149 0.004181
vt 0.017535 0.009195
vt 0.015883 0.007491
vt 0.023155 0.002135
vt 0.372690 0.042726
vt 0.332074 0.036444
vt 0.325283 0.024747
vt 0.375342 0.036146
vt 0.268718 0.030137
vt 0.266199 0.018389
vt 0.266284 0.012554
vt 0.325145 0.018518
vt 0.376799 0.030262
vt 0.428761 0.055703
vt 0.479070 0.079575
vt 0.402059 0.045888
vt 0.405072 0.040542
vt 0.433327 0.050902
vt 0.485665 0.075785
vt 0.515122 0.102770
vt 0.540173 0.126182
vt 0.523072 0.099689
vt 0.549205 0.123637
vt 0.117407 0.022943
vt 0.070246 0.021438
vt 0.070331 0.009847
vt 0.117647 0.011381
vt 0.043834 0.020666
vt 0.043192 0.009056
vt 0.042542 0.003406
vt 0.070408 0.004221
vt 0.117882 0.005772
vt 0.559780 0.151393
vt 0.573726 0.175382
vt 0.569746 0.149388
vt 0.584404 0.173996
vt 0.759709 0.381090
vt 0.765247 0.393846
vt 0.763546 0.395078
vt 0.758513 0.382901
vt 0.015866 0.023639
vt 0.011796 0.018907
vt 0.019126 0.211696
vt 0.011558 0.211699
vt 0.011585 0.200343
vt 0.019154 0.200251
vt 0.004261 0.211739
vt 0.004279 0.201218
vt 0.004330 0.191535
vt 0.011656 0.189962
vt 0.019217 0.189801
vt 0.594397 0.211946
vt 0.583153 0.211941
vt 0.581081 0.195034
vt 0.592170 0.194352
vt 0.534652 0.211920
vt 0.532943 0.195206
vt 0.012238 0.167369
vt 0.012357 0.159287
vt 0.011946 0.174003
vt 0.004568 0.175368
vt 0.007023 0.167700
vt 0.007353 0.159725
vt 0.730234 0.395355
vt 0.742430 0.394519
vt 0.744770 0.402891
vt 0.730539 0.404318
vt 0.740335 0.386341
vt 0.745480 0.376669
vt 0.749854 0.379540
vt 0.745855 0.386652
vt 0.753169 0.401281
vt 0.756316 0.424542
vt 0.746934 0.425479
vt 0.731877 0.427022
vt 0.387585 0.421241
vt 0.434238 0.416197
vt 0.424311 0.425460
vt 0.370800 0.429157
vt 0.503628 0.408891
vt 0.500309 0.418301
vt 0.492284 0.441330
vt 0.400368 0.447843
vt 0.330604 0.451498
vt 0.382701 0.470551
vt 0.301077 0.473265
vt 0.486185 0.465512
vt 0.481667 0.490194
vt 0.370455 0.493629
vt 0.280484 0.495179
vt 0.067871 0.797073
vt 0.073752 0.789268
vt 0.080792 0.796132
vt 0.076163 0.804077
vt 0.075679 0.781264
vt 0.082340 0.787490
vt 0.089171 0.792548
vt 0.088149 0.801646
vt 0.085224 0.809319
vt 0.748751 0.450976
vt 0.732920 0.452066
vt 0.758770 0.451687
vt 0.760386 0.478921
vt 0.750048 0.477054
vt 0.734239 0.477731
vt 0.658128 0.431933
vt 0.705502 0.429179
vt 0.705794 0.454592
vt 0.658083 0.458006
vt 0.708673 0.480816
vt 0.663850 0.489451
vt 0.360770 0.517465
vt 0.264100 0.518556
vt 0.477760 0.514913
vt 0.474564 0.537751
vt 0.353749 0.539718
vt 0.252248 0.540717
vt 0.658046 0.398940
vt 0.704842 0.396684
vt 0.705060 0.405904
vt 0.658214 0.408294
vt 0.763741 0.423893
vt 0.766746 0.454155
vt 0.768889 0.423473
vt 0.772301 0.456747
vt 0.774283 0.487684
vt 0.768605 0.483306
vt 0.752051 0.394877
vt 0.748013 0.370515
vt 0.753932 0.374104
vt 0.752739 0.375623
vt 0.747221 0.372174
vt 0.759342 0.398004
vt 0.404262 0.413397
vt 0.401598 0.406869
vt 0.450620 0.395170
vt 0.444163 0.406888
vt 0.400093 0.400939
vt 0.450585 0.388866
vt 0.509054 0.381677
vt 0.509281 0.387601
vt 0.506953 0.399455
vt 0.299885 0.449668
vt 0.348932 0.426300
vt 0.293375 0.445820
vt 0.344320 0.421443
vt 0.375169 0.416268
vt 0.372058 0.410729
vt 0.239858 0.493229
vt 0.264740 0.471547
vt 0.231014 0.490502
vt 0.256991 0.468363
vt 0.657894 0.389579
vt 0.657493 0.378070
vt 0.704540 0.376084
vt 0.704698 0.387468
vt 0.657170 0.372434
vt 0.704482 0.370527
vt 0.731280 0.370341
vt 0.730544 0.375631
vt 0.730086 0.386507
vt 0.205401 0.539772
vt 0.219861 0.516922
vt 0.194774 0.538308
vt 0.210017 0.514765
vt 0.755653 0.387469
vt 0.765250 0.377592
vt 0.771867 0.391827
vt 0.770638 0.392096
vt 0.764109 0.378097
vt 0.184347 0.574582
vt 0.186661 0.557800
vt 0.197730 0.558523
vt 0.195557 0.574582
vt 0.245944 0.558901
vt 0.244176 0.574580
vt 0.095761 0.796537
vt 0.095457 0.806086
vt 0.101805 0.798043
vt 0.102338 0.807776
vt 0.102751 0.815418
vt 0.094195 0.813705
vt 0.772229 0.423149
vt 0.775902 0.458016
vt 0.774582 0.457901
vt 0.770981 0.423301
vt 0.778010 0.489913
vt 0.776639 0.489620
vt 0.011628 0.404482
vt 0.009891 0.406366
vt 0.006597 0.390750
vt 0.008625 0.389705
vt 0.766364 0.393411
vt 0.399170 0.397158
vt 0.449936 0.385177
vt 0.450156 0.386417
vt 0.399512 0.398385
vt 0.508611 0.378223
vt 0.508760 0.379500
vt 0.291630 0.442955
vt 0.342935 0.418018
vt 0.343444 0.419159
vt 0.292265 0.443981
vt 0.370874 0.407052
vt 0.371315 0.408257
vt 0.228480 0.488547
vt 0.254862 0.465997
vt 0.255654 0.466879
vt 0.229431 0.489278
vt 0.656947 0.369112
vt 0.704427 0.367251
vt 0.704457 0.368485
vt 0.657028 0.370367
vt 0.731770 0.367231
vt 0.731646 0.368422
vt 0.748394 0.369522
vt 0.760565 0.380366
vt 0.180911 0.574582
vt 0.183301 0.557253
vt 0.184507 0.557462
vt 0.182141 0.574582
vt 0.191588 0.537243
vt 0.192748 0.537647
vt 0.037325 0.756862
vt 0.037097 0.751088
vt 0.038606 0.750929
vt 0.038391 0.756939
vt 0.037015 0.747216
vt 0.038810 0.746737
vt 0.040892 0.746379
vt 0.040784 0.751339
vt 0.039993 0.757714
vt 0.207116 0.513233
vt 0.208191 0.513808
vt 0.571605 0.148362
vt 0.586473 0.173247
vt 0.550832 0.122358
vt 0.202101 0.510305
vt 0.224015 0.484897
vt 0.224968 0.485714
vt 0.203167 0.510969
vt 0.186162 0.535113
vt 0.187323 0.535608
vt 0.032362 0.752523
vt 0.031873 0.748506
vt 0.004425 0.168218
vt 0.004933 0.160817
vt 0.001724 0.173442
vt 0.030753 0.753627
vt 0.029857 0.749106
vt 0.032256 0.759316
vt 0.033600 0.757997
vt 0.178826 0.556390
vt 0.594398 0.193950
vt 0.596673 0.211947
vt 0.177584 0.556118
vt 0.175087 0.574582
vt 0.176355 0.574582
vt 0.750331 0.364490
vt 0.758149 0.369222
vt 0.757323 0.370158
vt 0.749927 0.365674
vt 0.042256 0.001331
vt 0.732143 0.361586
vt 0.732082 0.362797
vt 0.704330 0.362691
vt 0.070441 0.002154
vt 0.117982 0.003705
vt 0.704299 0.361450
vt 0.656608 0.363248
vt 0.656677 0.364513
vt 0.289281 0.439117
vt 0.251929 0.462610
vt 0.524450 0.098141
vt 0.486765 0.073915
vt 0.251129 0.461639
vt 0.288636 0.438039
vt 0.369199 0.402752
vt 0.341033 0.413912
vt 0.434135 0.048655
vt 0.377342 0.027784
vt 0.405747 0.038180
vt 0.368719 0.401589
vt 0.397479 0.391622
vt 0.397859 0.392807
vt 0.340490 0.412784
vt 0.508125 0.373659
vt 0.449136 0.380695
vt 0.325501 0.016144
vt 0.266511 0.010381
vt 0.448912 0.379460
vt 0.507997 0.372373
vt 0.776900 0.422493
vt 0.005952 0.063501
vt 0.006753 0.032635
vt 0.778176 0.422355
vt 0.754605 0.373311
vt 0.783018 0.489773
vt 0.780733 0.457710
vt 0.005716 0.097420
vt 0.005516 0.127492
vt 0.782067 0.457600
vt 0.784545 0.489468
vt 0.584067 0.373023
vt 0.583686 0.368446
vt 0.472439 0.557152
vt 0.349970 0.558259
vt 0.471674 0.574573
vt 0.348894 0.574577
vt 0.027922 0.189855
vt 0.028032 0.200279
vt 0.039405 0.189837
vt 0.040630 0.200260
vt 0.041217 0.211706
vt 0.028087 0.211700
vt 0.427729 0.194471
vt 0.302887 0.193504
vt 0.428778 0.211874
vt 0.303544 0.211820
vt 0.130491 0.175949
vt 0.199000 0.173718
vt 0.202089 0.193126
vt 0.135734 0.193807
vt 0.203153 0.211777
vt 0.137707 0.211748
vt 0.054195 0.189628
vt 0.057959 0.200127
vt 0.067705 0.188969
vt 0.074088 0.199786
vt 0.077137 0.211722
vt 0.059756 0.211714
vt 0.782970 0.525817
vt 0.777764 0.525870
vt 0.778425 0.512469
vt 0.783598 0.512278
vt 0.190358 0.008501
vt 0.190501 0.006416
vt 0.583589 0.367150
vt 0.584183 0.374315
vt 0.584392 0.376383
vt 0.584818 0.382044
vt 0.585020 0.393570
vt 0.584773 0.402928
vt 0.584516 0.412282
vt 0.583450 0.435754
vt 0.582215 0.461153
vt 0.580774 0.487534
vt 0.576968 0.513334
vt 0.646805 0.516661
vt 0.640155 0.538564
vt 0.573491 0.536654
vt 0.190124 0.025667
vt 0.190076 0.014120
vt 0.190773 0.044797
vt 0.190448 0.035235
vt 0.191026 0.069999
vt 0.189977 0.099001
vt 0.189632 0.127976
vt 0.194176 0.152537
vt 0.121972 0.157766
vt 0.044342 0.745592
vt 0.045716 0.752686
vt 0.047917 0.743430
vt 0.050620 0.746854
vt 0.053805 0.754011
vt 0.051271 0.758665
vt 0.046284 0.764724
vt 0.042932 0.760226
vt 0.678617 0.574567
vt 0.665102 0.574567
vt 0.668045 0.560040
vt 0.681766 0.563275
vt 0.632823 0.574568
vt 0.635136 0.557366
vt 0.674535 0.544687
vt 0.688871 0.551857
vt 0.569158 0.574570
vt 0.570514 0.556556
vt 0.090563 0.759568
vt 0.095467 0.762003
vt 0.090877 0.732502
vt 0.094762 0.733512
vt 0.098306 0.733732
vt 0.099891 0.762894
vt 0.079914 0.752660
vt 0.085252 0.756421
vt 0.082976 0.729574
vt 0.087040 0.731086
vt 0.082933 0.184713
vt 0.096147 0.180236
vt 0.103025 0.195689
vt 0.090622 0.197789
vt 0.105930 0.211735
vt 0.094168 0.211730
vt 0.019300 0.181102
vt 0.011764 0.181281
vt 0.004414 0.183266
vt 0.038271 0.181211
vt 0.027833 0.181181
vt 0.050652 0.181093
vt 0.061503 0.180366
vt 0.075997 0.187548
vt 0.068198 0.178061
vt 0.074490 0.173453
vt 0.087145 0.166028
vt 0.074068 0.154821
vt 0.083653 0.199117
vt 0.087297 0.211726
vt 0.056044 0.764810
vt 0.049966 0.770342
vt 0.058587 0.759503
vt 0.063621 0.766029
vt 0.061184 0.772053
vt 0.054719 0.777703
vt 0.682459 0.528177
vt 0.695575 0.513495
vt 0.708576 0.530880
vt 0.697360 0.540538
vt 0.031300 0.742109
vt 0.037413 0.740643
vt 0.007509 0.147380
vt 0.005262 0.148153
vt 0.785489 0.511445
vt 0.785212 0.524764
vt 0.777039 0.512169
vt 0.776388 0.525624
vt 0.774217 0.524798
vt 0.774732 0.510523
vt 0.769208 0.506813
vt 0.761059 0.503020
vt 0.769094 0.522903
vt 0.761213 0.520730
vt 0.716469 0.505416
vt 0.736565 0.502035
vt 0.739286 0.520903
vt 0.723721 0.524387
vt 0.750908 0.501318
vt 0.751603 0.519842
vt 0.019624 0.147126
vt 0.012479 0.147079
vt 0.056200 0.149566
vt 0.040030 0.147911
vt 0.028298 0.147334
vt 0.125975 0.778573
vt 0.118668 0.750635
vt 0.123042 0.745720
vt 0.131349 0.770366
vt 0.113098 0.728009
vt 0.116765 0.725886
vt 0.120559 0.723987
vt 0.127110 0.740915
vt 0.136212 0.762125
vt 0.067184 0.780709
vt 0.060798 0.787432
vt 0.069397 0.773695
vt 0.061015 0.738051
vt 0.065750 0.740549
vt 0.064673 0.725723
vt 0.070428 0.725736
vt 0.074913 0.726564
vt 0.070090 0.744044
vt 0.031157 0.735545
vt 0.035870 0.734717
vt 0.154501 0.677304
vt 0.158364 0.699705
vt 0.150399 0.699630
vt 0.147578 0.678614
vt 0.016313 0.745371
vt 0.009327 0.742984
vt 0.009523 0.737137
vt 0.015484 0.738998
vt 0.001650 0.740584
vt 0.003231 0.735221
vt 0.004423 0.730814
vt 0.009114 0.732194
vt 0.013847 0.733484
vt 0.056354 0.681861
vt 0.065148 0.681756
vt 0.067773 0.698708
vt 0.058265 0.700289
vt 0.073643 0.682023
vt 0.076821 0.698299
vt 0.075653 0.711322
vt 0.070574 0.711764
vt 0.065535 0.712719
vt 0.027552 0.750474
vt 0.022152 0.747758
vt 0.020714 0.740718
vt 0.025055 0.742045
vt 0.018195 0.734542
vt 0.022276 0.735304
vt 0.044788 0.719588
vt 0.041013 0.704115
vt 0.048798 0.702586
vt 0.048783 0.718099
vt 0.040985 0.681732
vt 0.048204 0.681962
vt 0.054072 0.716173
vt 0.045720 0.737307
vt 0.049989 0.736225
vt 0.042514 0.738695
vt 0.044647 0.731532
vt 0.048165 0.729915
vt 0.053419 0.727985
vt 0.039971 0.739788
vt 0.041052 0.733125
vt 0.136898 0.679564
vt 0.138194 0.697744
vt 0.148682 0.714191
vt 0.143918 0.712809
vt 0.092436 0.698950
vt 0.097154 0.712373
vt 0.094210 0.716361
vt 0.090471 0.712135
vt 0.028321 0.742380
vt 0.026534 0.735696
vt 0.158302 0.716057
vt 0.153713 0.719215
vt 0.033193 0.704761
vt 0.033928 0.681149
vt 0.162963 0.716228
vt 0.083220 0.711484
vt 0.084729 0.698635
vt 0.086974 0.711765
vt 0.082055 0.682379
vt 0.090606 0.682582
vt 0.161065 0.675723
vt 0.166029 0.698715
vt 0.139168 0.714888
vt 0.133410 0.710299
vt 0.167547 0.715901
vt 0.127527 0.709411
vt 0.133069 0.716611
vt 0.127577 0.715715
vt 0.139275 0.717986
vt 0.140922 0.722746
vt 0.135059 0.722026
vt 0.129774 0.721916
vt 0.041123 0.724862
vt 0.036839 0.721660
vt 0.166969 0.674045
vt 0.173002 0.697188
vt 0.178732 0.713499
vt 0.175023 0.714474
vt 0.187326 0.613555
vt 0.191590 0.611920
vt 0.207119 0.635930
vt 0.203171 0.638194
vt 0.032319 0.722261
vt 0.123677 0.696424
vt 0.124270 0.680500
vt 0.027071 0.680435
vt 0.025212 0.704684
vt 0.026806 0.722525
vt 0.172239 0.719426
vt 0.043786 0.393046
vt 0.028819 0.393175
vt 0.029171 0.383784
vt 0.043899 0.383348
vt 0.033443 0.402638
vt 0.026228 0.413705
vt 0.021243 0.409779
vt 0.026446 0.401861
vt 0.020304 0.384561
vt 0.020044 0.357810
vt 0.029124 0.357195
vt 0.043615 0.356652
vt 0.389520 0.373037
vt 0.342107 0.377882
vt 0.352282 0.368544
vt 0.406492 0.365087
vt 0.271995 0.383969
vt 0.275425 0.374466
vt 0.283320 0.350574
vt 0.376651 0.345599
vt 0.447600 0.342337
vt 0.394601 0.321838
vt 0.477869 0.319537
vt 0.288785 0.324587
vt 0.292825 0.298245
vt 0.407022 0.297451
vt 0.498794 0.296245
vt 0.038575 0.263435
vt 0.027988 0.263921
vt 0.027830 0.255881
vt 0.037728 0.255564
vt 0.019470 0.264088
vt 0.019406 0.256011
vt 0.019347 0.249468
vt 0.027772 0.249370
vt 0.037605 0.249235
vt 0.064366 0.258055
vt 0.051578 0.262054
vt 0.049048 0.254659
vt 0.059689 0.251762
vt 0.048549 0.248931
vt 0.056840 0.248210
vt 0.028862 0.325283
vt 0.042796 0.324741
vt 0.019849 0.325590
vt 0.019685 0.296125
vt 0.028550 0.295900
vt 0.041523 0.295333
vt 0.115919 0.354919
vt 0.069129 0.355890
vt 0.066956 0.323834
vt 0.112687 0.323232
vt 0.062581 0.293794
vt 0.103754 0.288193
vt 0.416840 0.272352
vt 0.515121 0.271404
vt 0.297018 0.273007
vt 0.300696 0.250084
vt 0.423934 0.248929
vt 0.526767 0.247934
vt 0.117120 0.390873
vt 0.070007 0.392295
vt 0.069931 0.382594
vt 0.116996 0.381213
vt 0.012870 0.358710
vt 0.012667 0.325801
vt 0.007890 0.359527
vt 0.007686 0.325928
vt 0.007552 0.296124
vt 0.012518 0.296201
vt 0.020692 0.392116
vt 0.023968 0.419219
vt 0.022973 0.421264
vt 0.015705 0.415902
vt 0.017359 0.414200
vt 0.013463 0.387236
vt 0.372545 0.380975
vt 0.375191 0.387556
vt 0.325122 0.398913
vt 0.331923 0.387221
vt 0.376643 0.393441
vt 0.324979 0.405142
vt 0.266112 0.411055
vt 0.266032 0.405220
vt 0.268561 0.393474
vt 0.478956 0.344216
vt 0.428626 0.368045
vt 0.485548 0.348012
vt 0.433189 0.372850
vt 0.401916 0.377838
vt 0.404925 0.383186
vt 0.540099 0.297663
vt 0.515028 0.321053
vt 0.549129 0.300215
vt 0.522975 0.324140
vt 0.117244 0.400537
vt 0.117474 0.412100
vt 0.070156 0.413593
vt 0.070081 0.402002
vt 0.117705 0.417708
vt 0.070228 0.419220
vt 0.042361 0.420011
vt 0.043016 0.414361
vt 0.043668 0.402752
vt 0.573695 0.248492
vt 0.559728 0.272468
vt 0.584372 0.249886
vt 0.569692 0.274482
vt 0.015702 0.399754
vt 0.759716 0.768036
vt 0.758520 0.766225
vt 0.763552 0.754048
vt 0.765253 0.755280
vt 0.019144 0.223142
vt 0.011575 0.223051
vt 0.019197 0.233591
vt 0.011636 0.233428
vt 0.004311 0.231876
vt 0.004270 0.222231
vt 0.592155 0.229537
vt 0.581066 0.228845
vt 0.532928 0.228632
vt 0.012309 0.264101
vt 0.012197 0.256019
vt 0.007305 0.263659
vt 0.006983 0.255686
vt 0.004537 0.248044
vt 0.011912 0.249386
vt 0.730242 0.753773
vt 0.730546 0.744810
vt 0.744776 0.746237
vt 0.742437 0.754608
vt 0.731883 0.722107
vt 0.746939 0.723649
vt 0.756320 0.724586
vt 0.753175 0.747846
vt 0.740343 0.762786
vt 0.745862 0.762475
vt 0.749862 0.769587
vt 0.745488 0.772457
vt 0.387596 0.727910
vt 0.370810 0.719995
vt 0.424322 0.723688
vt 0.434250 0.732951
vt 0.330612 0.697657
vt 0.400377 0.701307
vt 0.492293 0.707814
vt 0.500320 0.730842
vt 0.503639 0.740252
vt 0.301083 0.675892
vt 0.382708 0.678600
vt 0.280488 0.653979
vt 0.370460 0.655523
vt 0.481673 0.658951
vt 0.486192 0.683633
vt 0.135457 0.793433
vt 0.127968 0.801290
vt 0.122513 0.793892
vt 0.128766 0.786314
vt 0.119524 0.807475
vt 0.115792 0.800162
vt 0.113800 0.791232
vt 0.120049 0.785476
vt 0.732924 0.697064
vt 0.748755 0.698153
vt 0.734242 0.671400
vt 0.750051 0.672076
vt 0.760388 0.670208
vt 0.758773 0.697441
vt 0.658135 0.717200
vt 0.658089 0.691128
vt 0.705798 0.694539
vt 0.705509 0.719951
vt 0.663854 0.659683
vt 0.708676 0.668315
vt 0.264104 0.630603
vt 0.360773 0.631687
vt 0.252250 0.608442
vt 0.353752 0.609435
vt 0.474566 0.611395
vt 0.477764 0.634232
vt 0.658055 0.750193
vt 0.658222 0.740838
vt 0.705067 0.743225
vt 0.704850 0.752446
vt 0.766749 0.694973
vt 0.763745 0.725234
vt 0.768607 0.665823
vt 0.774284 0.661445
vt 0.772304 0.692381
vt 0.768893 0.725654
vt 0.752057 0.754250
vt 0.759348 0.751123
vt 0.748021 0.778611
vt 0.747229 0.776952
vt 0.752746 0.773503
vt 0.753940 0.775021
vt 0.404274 0.735753
vt 0.444175 0.742259
vt 0.450633 0.753977
vt 0.401610 0.742281
vt 0.506965 0.749687
vt 0.509293 0.761541
vt 0.509067 0.767465
vt 0.450599 0.760280
vt 0.400106 0.748212
vt 0.348942 0.722855
vt 0.299893 0.699489
vt 0.375180 0.732885
vt 0.372069 0.738423
vt 0.344331 0.727712
vt 0.293383 0.703337
vt 0.264746 0.677612
vt 0.239863 0.655931
vt 0.256998 0.680796
vt 0.231019 0.658659
vt 0.657904 0.759553
vt 0.704707 0.761661
vt 0.704549 0.773045
vt 0.657503 0.771062
vt 0.730094 0.762620
vt 0.730552 0.773496
vt 0.731289 0.778786
vt 0.704491 0.778601
vt 0.657181 0.776698
vt 0.219864 0.632240
vt 0.205404 0.609390
vt 0.210020 0.634397
vt 0.194776 0.610855
vt 0.765256 0.771533
vt 0.764115 0.771028
vt 0.770644 0.757030
vt 0.771873 0.757299
vt 0.755660 0.761657
vt 0.197731 0.590640
vt 0.186662 0.591364
vt 0.245945 0.590259
vt 0.109000 0.805359
vt 0.107663 0.795901
vt 0.111075 0.812798
vt 0.772233 0.725978
vt 0.770985 0.725826
vt 0.774585 0.691227
vt 0.775905 0.691112
vt 0.776640 0.659509
vt 0.778011 0.659216
vt 0.766370 0.755715
vt 0.399183 0.751993
vt 0.399525 0.750766
vt 0.450170 0.762729
vt 0.449950 0.763970
vt 0.508773 0.769642
vt 0.508624 0.770918
vt 0.291638 0.706202
vt 0.292273 0.705177
vt 0.343455 0.729996
vt 0.342945 0.731137
vt 0.371327 0.740896
vt 0.370886 0.742101
vt 0.228485 0.660614
vt 0.229436 0.659883
vt 0.255661 0.682280
vt 0.254868 0.683163
vt 0.656958 0.780019
vt 0.657039 0.778765
vt 0.704467 0.780643
vt 0.704437 0.781877
vt 0.731655 0.780705
vt 0.731778 0.781895
vt 0.748402 0.779603
vt 0.760572 0.768759
vt 0.184508 0.591702
vt 0.183302 0.591911
vt 0.192750 0.611516
vt 0.161263 0.750214
vt 0.160219 0.750401
vt 0.159357 0.744523
vt 0.160878 0.744519
vt 0.158735 0.751330
vt 0.157259 0.745175
vt 0.156364 0.740213
vt 0.158659 0.740427
vt 0.160605 0.740740
vt 0.208195 0.635354
vt 0.586439 0.250638
vt 0.571550 0.275510
vt 0.186165 0.614051
vt 0.202105 0.638858
vt 0.224973 0.663447
vt 0.224021 0.664265
vt 0.550755 0.301495
vt 0.165043 0.750938
vt 0.165693 0.745428
vt 0.004886 0.262565
vt 0.004388 0.255165
vt 0.166503 0.752093
vt 0.167387 0.746345
vt 0.165828 0.741449
vt 0.167833 0.741825
vt 0.001724 0.249951
vt 0.178827 0.592773
vt 0.594382 0.229941
vt 0.177585 0.593046
vt 0.732091 0.786329
vt 0.749935 0.783451
vt 0.042073 0.422085
vt 0.732152 0.787540
vt 0.750339 0.784635
vt 0.754612 0.775815
vt 0.656689 0.784618
vt 0.704340 0.786437
vt 0.117803 0.419776
vt 0.070260 0.421286
vt 0.656619 0.785884
vt 0.704309 0.787678
vt 0.251935 0.686550
vt 0.524351 0.325690
vt 0.251136 0.687520
vt 0.289290 0.710041
vt 0.288645 0.711118
vt 0.486647 0.349883
vt 0.341044 0.735243
vt 0.433995 0.375098
vt 0.340501 0.736371
vt 0.368731 0.747564
vt 0.369211 0.746401
vt 0.397872 0.756343
vt 0.397493 0.757529
vt 0.405598 0.385549
vt 0.377184 0.395920
vt 0.449150 0.768452
vt 0.325333 0.407516
vt 0.448927 0.769687
vt 0.508139 0.775482
vt 0.508011 0.776768
vt 0.266337 0.413228
vt 0.757331 0.778967
vt 0.758157 0.779904
vt 0.776904 0.726634
vt 0.778180 0.726771
vt 0.005823 0.359883
vt 0.780736 0.691417
vt 0.005616 0.325964
vt 0.782069 0.691528
vt 0.783019 0.659355
vt 0.784546 0.659660
vt 0.005442 0.295891
vt 0.584078 0.776114
vt 0.583698 0.780691
vt 0.349971 0.590894
vt 0.472440 0.591993
vt 0.028022 0.223122
vt 0.027902 0.233546
vt 0.040620 0.223152
vt 0.039386 0.233574
vt 0.302871 0.230136
vt 0.427714 0.229277
vt 0.130460 0.247542
vt 0.135719 0.229689
vt 0.202072 0.230427
vt 0.198966 0.249832
vt 0.057949 0.223300
vt 0.054176 0.233796
vt 0.074078 0.223655
vt 0.067685 0.234466
vt 0.778425 0.636661
vt 0.783598 0.636851
vt 0.190322 0.417127
vt 0.190181 0.415043
vt 0.583601 0.781986
vt 0.584195 0.774822
vt 0.584403 0.772754
vt 0.585030 0.755567
vt 0.584829 0.767093
vt 0.584525 0.736855
vt 0.584783 0.746209
vt 0.583458 0.713383
vt 0.582222 0.687985
vt 0.580779 0.661604
vt 0.576971 0.635805
vt 0.573493 0.612485
vt 0.640157 0.610571
vt 0.646808 0.632474
vt 0.189905 0.409422
vt 0.189963 0.397875
vt 0.190295 0.388308
vt 0.190628 0.378746
vt 0.190904 0.353545
vt 0.189880 0.324542
vt 0.189559 0.295566
vt 0.194124 0.271009
vt 0.121925 0.265718
vt 0.152509 0.747011
vt 0.152693 0.739702
vt 0.156122 0.754138
vt 0.153319 0.758965
vt 0.147704 0.753530
vt 0.144602 0.749159
vt 0.148913 0.743663
vt 0.150227 0.738547
vt 0.681766 0.585859
vt 0.668046 0.589094
vt 0.688872 0.597277
vt 0.674536 0.604447
vt 0.635137 0.591770
vt 0.570515 0.592584
vt 0.135405 0.733960
vt 0.140432 0.731727
vt 0.145331 0.730680
vt 0.104239 0.761551
vt 0.102033 0.733092
vt 0.105669 0.731802
vt 0.108919 0.758624
vt 0.082909 0.238736
vt 0.090609 0.225667
vt 0.103011 0.227778
vt 0.096120 0.243224
vt 0.011737 0.242109
vt 0.019272 0.242290
vt 0.004388 0.240147
vt 0.027806 0.242219
vt 0.038243 0.242199
vt 0.061475 0.243065
vt 0.050625 0.242328
vt 0.074456 0.249989
vt 0.068169 0.245375
vt 0.075976 0.235895
vt 0.087105 0.257425
vt 0.074018 0.268621
vt 0.083642 0.224333
vt 0.150303 0.764940
vt 0.143663 0.760130
vt 0.146406 0.772763
vt 0.139362 0.767864
vt 0.140491 0.755119
vt 0.682461 0.620956
vt 0.697362 0.608595
vt 0.708578 0.618252
vt 0.695577 0.635638
vt 0.777764 0.623260
vt 0.782970 0.623312
vt 0.159426 0.728296
vt 0.164209 0.728753
vt 0.165854 0.735194
vt 0.159574 0.734379
vt 0.005205 0.275230
vt 0.007451 0.276004
vt 0.785489 0.637684
vt 0.785211 0.624365
vt 0.777040 0.636961
vt 0.774732 0.638606
vt 0.774217 0.624332
vt 0.776388 0.623506
vt 0.761060 0.646110
vt 0.769209 0.642316
vt 0.761213 0.628400
vt 0.769094 0.626228
vt 0.716471 0.643716
vt 0.723722 0.624745
vt 0.739287 0.628228
vt 0.736567 0.647096
vt 0.750909 0.647812
vt 0.751604 0.629289
vt 0.012421 0.276310
vt 0.019566 0.276269
vt 0.056146 0.273860
vt 0.039974 0.275501
vt 0.028241 0.276068
vt 0.113868 0.754951
vt 0.109429 0.730027
vt 0.141438 0.783086
vt 0.134356 0.777104
vt 0.131060 0.736987
vt 0.124590 0.722627
vt 0.180719 0.736745
vt 0.180842 0.730439
vt 0.186428 0.728063
vt 0.187294 0.733728
vt 0.181800 0.724907
vt 0.186128 0.723259
vt 0.190529 0.721493
vt 0.192351 0.725601
vt 0.194557 0.730641
vt 0.170217 0.742923
vt 0.171743 0.734423
vt 0.175873 0.732648
vt 0.175246 0.739684
vt 0.173204 0.727669
vt 0.177596 0.726393
vt 0.149791 0.731395
vt 0.146269 0.724071
vt 0.150455 0.725601
vt 0.153530 0.732636
vt 0.156615 0.733656
vt 0.154848 0.727152
vt 0.079980 0.714891
vt 0.015123 0.721459
vt 0.017935 0.704033
vt 0.019045 0.722012
vt 0.020875 0.679697
vt 0.059951 0.717878
vt 0.107335 0.714642
vt 0.103866 0.711534
vt 0.107525 0.697832
vt 0.110700 0.710210
vt 0.099126 0.682388
vt 0.099984 0.698765
vt 0.107598 0.681918
vt 0.100520 0.712082
vt 0.122334 0.712355
vt 0.118417 0.709064
vt 0.168687 0.735118
vt 0.168861 0.728505
vt 0.022330 0.726760
vt 0.011118 0.702895
vt 0.014894 0.678886
vt 0.011306 0.720715
vt 0.115099 0.696892
vt 0.114195 0.709516
vt 0.115942 0.681211
vt 0.055360 0.736580
vt 0.058922 0.726602
vt 0.172675 0.672391
vt 0.179587 0.695224
vt 0.182401 0.712343
vt 0.035844 0.730183
vt 0.030887 0.730925
vt 0.118021 0.715569
vt 0.122054 0.715380
vt 0.054413 0.723117
vt 0.060157 0.721126
vt 0.066050 0.719414
vt 0.097605 0.719994
vt 0.100856 0.719609
vt 0.104087 0.718920
vt 0.110728 0.717126
vt 0.114332 0.716211
vt 0.013583 0.729558
vt 0.017653 0.730311
vt 0.021722 0.730835
vt 0.072064 0.718265
vt 0.076625 0.717936
vt 0.041369 0.728686
vt 0.045203 0.727135
vt 0.005414 0.727432
vt 0.009445 0.728573
vt 0.006471 0.723691
vt 0.025958 0.731070
vt 0.163848 0.724297
vt 0.158802 0.723905
vt 0.173230 0.723278
vt 0.177451 0.722293
vt 0.181508 0.721090
vt 0.048927 0.725426
vt 0.149296 0.721301
vt 0.153959 0.722829
vt 0.168768 0.723998
vt 0.091128 0.719550
vt 0.094480 0.719963
vt 0.144877 0.719678
vt 0.080398 0.718109
vt 0.078990 0.727950
vt 0.084148 0.718509
vt 0.107412 0.718064
vt 0.087745 0.718996
vt 0.185380 0.719770
vt 0.187608 0.714808
vt 0.189181 0.718295
vt 0.074815 0.748321
vt 0.189495 0.709502
vt 0.134616 0.506725
vt 0.141671 0.505996
vt 0.154122 0.640608
vt 0.147479 0.642034
vt 0.148726 0.505420
vt 0.160592 0.639401
vt 0.155718 0.504930
vt 0.166909 0.638450
vt 0.021410 0.510411
vt 0.028418 0.510330
vt 0.027455 0.644864
vt 0.021054 0.644371
vt 0.035496 0.510331
vt 0.034011 0.645579
vt 0.042588 0.510482
vt 0.040753 0.646490
vt 0.049602 0.510767
vt 0.047719 0.647528
vt 0.056476 0.511122
vt 0.054939 0.648603
vt 0.063184 0.511471
vt 0.062423 0.649624
vt 0.069732 0.511750
vt 0.070158 0.650505
vt 0.076145 0.511907
vt 0.078108 0.651140
vt 0.082463 0.511909
vt 0.086214 0.651432
vt 0.088732 0.511735
vt 0.094392 0.651318
vt 0.094993 0.511397
vt 0.102554 0.650744
vt 0.101290 0.510879
vt 0.110617 0.649767
vt 0.107669 0.510200
vt 0.118495 0.648456
vt 0.114171 0.509388
vt 0.126134 0.646915
vt 0.120828 0.508493
vt 0.133514 0.645273
vt 0.140623 0.643621
vt 0.127649 0.507580
vt 0.135521 0.663836
vt 0.144365 0.662938
vt 0.151064 0.661572
vt 0.157589 0.660111
vt 0.163631 0.658629
vt 0.169472 0.657261
vt 0.018177 0.663391
vt 0.024213 0.664165
vt 0.030442 0.664966
vt 0.037115 0.665777
vt 0.043986 0.666501
vt 0.051063 0.666982
vt 0.058802 0.667190
vt 0.067048 0.667391
vt 0.075342 0.667711
vt 0.083748 0.667945
vt 0.092308 0.667914
vt 0.100862 0.667491
vt 0.109276 0.666691
vt 0.117426 0.665655
vt 0.125341 0.664566
vt 0.127958 0.474442
vt 0.135306 0.476588
vt 0.133078 0.492195
vt 0.125746 0.492072
vt 0.142710 0.478789
vt 0.140615 0.492457
vt 0.149983 0.480881
vt 0.148103 0.492846
vt 0.156903 0.482740
vt 0.155148 0.493282
vt 0.018422 0.488392
vt 0.025167 0.485975
vt 0.028015 0.497747
vt 0.021029 0.498755
vt 0.032245 0.483297
vt 0.035447 0.496750
vt 0.039445 0.480500
vt 0.042938 0.495875
vt 0.046595 0.477763
vt 0.050235 0.495154
vt 0.053607 0.475244
vt 0.057214 0.494578
vt 0.060466 0.473057
vt 0.063849 0.494116
vt 0.067191 0.471271
vt 0.070174 0.493739
vt 0.073822 0.469920
vt 0.076254 0.493423
vt 0.080401 0.469019
vt 0.082159 0.493150
vt 0.086969 0.468569
vt 0.087963 0.492908
vt 0.093552 0.468483
vt 0.093766 0.492676
vt 0.100182 0.468844
vt 0.099674 0.492467
vt 0.106901 0.469649
vt 0.105759 0.492286
vt 0.113750 0.470882
vt 0.112094 0.492146
vt 0.120763 0.472503
vt 0.118744 0.492066
vt 0.032342 0.463582
vt 0.025193 0.467216
vt 0.016434 0.451911
vt 0.023996 0.446831
vt 0.133410 0.456297
vt 0.125703 0.453728
vt 0.131454 0.433564
vt 0.139827 0.437524
vt 0.094123 0.447975
vt 0.086128 0.447980
vt 0.085131 0.423545
vt 0.094881 0.423725
vt 0.039682 0.460122
vt 0.031757 0.441934
vt 0.141008 0.459147
vt 0.147960 0.441772
vt 0.102106 0.448593
vt 0.104463 0.424953
vt 0.047155 0.456933
vt 0.039779 0.437305
vt 0.148429 0.462187
vt 0.155911 0.446219
vt 0.110042 0.449797
vt 0.113783 0.427107
vt 0.054742 0.454111
vt 0.048133 0.433081
vt 0.155541 0.465354
vt 0.163702 0.450874
vt 0.117910 0.451532
vt 0.122783 0.430035
vt 0.062442 0.451740
vt 0.056865 0.429431
vt 0.162161 0.468631
vt 0.171278 0.455886
vt 0.070254 0.449893
vt 0.065978 0.426524
vt 0.018362 0.470952
vt 0.012031 0.474758
vt 0.001906 0.462798
vt 0.009048 0.457185
vt 0.078161 0.448627
vt 0.075429 0.424519
vt 0.752930 0.335354
vt 0.752930 0.330463
vt 0.761485 0.330463
vt 0.761485 0.335354
vt 0.752930 0.324200
vt 0.761485 0.324200
vt 0.769976 0.324200
vt 0.769976 0.330463
vt 0.769976 0.335354
vt 0.618470 0.289031
vt 0.618786 0.281779
vt 0.633984 0.282157
vt 0.633896 0.289496
vt 0.633730 0.296927
vt 0.618066 0.296430
vt 0.634090 0.274911
vt 0.619042 0.274616
vt 0.619236 0.267539
vt 0.634083 0.267766
vt 0.619705 0.246568
vt 0.619849 0.239594
vt 0.634509 0.239952
vt 0.634270 0.246910
vt 0.619404 0.260514
vt 0.634075 0.260759
vt 0.634746 0.232899
vt 0.619985 0.232606
vt 0.620089 0.225599
vt 0.634862 0.225818
vt 0.634982 0.218722
vt 0.620168 0.218582
vt 0.620210 0.211558
vt 0.635004 0.211627
vt 0.616375 0.320284
vt 0.617005 0.311922
vt 0.633574 0.312156
vt 0.633700 0.319979
vt 0.620228 0.204532
vt 0.635050 0.204532
vt 0.603269 0.246219
vt 0.600588 0.246165
vt 0.600720 0.239248
vt 0.603411 0.239292
vt 0.599741 0.246148
vt 0.599871 0.239234
vt 0.599963 0.232309
vt 0.600812 0.232320
vt 0.603500 0.232356
vt 0.599965 0.302017
vt 0.597226 0.301596
vt 0.598146 0.294595
vt 0.600873 0.294902
vt 0.596369 0.301461
vt 0.597292 0.294497
vt 0.597973 0.287564
vt 0.598822 0.287638
vt 0.601524 0.287865
vt 0.911042 0.156355
vt 0.879966 0.158110
vt 0.879540 0.150407
vt 0.910541 0.148344
vt 0.826716 0.299469
vt 0.827236 0.292356
vt 0.876234 0.296904
vt 0.875380 0.304381
vt 0.824942 0.320503
vt 0.825567 0.313551
vt 0.873461 0.319152
vt 0.872404 0.326432
vt 0.902970 0.323902
vt 0.901551 0.331500
vt 0.956354 0.204690
vt 0.956290 0.213205
vt 0.935407 0.212973
vt 0.935453 0.204675
vt 0.912077 0.228847
vt 0.912265 0.220789
vt 0.935272 0.221269
vt 0.935056 0.229561
vt 0.912401 0.212726
vt 0.970742 0.204701
vt 0.970680 0.213367
vt 0.994731 0.213652
vt 0.978556 0.213456
vt 0.978605 0.204708
vt 0.994780 0.204726
vt 0.976913 0.257162
vt 0.977424 0.248430
vt 0.993558 0.249308
vt 0.993023 0.258206
vt 0.602404 0.273918
vt 0.599720 0.273786
vt 0.600025 0.266879
vt 0.602712 0.266982
vt 0.598874 0.273744
vt 0.599179 0.266846
vt 0.599406 0.259951
vt 0.600251 0.259977
vt 0.602929 0.260058
vt 0.954709 0.255734
vt 0.954103 0.264221
vt 0.933316 0.262652
vt 0.933882 0.254394
vt 0.912432 0.204660
vt 0.909848 0.268958
vt 0.910470 0.260971
vt 0.932653 0.270897
vt 0.969063 0.256659
vt 0.968450 0.265303
vt 0.599337 0.280702
vt 0.602036 0.280875
vt 0.598489 0.280647
vt 0.977847 0.239692
vt 0.993981 0.240403
vt 0.966839 0.344779
vt 0.968197 0.335862
vt 0.984454 0.338152
vt 0.983255 0.347083
vt 0.969500 0.327022
vt 0.985662 0.329259
vt 0.978175 0.230950
vt 0.994331 0.231492
vt 0.978413 0.222204
vt 0.994568 0.222575
vt 0.975601 0.274617
vt 0.976310 0.265894
vt 0.992416 0.267099
vt 0.991702 0.275988
vt 0.600445 0.253074
vt 0.603130 0.253139
vt 0.599598 0.253053
vt 0.973923 0.292056
vt 0.974815 0.283339
vt 0.990912 0.284874
vt 0.990017 0.293755
vt 0.971882 0.309505
vt 0.972954 0.300780
vt 0.989049 0.302634
vt 0.987982 0.311508
vt 0.970735 0.318255
vt 0.986860 0.320382
vt 0.686575 0.247089
vt 0.673960 0.247157
vt 0.669577 0.240317
vt 0.686530 0.240013
vt 0.656959 0.236850
vt 0.656289 0.230232
vt 0.669426 0.233208
vt 0.686462 0.232984
vt 0.600897 0.225384
vt 0.603596 0.225410
vt 0.600047 0.225376
vt 0.600093 0.218433
vt 0.600944 0.218438
vt 0.603639 0.218456
vt 0.880826 0.227951
vt 0.911783 0.236897
vt 0.880584 0.235705
vt 0.911436 0.244936
vt 0.880284 0.243446
vt 0.879908 0.251169
vt 0.879472 0.258871
vt 0.829257 0.256196
vt 0.829536 0.248872
vt 0.829974 0.234165
vt 0.830132 0.226788
vt 0.910981 0.252961
vt 0.909166 0.276925
vt 0.878387 0.274194
vt 0.878961 0.266547
vt 0.830241 0.219400
vt 0.880992 0.220186
vt 0.829779 0.241528
vt 0.908369 0.284860
vt 0.877737 0.281805
vt 0.907504 0.292767
vt 0.877023 0.289378
vt 0.828162 0.277999
vt 0.828569 0.270764
vt 0.906518 0.300630
vt 0.905452 0.308451
vt 0.828931 0.263494
vt 0.827720 0.285199
vt 0.904259 0.316210
vt 0.874452 0.311797
vt 0.826159 0.306531
vt 0.669343 0.226030
vt 0.686408 0.225889
vt 0.656284 0.226100
vt 0.656314 0.218884
vt 0.669306 0.218859
vt 0.686374 0.218780
vt 0.947159 0.323580
vt 0.945678 0.332117
vt 0.925033 0.328136
vt 0.926507 0.320025
vt 0.953522 0.136658
vt 0.954185 0.145145
vt 0.933390 0.146690
vt 0.932738 0.138442
vt 0.923380 0.336222
vt 0.961590 0.325859
vt 0.960213 0.334618
vt 0.949694 0.306595
vt 0.948478 0.315075
vt 0.927832 0.311885
vt 0.929019 0.303724
vt 0.964032 0.308499
vt 0.962851 0.317163
vt 0.951767 0.289652
vt 0.950772 0.298120
vt 0.930089 0.295543
vt 0.931045 0.287344
vt 0.966088 0.291216
vt 0.965099 0.299853
vt 0.881101 0.212415
vt 0.825719 0.095668
vt 0.873596 0.090127
vt 0.874580 0.097481
vt 0.826299 0.102679
vt 0.830313 0.212005
vt 0.955617 0.238737
vt 0.955195 0.247238
vt 0.934362 0.246125
vt 0.934750 0.237847
vt 0.931901 0.279128
vt 0.969989 0.239354
vt 0.969561 0.248008
vt 0.596894 0.316618
vt 0.594051 0.315778
vt 0.595938 0.308631
vt 0.598719 0.309229
vt 0.593191 0.315494
vt 0.595078 0.308439
vt 0.600985 0.211488
vt 0.603687 0.211496
vt 0.600133 0.211485
vt 0.600135 0.204534
vt 0.600987 0.204534
vt 0.603684 0.204534
vt 0.956164 0.221719
vt 0.955922 0.230230
vt 0.970549 0.222033
vt 0.970304 0.230695
vt 0.953430 0.272705
vt 0.952635 0.281180
vt 0.967763 0.273944
vt 0.966964 0.282580
vt 0.559206 0.045015
vt 0.558256 0.040249
vt 0.570348 0.036578
vt 0.571783 0.043774
vt 0.556396 0.035758
vt 0.567541 0.029799
vt 0.598714 0.253032
vt 0.598838 0.246130
vt 0.598504 0.259924
vt 0.553694 0.031719
vt 0.563462 0.023700
vt 0.550258 0.028281
vt 0.558274 0.018511
vt 0.598985 0.239220
vt 0.599057 0.232298
vt 0.546216 0.025583
vt 0.552171 0.014437
vt 0.541726 0.023723
vt 0.545393 0.011628
vt 0.599158 0.225367
vt 0.599185 0.218427
vt 0.536959 0.022777
vt 0.538195 0.010200
vt 0.532099 0.022776
vt 0.530858 0.010199
vt 0.599243 0.211483
vt 0.599226 0.204534
vt 0.536967 0.072122
vt 0.541734 0.071172
vt 0.545404 0.083264
vt 0.538208 0.084699
vt 0.546224 0.069313
vt 0.552183 0.080457
vt 0.594184 0.308235
vt 0.595462 0.301316
vt 0.592304 0.315160
vt 0.550264 0.066611
vt 0.558282 0.076378
vt 0.553701 0.063174
vt 0.563472 0.071190
vt 0.596403 0.294393
vt 0.597069 0.287486
vt 0.556399 0.059132
vt 0.567545 0.065087
vt 0.558260 0.054642
vt 0.570354 0.058309
vt 0.597604 0.280589
vt 0.597973 0.273699
vt 0.559205 0.049875
vt 0.571782 0.051112
vt 0.598296 0.266812
vt 0.735850 0.335354
vt 0.735850 0.330463
vt 0.744437 0.330463
vt 0.744437 0.335354
vt 0.735850 0.324200
vt 0.744437 0.324200
vt 0.701639 0.335354
vt 0.701639 0.330463
vt 0.710103 0.330463
vt 0.710103 0.335354
vt 0.701639 0.324200
vt 0.710103 0.324200
vt 0.718723 0.324200
vt 0.718723 0.330463
vt 0.718723 0.335354
vt 0.684744 0.335354
vt 0.684744 0.330463
vt 0.693282 0.330463
vt 0.693282 0.335354
vt 0.684744 0.324200
vt 0.693282 0.324200
vt 0.667442 0.335354
vt 0.667442 0.330463
vt 0.676116 0.330463
vt 0.676116 0.335354
vt 0.667442 0.324200
vt 0.676116 0.324200
vt 0.786871 0.335354
vt 0.786871 0.330463
vt 0.795499 0.330463
vt 0.795499 0.335354
vt 0.786871 0.324200
vt 0.795499 0.324201
vt 0.804173 0.324201
vt 0.804173 0.330463
vt 0.804173 0.335354
vt 0.778332 0.330463
vt 0.778332 0.335354
vt 0.778332 0.324200
vt 0.944041 0.340723
vt 0.958744 0.343470
vt 0.881135 0.204640
vt 0.655993 0.304305
vt 0.644306 0.304463
vt 0.644272 0.296990
vt 0.655904 0.296924
vt 0.633647 0.304477
vt 0.644312 0.289579
vt 0.655876 0.289563
vt 0.644325 0.282210
vt 0.655862 0.282198
vt 0.644357 0.274871
vt 0.655884 0.274808
vt 0.644299 0.267584
vt 0.655916 0.270350
vt 0.641363 0.261818
vt 0.640697 0.247118
vt 0.644614 0.240351
vt 0.644839 0.233174
vt 0.644939 0.225987
vt 0.645037 0.218819
vt 0.645063 0.211672
vt 0.656321 0.211702
vt 0.645094 0.204532
vt 0.656333 0.204533
vt 0.639088 0.253898
vt 0.634076 0.253822
vt 0.613312 0.260363
vt 0.613490 0.253396
vt 0.616439 0.253465
vt 0.616281 0.260439
vt 0.613638 0.246438
vt 0.616597 0.246501
vt 0.619549 0.253534
vt 0.614061 0.218532
vt 0.614109 0.211533
vt 0.617076 0.211545
vt 0.617037 0.218556
vt 0.614116 0.204532
vt 0.617094 0.204532
vt 0.613897 0.232506
vt 0.613999 0.225523
vt 0.616961 0.225559
vt 0.616864 0.232554
vt 0.613783 0.239476
vt 0.616735 0.239532
vt 0.612861 0.274395
vt 0.613118 0.267360
vt 0.616093 0.267453
vt 0.615869 0.274507
vt 0.612129 0.288670
vt 0.612550 0.281495
vt 0.615580 0.281644
vt 0.615211 0.288855
vt 0.610911 0.303441
vt 0.611609 0.295974
vt 0.614743 0.296218
vt 0.614153 0.303739
vt 0.617587 0.304012
vt 0.608876 0.319420
vt 0.610039 0.311223
vt 0.613417 0.311620
vt 0.612503 0.319963
vt 0.633748 0.112108
vt 0.618075 0.112600
vt 0.617598 0.105013
vt 0.633667 0.104553
vt 0.727275 0.330463
vt 0.727275 0.335354
vt 0.727275 0.324200
vt 0.996894 0.258455
vt 0.996263 0.267384
vt 0.718723 0.338324
vt 0.727275 0.338324
vt 0.735850 0.338324
vt 0.995570 0.276314
vt 0.991842 0.311984
vt 0.990698 0.320883
vt 0.769976 0.338324
vt 0.778332 0.338324
vt 0.786871 0.338324
vt 0.989519 0.329781
vt 0.988299 0.338670
vt 0.795499 0.338324
vt 0.804173 0.338324
vt 0.987127 0.347561
vt 0.998665 0.204730
vt 0.998594 0.213698
vt 0.667442 0.338324
vt 0.676116 0.338324
vt 0.684744 0.338324
vt 0.998451 0.222663
vt 0.998189 0.231619
vt 0.693282 0.338324
vt 0.701639 0.338324
vt 0.997858 0.240572
vt 0.997410 0.249516
vt 0.710103 0.338324
vt 0.994757 0.285238
vt 0.744437 0.338324
vt 0.752930 0.338324
vt 0.993881 0.294160
vt 0.992889 0.303073
vt 0.761485 0.338324
vt 0.686757 0.318001
vt 0.669622 0.318599
vt 0.669391 0.311336
vt 0.686564 0.310890
vt 0.656380 0.319107
vt 0.656141 0.311699
vt 0.669230 0.304069
vt 0.686425 0.303765
vt 0.669127 0.296799
vt 0.686334 0.296631
vt 0.669083 0.289531
vt 0.686289 0.289496
vt 0.669083 0.282262
vt 0.686291 0.282368
vt 0.669144 0.274991
vt 0.686334 0.275257
vt 0.669261 0.267771
vt 0.686424 0.268228
vt 0.673272 0.260985
vt 0.686519 0.261142
vt 0.669286 0.211694
vt 0.686354 0.211661
vt 0.669285 0.204536
vt 0.686351 0.204540
vt 0.676295 0.254089
vt 0.686561 0.254118
vt 0.709728 0.310419
vt 0.709833 0.317386
vt 0.709655 0.303427
vt 0.767488 0.310239
vt 0.767305 0.317029
vt 0.767673 0.303390
vt 0.709587 0.289391
vt 0.768032 0.289570
vt 0.767853 0.296508
vt 0.709607 0.296418
vt 0.709606 0.275311
vt 0.768368 0.275609
vt 0.768202 0.282612
vt 0.709585 0.282355
vt 0.709670 0.261209
vt 0.768664 0.261535
vt 0.768519 0.268589
vt 0.709632 0.268265
vt 0.709734 0.232932
vt 0.769095 0.233140
vt 0.769009 0.240264
vt 0.709724 0.240012
vt 0.709722 0.247085
vt 0.768906 0.247372
vt 0.709734 0.218749
vt 0.769207 0.218867
vt 0.769155 0.226010
vt 0.709730 0.225844
vt 0.768789 0.254467
vt 0.709694 0.254151
vt 0.709736 0.204548
vt 0.769249 0.204571
vt 0.769233 0.211721
vt 0.709730 0.211650
vt 0.830338 0.204607
vt 0.709801 0.098636
vt 0.767622 0.098874
vt 0.767796 0.105736
vt 0.709724 0.105635
vt 0.644609 0.319561
vt 0.644388 0.311988
vt 0.672323 0.247357
vt 0.668165 0.241166
vt 0.656988 0.238106
vt 0.642819 0.261087
vt 0.645758 0.266373
vt 0.656090 0.268849
vt 0.646041 0.241212
vt 0.642259 0.247350
vt 0.640773 0.253746
vt 0.667858 0.266520
vt 0.671731 0.260391
vt 0.674392 0.253880
vt 0.660763 0.246460
vt 0.657353 0.245535
vt 0.657150 0.243662
vt 0.661852 0.244769
vt 0.653899 0.246591
vt 0.652638 0.245198
vt 0.651366 0.249257
vt 0.649544 0.248697
vt 0.650338 0.252781
vt 0.648454 0.253092
vt 0.651012 0.256323
vt 0.649402 0.257433
vt 0.653423 0.259052
vt 0.652429 0.260736
vt 0.657011 0.260085
vt 0.656812 0.262194
vt 0.660629 0.259033
vt 0.661427 0.260972
vt 0.663151 0.256223
vt 0.664706 0.257505
vt 0.664002 0.252570
vt 0.665854 0.252957
vt 0.663154 0.249031
vt 0.664905 0.248419
vt 0.909895 0.031771
vt 0.905671 0.031771
vt 0.905671 0.001333
vt 0.909895 0.001333
vt 0.914130 0.031771
vt 0.914130 0.001333
vt 0.918371 0.031771
vt 0.918371 0.001333
vt 0.924613 0.031771
vt 0.924613 0.001333
vt 0.874329 0.031771
vt 0.868684 0.031771
vt 0.868684 0.001333
vt 0.874329 0.001333
vt 0.878159 0.031771
vt 0.878159 0.001333
vt 0.882125 0.031771
vt 0.882125 0.001333
vt 0.885989 0.031771
vt 0.885989 0.001333
vt 0.889843 0.031771
vt 0.889843 0.001333
vt 0.895433 0.031771
vt 0.895433 0.001333
vt 0.901414 0.031771
vt 0.901414 0.001333
vt 0.552535 0.061946
vt 0.547746 0.064228
vt 0.542285 0.065880
vt 0.536446 0.066833
vt 0.554052 0.056733
vt 0.548686 0.058509
vt 0.542493 0.059887
vt 0.535851 0.060802
vt 0.554752 0.051169
vt 0.549006 0.052371
vt 0.542346 0.053419
vt 0.535205 0.054256
vt 0.554613 0.045468
vt 0.548696 0.046052
vt 0.541852 0.046727
vt 0.534533 0.047449
vt 0.553635 0.039850
vt 0.547765 0.039794
vt 0.541028 0.040068
vt 0.533862 0.040642
vt 0.551861 0.034530
vt 0.546252 0.033836
vt 0.539909 0.033696
vt 0.533216 0.034096
vt 0.549354 0.029714
vt 0.544212 0.028411
vt 0.538534 0.027859
vt 0.532621 0.028065
vt 0.581953 0.335354
vt 0.573398 0.335354
vt 0.573398 0.330463
vt 0.581953 0.330463
vt 0.573398 0.324200
vt 0.581953 0.324200
vt 0.564908 0.330463
vt 0.564908 0.324200
vt 0.564908 0.335354
vt 0.633997 0.126885
vt 0.618791 0.127258
vt 0.618476 0.120002
vt 0.633911 0.119543
vt 0.634091 0.141281
vt 0.619237 0.141506
vt 0.619044 0.134425
vt 0.634100 0.134134
vt 0.634511 0.169108
vt 0.619847 0.169464
vt 0.619703 0.162487
vt 0.634272 0.162149
vt 0.634080 0.148290
vt 0.619404 0.148535
vt 0.634864 0.183244
vt 0.620087 0.183463
vt 0.619983 0.176454
vt 0.634748 0.176162
vt 0.635004 0.197436
vt 0.620209 0.197505
vt 0.620166 0.190481
vt 0.634983 0.190340
vt 0.633597 0.096870
vt 0.617018 0.097098
vt 0.616392 0.088730
vt 0.633726 0.089042
vt 0.603259 0.162836
vt 0.603402 0.169766
vt 0.600710 0.169811
vt 0.600577 0.162890
vt 0.599861 0.169825
vt 0.599730 0.162907
vt 0.600803 0.176742
vt 0.599954 0.176753
vt 0.603492 0.176706
vt 0.599965 0.107003
vt 0.600871 0.114123
vt 0.598142 0.114429
vt 0.597224 0.107423
vt 0.597288 0.114527
vt 0.596367 0.107558
vt 0.598817 0.121391
vt 0.597967 0.121464
vt 0.601521 0.121164
vt 0.826845 0.109740
vt 0.875499 0.104896
vt 0.876346 0.112373
vt 0.827354 0.116855
vt 0.825105 0.088729
vt 0.872545 0.082848
vt 0.901691 0.077805
vt 0.903105 0.085404
vt 0.935418 0.196377
vt 0.956302 0.196174
vt 0.912108 0.180471
vt 0.935090 0.179788
vt 0.935295 0.188081
vt 0.912285 0.188530
vt 0.912412 0.196594
vt 0.970695 0.196034
vt 0.994747 0.195800
vt 0.978576 0.195957
vt 0.976988 0.152234
vt 0.993119 0.151221
vt 0.993637 0.160126
vt 0.977500 0.160972
vt 0.602397 0.135120
vt 0.602703 0.142061
vt 0.600015 0.142163
vt 0.599711 0.135251
vt 0.599168 0.142196
vt 0.598865 0.135294
vt 0.600240 0.149070
vt 0.599394 0.149095
vt 0.602920 0.148988
vt 0.954780 0.153636
vt 0.933947 0.154950
vt 0.909928 0.140355
vt 0.968537 0.144080
vt 0.969139 0.152729
vt 0.602030 0.128159
vt 0.599330 0.128331
vt 0.598481 0.128386
vt 0.994046 0.169036
vt 0.977905 0.169717
vt 0.967001 0.064571
vt 0.983425 0.062277
vt 0.984618 0.071212
vt 0.968353 0.073492
vt 0.985820 0.080110
vt 0.969649 0.082336
vt 0.994383 0.177952
vt 0.978217 0.178462
vt 0.994605 0.186875
vt 0.978436 0.187207
vt 0.975702 0.134772
vt 0.991820 0.133420
vt 0.992524 0.142318
vt 0.976400 0.143500
vt 0.603120 0.155912
vt 0.600433 0.155977
vt 0.599586 0.155998
vt 0.974044 0.117321
vt 0.990150 0.115636
vt 0.991038 0.124525
vt 0.974927 0.126044
vt 0.972018 0.099862
vt 0.988129 0.097871
vt 0.989188 0.106751
vt 0.973083 0.108592
vt 0.987012 0.088992
vt 0.970878 0.091107
vt 0.686600 0.161986
vt 0.686551 0.169063
vt 0.669594 0.168744
vt 0.673985 0.161911
vt 0.669438 0.175857
vt 0.656295 0.178831
vt 0.656966 0.172211
vt 0.686478 0.176093
vt 0.603589 0.183654
vt 0.600891 0.183681
vt 0.600040 0.183689
vt 0.600940 0.190628
vt 0.600089 0.190634
vt 0.603635 0.190610
vt 0.911824 0.172421
vt 0.880855 0.181328
vt 0.880623 0.173574
vt 0.880333 0.165833
vt 0.911487 0.164381
vt 0.829595 0.160342
vt 0.829325 0.153017
vt 0.830013 0.175050
vt 0.830162 0.182427
vt 0.878473 0.135083
vt 0.909255 0.132387
vt 0.879037 0.142731
vt 0.881012 0.189093
vt 0.830261 0.189815
vt 0.829828 0.167687
vt 0.908466 0.124450
vt 0.877832 0.127472
vt 0.877127 0.119898
vt 0.907609 0.116543
vt 0.828260 0.131213
vt 0.828657 0.138449
vt 0.906631 0.108678
vt 0.905573 0.100856
vt 0.829009 0.145719
vt 0.827828 0.124012
vt 0.904387 0.093096
vt 0.686420 0.183189
vt 0.669352 0.183039
vt 0.656289 0.182964
vt 0.669312 0.190211
vt 0.656318 0.190182
vt 0.686382 0.190299
vt 0.925172 0.081187
vt 0.945824 0.077221
vt 0.947298 0.085761
vt 0.926639 0.089300
vt 0.923525 0.073099
vt 0.960365 0.074731
vt 0.961736 0.083493
vt 0.927957 0.097442
vt 0.948611 0.094270
vt 0.949819 0.102754
vt 0.929137 0.105605
vt 0.962990 0.092193
vt 0.964165 0.100862
vt 0.930200 0.113789
vt 0.950890 0.111231
vt 0.951877 0.119703
vt 0.931147 0.121990
vt 0.965224 0.109512
vt 0.966205 0.118154
vt 0.881111 0.196865
vt 0.830324 0.197209
vt 0.934417 0.163220
vt 0.955256 0.162135
vt 0.955666 0.170638
vt 0.934795 0.171500
vt 0.931994 0.130208
vt 0.969628 0.161383
vt 0.970043 0.170041
vt 0.596897 0.092392
vt 0.598721 0.099786
vt 0.595937 0.100383
vt 0.594052 0.093232
vt 0.595077 0.100576
vt 0.593192 0.093515
vt 0.603685 0.197570
vt 0.600983 0.197580
vt 0.600130 0.197583
vt 0.955959 0.179147
vt 0.956189 0.187659
vt 0.970343 0.178703
vt 0.970574 0.187368
vt 0.952736 0.128180
vt 0.967071 0.126795
vt 0.967861 0.135435
vt 0.509860 0.049883
vt 0.497283 0.051124
vt 0.497284 0.043787
vt 0.509861 0.045023
vt 0.498712 0.036590
vt 0.510807 0.040256
vt 0.598702 0.156019
vt 0.598826 0.162925
vt 0.598492 0.149122
vt 0.501521 0.029811
vt 0.512667 0.035766
vt 0.505595 0.023708
vt 0.515365 0.031724
vt 0.598974 0.169839
vt 0.599047 0.176765
vt 0.510784 0.018521
vt 0.518802 0.028288
vt 0.516883 0.014441
vt 0.522842 0.025586
vt 0.599150 0.183698
vt 0.599180 0.190640
vt 0.523662 0.011634
vt 0.527333 0.023727
vt 0.599240 0.197586
vt 0.530871 0.084698
vt 0.532107 0.072121
vt 0.523674 0.083270
vt 0.527340 0.071176
vt 0.594182 0.100779
vt 0.595459 0.107703
vt 0.592304 0.093850
vt 0.516895 0.080461
vt 0.522850 0.069315
vt 0.510792 0.076388
vt 0.518808 0.066617
vt 0.596398 0.114630
vt 0.597062 0.121542
vt 0.505604 0.071199
vt 0.515372 0.063180
vt 0.501525 0.065100
vt 0.512670 0.059140
vt 0.597596 0.128444
vt 0.597962 0.135338
vt 0.498718 0.058320
vt 0.510811 0.054650
vt 0.598285 0.142230
vt 0.599034 0.335354
vt 0.590447 0.335354
vt 0.590447 0.330463
vt 0.599034 0.330463
vt 0.590447 0.324200
vt 0.599034 0.324200
vt 0.633244 0.335354
vt 0.624780 0.335354
vt 0.624780 0.330463
vt 0.633244 0.330463
vt 0.624780 0.324200
vt 0.633244 0.324200
vt 0.616160 0.330463
vt 0.616160 0.324200
vt 0.616160 0.335354
vt 0.650140 0.335354
vt 0.641601 0.335354
vt 0.641601 0.330463
vt 0.650140 0.330463
vt 0.641601 0.324200
vt 0.650140 0.324200
vt 0.658768 0.335354
vt 0.658768 0.330463
vt 0.658768 0.324200
vt 0.548013 0.335354
vt 0.539385 0.335354
vt 0.539385 0.330463
vt 0.548013 0.330463
vt 0.539385 0.324200
vt 0.548013 0.324200
vt 0.530711 0.330463
vt 0.530711 0.324200
vt 0.530711 0.335354
vt 0.556551 0.335354
vt 0.556551 0.330463
vt 0.556551 0.324200
vt 0.944193 0.068612
vt 0.958902 0.065875
vt 0.656026 0.104733
vt 0.655935 0.112118
vt 0.644296 0.112048
vt 0.644333 0.104571
vt 0.644333 0.119463
vt 0.655904 0.119485
vt 0.655886 0.126854
vt 0.644343 0.126837
vt 0.644372 0.134179
vt 0.655905 0.134249
vt 0.655934 0.138711
vt 0.644312 0.141469
vt 0.641370 0.147228
vt 0.640699 0.161945
vt 0.644620 0.168708
vt 0.644844 0.175888
vt 0.644943 0.183076
vt 0.645040 0.190245
vt 0.656323 0.197365
vt 0.645064 0.197392
vt 0.639094 0.155157
vt 0.634079 0.155232
vt 0.613309 0.148684
vt 0.616280 0.148609
vt 0.616436 0.155587
vt 0.613486 0.155655
vt 0.616594 0.162554
vt 0.613633 0.162617
vt 0.619548 0.155518
vt 0.614059 0.190532
vt 0.617035 0.190508
vt 0.617075 0.197519
vt 0.614107 0.197531
vt 0.613893 0.176554
vt 0.616861 0.176507
vt 0.616959 0.183503
vt 0.613996 0.183539
vt 0.616731 0.169526
vt 0.613779 0.169581
vt 0.612860 0.134645
vt 0.615870 0.134533
vt 0.616092 0.141591
vt 0.613115 0.141684
vt 0.612132 0.120361
vt 0.615216 0.120178
vt 0.615583 0.127393
vt 0.612551 0.127541
vt 0.610918 0.105582
vt 0.614162 0.105285
vt 0.614750 0.112810
vt 0.611614 0.113053
vt 0.608887 0.089593
vt 0.612517 0.089051
vt 0.613428 0.097399
vt 0.610048 0.097795
vt 0.607608 0.335354
vt 0.607608 0.330463
vt 0.607608 0.324200
vt 0.996376 0.142037
vt 0.996994 0.150979
vt 0.616160 0.338324
vt 0.607608 0.338324
vt 0.599034 0.338324
vt 0.995691 0.133097
vt 0.990852 0.088493
vt 0.991990 0.097398
vt 0.564908 0.338324
vt 0.556551 0.338324
vt 0.548013 0.338324
vt 0.989679 0.079591
vt 0.988465 0.070698
vt 0.539385 0.338324
vt 0.530711 0.338324
vt 0.987299 0.061802
vt 0.998611 0.195762
vt 0.658768 0.338324
vt 0.650140 0.338324
vt 0.998489 0.186795
vt 0.998243 0.177831
vt 0.641601 0.338324
vt 0.633244 0.338324
vt 0.997925 0.168873
vt 0.997492 0.159925
vt 0.624780 0.338324
vt 0.994886 0.124164
vt 0.590447 0.338324
vt 0.581953 0.338324
vt 0.994017 0.115234
vt 0.993032 0.106314
vt 0.573398 0.338324
vt 0.686814 0.091038
vt 0.686619 0.098154
vt 0.669434 0.097702
vt 0.669667 0.090435
vt 0.656177 0.097335
vt 0.656418 0.089923
vt 0.669271 0.104974
vt 0.686477 0.105285
vt 0.686382 0.112423
vt 0.669164 0.112249
vt 0.669117 0.119521
vt 0.686334 0.119563
vt 0.686332 0.126695
vt 0.669115 0.126795
vt 0.669174 0.134071
vt 0.686372 0.133809
vt 0.686460 0.140841
vt 0.669288 0.141295
vt 0.686551 0.147929
vt 0.673305 0.148078
vt 0.686358 0.197418
vt 0.669289 0.197377
vt 0.686589 0.154955
vt 0.676320 0.154980
vt 0.709911 0.091663
vt 0.767449 0.092067
vt 0.709670 0.112649
vt 0.767968 0.112622
vt 0.768138 0.119563
vt 0.709646 0.119681
vt 0.709639 0.126721
vt 0.768299 0.126524
vt 0.768457 0.133530
vt 0.709654 0.133769
vt 0.709674 0.140818
vt 0.768601 0.140551
vt 0.768733 0.147603
vt 0.709710 0.147876
vt 0.709750 0.169079
vt 0.769050 0.168875
vt 0.769129 0.176001
vt 0.709754 0.176160
vt 0.709750 0.162004
vt 0.768962 0.161769
vt 0.709744 0.183249
vt 0.769183 0.183132
vt 0.769220 0.190274
vt 0.709746 0.190346
vt 0.709728 0.154936
vt 0.768851 0.154673
vt 0.709736 0.197446
vt 0.769239 0.197421
vt 0.644417 0.097042
vt 0.644641 0.089464
vt 0.672736 0.161758
vt 0.668518 0.168095
vt 0.656988 0.171254
vt 0.642482 0.147785
vt 0.645422 0.142394
vt 0.656068 0.139856
vt 0.645706 0.168052
vt 0.641890 0.161768
vt 0.640381 0.155275
vt 0.668220 0.142249
vt 0.672127 0.148532
vt 0.674868 0.155139
vt 0.660779 0.162610
vt 0.661868 0.164305
vt 0.657161 0.165406
vt 0.657366 0.163534
vt 0.652649 0.163870
vt 0.653911 0.162476
vt 0.649552 0.160368
vt 0.651376 0.159808
vt 0.648463 0.155969
vt 0.650348 0.156281
vt 0.649413 0.151625
vt 0.651024 0.152736
vt 0.652442 0.148321
vt 0.653436 0.150006
vt 0.656827 0.146864
vt 0.657027 0.148973
vt 0.661444 0.148084
vt 0.660646 0.150026
vt 0.664728 0.151554
vt 0.663171 0.152838
vt 0.665877 0.156107
vt 0.664023 0.156494
vt 0.664926 0.160650
vt 0.663174 0.160037
vt 0.909895 0.062208
vt 0.905671 0.062208
vt 0.914130 0.062208
vt 0.918371 0.062208
vt 0.924613 0.062208
vt 0.874329 0.062208
vt 0.868684 0.062208
vt 0.878159 0.062208
vt 0.882125 0.062208
vt 0.885989 0.062208
vt 0.889843 0.062208
vt 0.895433 0.062208
vt 0.901414 0.062208
vt 0.519712 0.065185
vt 0.524854 0.066487
vt 0.530532 0.067039
vt 0.517205 0.060369
vt 0.522814 0.061062
vt 0.529157 0.061203
vt 0.515431 0.055048
vt 0.521301 0.055104
vt 0.528038 0.054830
vt 0.514454 0.049430
vt 0.520370 0.048846
vt 0.527214 0.048171
vt 0.514315 0.043730
vt 0.520060 0.042527
vt 0.526720 0.041479
vt 0.515015 0.038165
vt 0.520380 0.036389
vt 0.526573 0.035011
vt 0.516532 0.032952
vt 0.521321 0.030670
vt 0.526781 0.029018
vt 0.680849 0.026166
vt 0.672031 0.026166
vt 0.672031 0.068671
vt 0.680849 0.068671
vt 0.663213 0.026166
vt 0.672031 0.023583
vt 0.663213 0.023583
vt 0.680849 0.023583
vt 0.698485 0.026166
vt 0.689667 0.026166
vt 0.689667 0.068671
vt 0.698485 0.068671
vt 0.689667 0.023583
vt 0.698485 0.023583
vt 0.663213 0.068671
vt 0.716122 0.026166
vt 0.707304 0.026166
vt 0.707304 0.068671
vt 0.716122 0.068671
vt 0.707304 0.023583
vt 0.716122 0.023583
vt 0.733758 0.026166
vt 0.724940 0.026166
vt 0.724940 0.068671
vt 0.733758 0.068671
vt 0.724940 0.023583
vt 0.733758 0.023583
vt 0.751395 0.026166
vt 0.742576 0.026166
vt 0.742576 0.068671
vt 0.751394 0.068671
vt 0.742576 0.023583
vt 0.751395 0.023583
vt 0.769031 0.026166
vt 0.760213 0.026166
vt 0.760213 0.068671
vt 0.769031 0.068671
vt 0.760213 0.023583
vt 0.769031 0.023583
vt 0.786667 0.026166
vt 0.777849 0.026166
vt 0.777849 0.068671
vt 0.786667 0.068671
vt 0.777849 0.023583
vt 0.786667 0.023583
vt 0.804304 0.026166
vt 0.795485 0.026166
vt 0.795485 0.068671
vt 0.804304 0.068671
vt 0.795485 0.023583
vt 0.804304 0.023583
vt 0.821940 0.026166
vt 0.813122 0.026166
vt 0.813122 0.068671
vt 0.821940 0.068671
vt 0.813122 0.023583
vt 0.821940 0.023583
vt 0.839576 0.026166
vt 0.830758 0.026166
vt 0.830758 0.068671
vt 0.839576 0.068671
vt 0.830758 0.023583
vt 0.839576 0.023583
vt 0.857213 0.026166
vt 0.848395 0.026166
vt 0.848395 0.068671
vt 0.857213 0.068671
vt 0.848395 0.023583
vt 0.857213 0.023583
vt 0.592667 0.026166
vt 0.583849 0.026166
vt 0.583849 0.068671
vt 0.592667 0.068671
vt 0.866031 0.026166
vt 0.866031 0.023583
vt 0.592667 0.023583
vt 0.583849 0.023583
vt 0.610304 0.026166
vt 0.601485 0.026166
vt 0.601485 0.068671
vt 0.610304 0.068671
vt 0.601485 0.023583
vt 0.610304 0.023583
vt 0.866031 0.068671
vt 0.627940 0.026166
vt 0.619122 0.026166
vt 0.619122 0.068671
vt 0.627940 0.068671
vt 0.619122 0.023583
vt 0.627940 0.023583
vt 0.467561 0.018922
vt 0.471989 0.018922
vt 0.471989 0.011400
vt 0.467561 0.011400
vt 0.467560 0.001326
vt 0.471989 0.001326
vt 0.476417 0.001326
vt 0.476417 0.011400
vt 0.476417 0.018922
vt 0.645576 0.026166
vt 0.636758 0.026166
vt 0.636758 0.068671
vt 0.645576 0.068671
vt 0.636758 0.023583
vt 0.645576 0.023583
vt 0.654394 0.026166
vt 0.654394 0.068671
vt 0.654394 0.023583
vt 0.663213 0.007709
vt 0.654394 0.007709
vt 0.654394 0.021880
vt 0.663213 0.021880
vt 0.672031 0.021880
vt 0.680849 0.021880
vt 0.689667 0.021880
vt 0.698485 0.021880
vt 0.707304 0.021880
vt 0.716122 0.021880
vt 0.724940 0.021880
vt 0.733758 0.021880
vt 0.742576 0.021880
vt 0.751395 0.021880
vt 0.760213 0.021880
vt 0.769031 0.021880
vt 0.777849 0.021880
vt 0.786667 0.021880
vt 0.795485 0.021880
vt 0.804304 0.021880
vt 0.813122 0.021880
vt 0.821940 0.021880
vt 0.830758 0.021880
vt 0.839576 0.021880
vt 0.848395 0.021880
vt 0.857213 0.021880
vt 0.583849 0.021880
vt 0.592667 0.021880
vt 0.866031 0.021880
vt 0.601485 0.021880
vt 0.610304 0.021880
vt 0.619122 0.021880
vt 0.627940 0.021880
vt 0.636758 0.021880
vt 0.645576 0.021880
vt 0.361279 0.018922
vt 0.365708 0.018922
vt 0.365708 0.011400
vt 0.361279 0.011400
vt 0.361279 0.001326
vt 0.365708 0.001326
vt 0.370136 0.001326
vt 0.370136 0.011400
vt 0.370136 0.018922
vt 0.405563 0.018922
vt 0.409992 0.018922
vt 0.409992 0.011400
vt 0.405563 0.011400
vt 0.405563 0.001326
vt 0.409991 0.001326
vt 0.414420 0.001326
vt 0.414420 0.011400
vt 0.414420 0.018922
vt 0.440990 0.018922
vt 0.445419 0.018922
vt 0.445419 0.011400
vt 0.440990 0.011400
vt 0.440990 0.001326
vt 0.445419 0.001326
vt 0.449847 0.001326
vt 0.449847 0.011400
vt 0.449847 0.018922
vt 0.480846 0.018922
vt 0.480846 0.011400
vt 0.480846 0.001326
vt 0.485274 0.001326
vt 0.485274 0.011400
vt 0.485274 0.018922
vt 0.374565 0.018922
vt 0.374565 0.011400
vt 0.374564 0.001326
vt 0.378993 0.001326
vt 0.378993 0.011400
vt 0.378993 0.018922
vt 0.418848 0.018922
vt 0.418848 0.011400
vt 0.418848 0.001326
vt 0.423277 0.001326
vt 0.423277 0.011400
vt 0.423277 0.018922
vt 0.454275 0.018922
vt 0.454275 0.011400
vt 0.454275 0.001326
vt 0.458704 0.001326
vt 0.458704 0.011400
vt 0.458704 0.018922
vt 0.489702 0.018922
vt 0.489702 0.011400
vt 0.489702 0.001326
vt 0.347994 0.011400
vt 0.347994 0.001326
vt 0.352422 0.001326
vt 0.352422 0.011400
vt 0.347994 0.018922
vt 0.352422 0.018922
vt 0.383421 0.018922
vt 0.383421 0.011400
vt 0.383421 0.001326
vt 0.387850 0.001326
vt 0.387850 0.011400
vt 0.387850 0.018922
vt 0.427705 0.018922
vt 0.427705 0.011400
vt 0.427705 0.001326
vt 0.432133 0.001326
vt 0.432133 0.011400
vt 0.432133 0.018922
vt 0.463132 0.018922
vt 0.463132 0.011400
vt 0.463132 0.001326
vt 0.356851 0.018922
vt 0.356851 0.011400
vt 0.356851 0.001326
vt 0.396706 0.018922
vt 0.401135 0.018922
vt 0.401135 0.011400
vt 0.396706 0.011400
vt 0.396706 0.001326
vt 0.401135 0.001326
vt 0.436562 0.018922
vt 0.436562 0.011400
vt 0.436562 0.001326
vt 0.645576 0.001330
vt 0.645576 0.004818
vt 0.654394 0.004818
vt 0.654394 0.001330
vt 0.663213 0.004818
vt 0.663213 0.001330
vt 0.645576 0.007709
vt 0.627940 0.001330
vt 0.627940 0.004818
vt 0.636758 0.004818
vt 0.636758 0.001330
vt 0.636758 0.007709
vt 0.627940 0.007709
vt 0.610304 0.001330
vt 0.610304 0.004818
vt 0.619122 0.004818
vt 0.619122 0.001330
vt 0.619122 0.007709
vt 0.610304 0.007709
vt 0.592667 0.001330
vt 0.592667 0.004818
vt 0.601485 0.004818
vt 0.601485 0.001330
vt 0.601485 0.007709
vt 0.592667 0.007709
vt 0.857213 0.001330
vt 0.857213 0.004818
vt 0.866031 0.004818
vt 0.866031 0.001330
vt 0.583849 0.001330
vt 0.583849 0.004818
vt 0.583849 0.007709
vt 0.857213 0.007709
vt 0.866031 0.007709
vt 0.839576 0.001330
vt 0.839576 0.004818
vt 0.848395 0.004818
vt 0.848395 0.001330
vt 0.848395 0.007709
vt 0.839576 0.007709
vt 0.821940 0.001330
vt 0.821940 0.004818
vt 0.830758 0.004818
vt 0.830758 0.001330
vt 0.830758 0.007709
vt 0.821940 0.007709
vt 0.804304 0.001330
vt 0.804304 0.004818
vt 0.813122 0.004818
vt 0.813122 0.001330
vt 0.813122 0.007709
vt 0.804304 0.007709
vt 0.786667 0.001330
vt 0.786667 0.004818
vt 0.795485 0.004818
vt 0.795485 0.001330
vt 0.795485 0.007709
vt 0.786667 0.007709
vt 0.769031 0.001330
vt 0.769031 0.004818
vt 0.777849 0.004818
vt 0.777849 0.001330
vt 0.777849 0.007709
vt 0.769031 0.007709
vt 0.751395 0.001330
vt 0.751395 0.004818
vt 0.760213 0.004818
vt 0.760213 0.001330
vt 0.760213 0.007709
vt 0.751395 0.007709
vt 0.733758 0.001330
vt 0.733758 0.004818
vt 0.742576 0.004818
vt 0.742576 0.001330
vt 0.742576 0.007709
vt 0.733758 0.007709
vt 0.716122 0.001330
vt 0.716122 0.004818
vt 0.724940 0.004818
vt 0.724940 0.001330
vt 0.724940 0.007709
vt 0.716122 0.007709
vt 0.698485 0.001330
vt 0.698485 0.004818
vt 0.707304 0.004818
vt 0.707304 0.001330
vt 0.707304 0.007709
vt 0.698485 0.007709
vt 0.680849 0.001330
vt 0.680849 0.004818
vt 0.689667 0.004818
vt 0.689667 0.001330
vt 0.689667 0.007709
vt 0.680849 0.007709
vt 0.672031 0.004818
vt 0.672031 0.001330
vt 0.672031 0.007709
vt 0.392278 0.018922
vt 0.392278 0.011400
vt 0.392278 0.001326
vt 0.556488 0.086973
vt 0.563826 0.082066
vt 0.564535 0.082930
vt 0.557015 0.087960
vt 0.570069 0.075825
vt 0.570934 0.076534
vt 0.672031 0.070311
vt 0.672031 0.069799
vt 0.663213 0.069799
vt 0.663213 0.070311
vt 0.680849 0.070311
vt 0.680849 0.069799
vt 0.539675 0.092076
vt 0.548332 0.090350
vt 0.548657 0.091420
vt 0.539784 0.093190
vt 0.689667 0.070311
vt 0.689667 0.069799
vt 0.698485 0.070311
vt 0.698485 0.069799
vt 0.522188 0.090357
vt 0.530847 0.092075
vt 0.530737 0.093188
vt 0.521864 0.091427
vt 0.707304 0.070311
vt 0.707304 0.069799
vt 0.716122 0.070311
vt 0.716122 0.069799
vt 0.506690 0.082077
vt 0.514033 0.086977
vt 0.513506 0.087964
vt 0.505981 0.082942
vt 0.724940 0.070311
vt 0.724940 0.069799
vt 0.733758 0.070311
vt 0.733758 0.069799
vt 0.495541 0.068497
vt 0.500449 0.075834
vt 0.499585 0.076544
vt 0.494555 0.069024
vt 0.742576 0.070311
vt 0.742576 0.069799
vt 0.751394 0.070311
vt 0.751394 0.069799
vt 0.490437 0.051683
vt 0.492164 0.060341
vt 0.491094 0.060665
vt 0.489324 0.051793
vt 0.760213 0.070311
vt 0.760213 0.069799
vt 0.769031 0.070311
vt 0.769031 0.069799
vt 0.492155 0.034197
vt 0.490438 0.042856
vt 0.489325 0.042746
vt 0.491085 0.033872
vt 0.777849 0.070311
vt 0.777849 0.069799
vt 0.786667 0.070311
vt 0.786667 0.069799
vt 0.500435 0.018699
vt 0.495534 0.026042
vt 0.494548 0.025515
vt 0.499570 0.017990
vt 0.795485 0.070311
vt 0.795485 0.069799
vt 0.804304 0.070311
vt 0.804304 0.069799
vt 0.514014 0.007549
vt 0.506677 0.012457
vt 0.505967 0.011593
vt 0.513487 0.006562
vt 0.813122 0.070311
vt 0.813122 0.069799
vt 0.821940 0.070311
vt 0.821940 0.069799
vt 0.530827 0.002444
vt 0.522170 0.004171
vt 0.521845 0.003101
vt 0.530717 0.001331
vt 0.830758 0.070311
vt 0.830758 0.069799
vt 0.839576 0.070311
vt 0.839576 0.069799
vt 0.548314 0.004161
vt 0.539655 0.002444
vt 0.539764 0.001331
vt 0.548638 0.003091
vt 0.848395 0.070311
vt 0.848395 0.069799
vt 0.857213 0.070311
vt 0.857213 0.069799
vt 0.563820 0.012446
vt 0.556478 0.007545
vt 0.557006 0.006559
vt 0.564530 0.011582
vt 0.556469 0.007540
vt 0.556996 0.006553
vt 0.866031 0.070311
vt 0.866031 0.069799
vt 0.592667 0.070311
vt 0.592667 0.069799
vt 0.583849 0.069799
vt 0.583849 0.070311
vt 0.574968 0.026028
vt 0.570061 0.018690
vt 0.570925 0.017980
vt 0.575954 0.025500
vt 0.601485 0.070311
vt 0.601485 0.069799
vt 0.610304 0.070311
vt 0.610304 0.069799
vt 0.580070 0.042841
vt 0.578344 0.034184
vt 0.579414 0.033859
vt 0.581183 0.042732
vt 0.619122 0.070311
vt 0.619122 0.069799
vt 0.627940 0.070311
vt 0.627940 0.069799
vt 0.578350 0.060328
vt 0.580068 0.051669
vt 0.581181 0.051778
vt 0.579420 0.060652
vt 0.636758 0.070311
vt 0.636758 0.069799
vt 0.645576 0.070311
vt 0.645576 0.069799
vt 0.574970 0.068483
vt 0.575956 0.069010
vt 0.654394 0.070311
vt 0.654394 0.069799
vt 0.566841 0.073176
vt 0.571287 0.066515
vt 0.573320 0.067601
vt 0.568623 0.074638
vt 0.574354 0.059116
vt 0.576560 0.059785
vt 0.575913 0.051260
vt 0.578207 0.051486
vt 0.575915 0.043251
vt 0.578209 0.043025
vt 0.574349 0.035397
vt 0.576555 0.034727
vt 0.571286 0.027997
vt 0.573319 0.026910
vt 0.566833 0.021339
vt 0.568615 0.019877
vt 0.561172 0.015674
vt 0.562634 0.013892
vt 0.554510 0.011227
vt 0.555597 0.009194
vt 0.554502 0.011222
vt 0.547103 0.008157
vt 0.547771 0.005951
vt 0.555588 0.009189
vt 0.539247 0.006599
vt 0.539472 0.004305
vt 0.531237 0.006599
vt 0.531011 0.004305
vt 0.523383 0.008166
vt 0.522713 0.005960
vt 0.515983 0.011231
vt 0.514896 0.009198
vt 0.509327 0.015684
vt 0.507864 0.013903
vt 0.503663 0.021347
vt 0.501881 0.019885
vt 0.499217 0.028009
vt 0.497184 0.026923
vt 0.496151 0.035408
vt 0.493945 0.034739
vt 0.494593 0.043264
vt 0.492299 0.043039
vt 0.494592 0.051273
vt 0.492298 0.051500
vt 0.496159 0.059128
vt 0.493953 0.059797
vt 0.499223 0.066528
vt 0.497190 0.067615
vt 0.503676 0.073185
vt 0.501895 0.074647
vt 0.509339 0.078849
vt 0.507877 0.080631
vt 0.516000 0.083295
vt 0.514914 0.085328
vt 0.523399 0.086361
vt 0.522731 0.088567
vt 0.531255 0.087920
vt 0.531030 0.090214
vt 0.539265 0.087921
vt 0.539491 0.090215
vt 0.547119 0.086355
vt 0.547789 0.088561
vt 0.554519 0.083291
vt 0.555606 0.085324
vt 0.561176 0.078838
vt 0.562639 0.080620
vt 0.010061 0.017022
s 1
usemtl trowel_01
f 574/1/1 307/2/2 793/3/3 148/4/4
f 307/2/2 25/5/5 304/6/6 793/3/3
f 793/3/3 304/6/6 28/7/7 292/8/8
f 305/9/9 2615/10/10 2636/11/11 809/12/12
f 600/13/13 296/14/14 794/15/15 136/16/16
f 296/14/14 32/17/17 294/18/18 794/15/15
f 794/15/15 294/18/18 22/19/19 301/20/20
f 136/16/16 794/15/15 301/20/20 591/21/21
f 32/17/17 297/22/22 795/23/23 294/18/18
f 297/22/22 33/24/24 293/25/25 795/23/23
f 795/23/23 293/25/25 21/26/26 302/27/27
f 294/18/18 795/23/23 302/27/27 22/19/19
f 105/28/28 461/29/29 796/30/30 482/31/31
f 461/29/29 100/32/32 453/33/33 796/30/30
f 796/30/30 453/33/33 99/34/34 448/35/35
f 482/31/31 796/30/30 448/35/35 114/36/36
f 115/37/37 457/38/38 797/39/39 481/40/40
f 457/38/38 101/41/41 455/42/42 797/39/39
f 797/39/39 455/42/42 100/32/32 461/29/29
f 481/40/40 797/39/39 461/29/29 105/28/28
f 25/5/5 306/43/43 798/44/44 304/6/6
f 306/43/43 24/45/45 303/46/46 798/44/44
f 798/44/44 303/46/46 27/47/47 291/48/48
f 304/6/6 798/44/44 291/48/48 28/7/7
f 83/49/49 442/50/50 799/51/51 422/52/52
f 442/50/50 82/53/53 421/54/54 799/51/51
f 799/51/51 421/54/54 24/45/45 306/43/43
f 422/52/52 799/51/51 306/43/43 25/5/5
f 33/24/24 334/55/55 800/56/56 293/25/25
f 334/55/55 40/57/57 324/58/58 800/56/56
f 800/56/56 324/58/58 37/59/59 336/60/60
f 293/25/25 800/56/56 336/60/60 21/26/26
f 162/61/61 441/62/62 801/63/63 69/64/64
f 441/62/62 83/49/49 422/52/52 801/63/63
f 801/63/63 422/52/52 25/5/5 307/2/2
f 69/64/64 801/63/63 307/2/2 574/1/1
f 28/7/7 291/48/48 802/65/65 316/66/66
f 291/48/48 27/47/47 315/67/67 802/65/65
f 802/65/65 315/67/67 15/68/68 308/69/69
f 316/66/66 802/65/65 308/69/69 16/70/70
f 148/4/4 793/3/3 292/8/8 2614/71/71
f 292/8/8 28/7/7 316/66/66 803/72/72
f 803/72/72 316/66/66 16/70/70 309/73/73
f 314/74/74 2613/75/75 2643/76/76 844/77/77
f 31/78/78 295/79/79 804/80/80 318/81/81
f 295/79/79 30/82/82 319/83/83 804/80/80
f 804/80/80 319/83/83 23/84/84 310/85/85
f 318/81/81 804/80/80 310/85/85 20/86/86
f 32/17/17 296/14/14 805/87/87 320/88/88
f 600/13/13 31/78/78 318/81/81 68/89/89
f 68/89/89 318/81/81 20/86/86 527/90/90
f 320/88/88 805/87/87 311/91/91 19/92/92
f 33/24/24 297/22/22 806/93/93 321/94/94
f 297/22/22 32/17/17 320/88/88 806/93/93
f 806/93/93 320/88/88 19/92/92 312/95/95
f 321/94/94 806/93/93 312/95/95 18/96/96
f 84/97/97 423/98/98 807/99/99 440/100/100
f 423/98/98 34/101/101 322/102/102 807/99/99
f 807/99/99 322/102/102 26/103/103 424/104/104
f 440/100/100 807/99/99 424/104/104 85/105/105
f 40/57/57 334/55/55 808/106/106 331/107/107
f 334/55/55 33/24/24 321/94/94 808/106/106
f 808/106/106 321/94/94 18/96/96 335/108/108
f 331/107/107 808/106/106 335/108/108 36/109/109
f 34/101/101 305/9/9 809/12/12 322/102/102
f 2640/110/110 832/111/111 356/112/112 2617/113/113
f 2637/114/114 803/72/72 309/73/73 2612/115/115
f 322/102/102 809/12/12 314/74/74 26/103/103
f 4/116/116 283/117/117 810/118/118 327/119/119
f 283/117/117 5/120/120 329/121/121 810/118/118
f 810/118/118 329/121/121 35/122/122 330/123/123
f 327/119/119 810/118/118 330/123/123 39/124/124
f 6/125/125 285/126/126 811/127/127 416/128/128
f 285/126/126 2/129/129 415/130/130 811/127/127
f 811/127/127 415/130/130 40/57/57 331/107/107
f 416/128/128 811/127/127 331/107/107 36/109/109
f 114/36/36 448/35/35 812/131/131 480/132/132
f 448/35/35 99/34/34 451/133/133 812/131/131
f 812/131/131 451/133/133 97/134/134 460/135/135
f 480/132/132 812/131/131 460/135/135 104/136/136
f 364/137/137 55/138/138 813/139/139 354/140/140
f 352/141/141 828/142/142 2639/143/143 2618/144/144
f 813/139/139 339/145/145 54/146/146 351/147/147
f 354/140/140 813/139/139 351/147/147 51/148/148
f 390/149/149 43/150/150 814/151/151 343/152/152
f 43/150/150 381/153/153 348/154/154 814/151/151
f 814/151/151 348/154/154 48/155/155 341/156/156
f 343/152/152 814/151/151 341/156/156 58/157/157
f 58/157/157 341/156/156 815/158/158 344/159/159
f 341/156/156 48/155/155 349/160/160 815/158/158
f 815/158/158 349/160/160 47/161/161 340/162/162
f 344/159/159 815/158/158 340/162/162 59/163/163
f 113/164/164 483/165/165 816/166/166 474/167/167
f 483/165/165 118/168/168 486/169/169 816/166/166
f 816/166/166 486/169/169 119/170/170 466/171/171
f 474/167/167 816/166/166 466/171/171 111/172/172
f 51/148/148 351/147/147 817/173/173 353/174/174
f 351/147/147 54/146/146 338/175/175 817/173/173
f 817/173/173 338/175/175 53/176/176 350/177/177
f 353/174/174 817/173/173 350/177/177 50/178/178
f 88/179/179 427/180/180 818/181/181 438/182/182
f 427/180/180 51/148/148 353/174/174 818/181/181
f 818/181/181 353/174/174 50/178/178 426/183/183
f 438/182/182 818/181/181 426/183/183 87/184/184
f 59/163/163 340/162/162 819/185/185 375/186/186
f 340/162/162 47/161/161 377/187/187 819/185/185
f 819/185/185 377/187/187 62/188/188 371/189/189
f 375/186/186 819/185/185 371/189/189 63/190/190
f 174/191/191 29/192/192 820/193/193 437/194/194
f 29/192/192 364/137/137 354/140/140 820/193/193
f 820/193/193 354/140/140 51/148/148 427/180/180
f 437/194/194 820/193/193 427/180/180 88/179/179
f 54/146/146 363/195/195 821/196/196 338/175/175
f 363/195/195 42/197/197 355/198/198 821/196/196
f 821/196/196 355/198/198 41/199/199 362/200/200
f 338/175/175 821/196/196 362/200/200 53/176/176
f 55/138/138 2619/201/201 339/145/145 813/139/139
f 837/202/202 2641/203/203 2616/204/204 361/205/205
f 822/206/206 356/112/112 42/197/197 363/195/195
f 339/145/145 822/206/206 363/195/195 54/146/146
f 57/207/207 365/208/208 823/209/209 342/210/210
f 365/208/208 46/211/211 357/212/212 823/209/209
f 823/209/209 357/212/212 49/213/213 366/214/214
f 342/210/210 823/209/209 366/214/214 56/215/215
f 58/157/157 367/216/216 824/217/217 343/152/152
f 367/216/216 45/218/218 358/219/219 824/217/217
f 17/220/220 317/221/221 46/211/211 365/208/208
f 390/149/149 17/220/220 365/208/208 57/207/207
f 59/163/163 368/222/222 825/223/223 344/159/159
f 368/222/222 44/224/224 359/225/225 825/223/223
f 825/223/223 359/225/225 45/218/218 367/216/216
f 344/159/159 825/223/223 367/216/216 58/157/157
f 89/226/226 436/227/227 826/228/228 428/229/229
f 436/227/227 90/230/230 429/231/231 826/228/228
f 826/228/228 429/231/231 52/232/232 369/233/233
f 428/229/229 826/228/228 369/233/233 60/234/234
f 63/190/190 373/235/235 827/236/236 375/186/186
f 373/235/235 61/237/237 376/238/238 827/236/236
f 827/236/236 376/238/238 44/224/224 368/222/222
f 375/186/186 827/236/236 368/222/222 59/163/163
f 60/234/234 369/233/233 828/142/142 352/141/141
f 369/233/233 52/232/232 361/205/205 828/142/142
f 2619/201/201 2638/239/239 822/206/206 339/145/145
f 2642/240/240 849/241/241 411/242/242 2620/243/243
f 9/244/244 418/245/245 829/246/246 279/247/247
f 418/245/245 61/237/237 373/235/235 829/246/246
f 829/246/246 373/235/235 63/190/190 417/248/248
f 279/247/247 829/246/246 417/248/248 8/249/249
f 119/170/170 489/250/250 830/251/251 466/171/171
f 489/250/250 116/252/252 458/253/253 830/251/251
f 830/251/251 458/253/253 102/254/254 473/255/255
f 466/171/171 830/251/251 473/255/255 111/172/172
f 67/256/256 414/257/257 831/258/258 380/259/259
f 414/257/257 65/260/260 379/261/261 831/258/258
f 831/258/258 379/261/261 41/199/199 355/198/198
f 380/259/259 831/258/258 355/198/198 42/197/197
f 2625/262/262 2651/263/263 958/264/264 519/265/265
f 412/266/266 67/256/256 380/259/259 832/111/111
f 832/111/111 380/259/259 42/197/197 356/112/112
f 2638/239/239 2617/113/113 356/112/112 822/206/206
f 75/267/267 410/268/268 833/269/269 384/270/270
f 410/268/268 77/271/271 385/272/272 833/269/269
f 833/269/269 385/272/272 49/213/213 357/212/212
f 384/270/270 833/269/269 357/212/212 46/211/211
f 73/273/273 408/274/274 834/275/275 383/276/276
f 187/277/277 75/267/267 384/270/270 2652/278/278
f 2652/278/278 384/270/270 46/211/211 317/221/221
f 383/276/276 834/275/275 358/219/219 45/218/218
f 71/279/279 406/280/280 835/281/281 382/282/282
f 406/280/280 73/273/273 383/276/276 835/281/281
f 835/281/281 383/276/276 45/218/218 359/225/225
f 382/282/282 835/281/281 359/225/225 44/224/224
f 93/283/283 432/284/284 836/285/285 435/286/286
f 432/284/284 79/287/287 386/288/288 836/285/285
f 836/285/285 386/288/288 52/232/232 429/231/231
f 435/286/286 836/285/285 429/231/231 90/230/230
f 79/287/287 402/289/289 837/202/202 386/288/288
f 2623/290/290 412/266/266 832/111/111 2640/110/110
f 828/142/142 361/205/205 2616/204/204 2639/143/143
f 386/288/288 837/202/202 361/205/205 52/232/232
f 11/291/291 420/292/292 838/293/293 278/294/294
f 420/292/292 81/295/295 387/296/296 838/293/293
f 838/293/293 387/296/296 61/237/237 418/245/245
f 278/294/294 838/293/293 418/245/245 9/244/244
f 109/297/297 464/298/298 839/299/299 476/300/300
f 464/298/298 95/301/301 452/302/302 839/299/299
f 839/299/299 452/302/302 94/303/303 462/304/304
f 476/300/300 839/299/299 462/304/304 106/305/305
f 81/295/295 398/306/306 840/307/307 387/296/296
f 398/306/306 71/279/279 382/282/282 840/307/307
f 840/307/307 382/282/282 44/224/224 376/238/238
f 387/296/296 840/307/307 376/238/238 61/237/237
f 36/109/109 335/108/108 841/308/308 396/309/309
f 335/108/108 18/96/96 391/310/310 841/308/308
f 841/311/308 391/312/310 70/313/311 397/314/312
f 396/315/309 841/311/308 397/314/312 80/316/313
f 95/301/301 464/298/298 463/317/314 98/318/315
f 397/314/312 398/306/306 81/295/295 80/316/313
f 104/136/136 460/135/135 842/319/316 475/320/317
f 460/135/135 97/134/134 454/321/318 842/319/316
f 842/322/316 454/323/318 98/318/315 463/317/314
f 475/324/317 842/322/316 463/317/314 108/325/319
f 80/316/313 81/295/295 420/292/292 419/326/320
f 463/317/314 464/298/298 109/297/297 108/325/319
f 6/125/125 416/128/128 843/327/321 282/328/322
f 416/128/128 36/109/109 396/309/309 843/327/321
f 843/329/321 396/315/309 80/316/313 419/326/320
f 282/330/322 843/329/321 419/326/320 10/331/323
f 844/332/77 2643/333/76 2621/334/324 401/335/325
f 419/326/320 420/292/292 11/291/291 10/331/323
f 26/103/103 314/74/74 844/77/77 395/336/326
f 2614/71/71 292/8/8 803/72/72 2637/114/114
f 411/242/242 412/266/266 2623/290/290 2620/243/243
f 395/337/326 844/332/77 401/335/325 78/338/327
f 78/338/327 79/287/287 432/284/284 431/339/328
f 401/335/325 402/289/289 79/287/287 78/338/327
f 85/105/105 424/104/104 845/340/329 434/341/330
f 424/104/104 26/103/103 395/336/326 845/340/329
f 845/342/329 395/337/326 78/338/327 431/339/328
f 434/343/330 845/342/329 431/339/328 92/344/331
f 72/345/332 73/273/273 406/280/280 405/346/333
f 431/339/328 432/284/284 93/283/283 92/344/331
f 18/96/96 312/95/95 846/347/334 391/310/310
f 312/95/95 19/92/92 392/348/335 846/347/334
f 846/349/334 392/350/335 72/345/332 405/346/333
f 391/312/310 846/349/334 405/346/333 70/313/311
f 188/351/336 187/277/277 408/274/274 407/352/337
f 405/346/333 406/280/280 71/279/279 70/313/311
f 19/92/92 311/91/91 847/353/338 392/348/335
f 527/90/90 20/86/86 393/354/339 2653/355/340
f 2653/356/340 393/357/339 74/358/341 188/351/336
f 392/350/335 847/359/338 407/352/337 72/345/332
f 76/360/342 77/271/271 410/268/268 409/361/343
f 407/352/337 408/274/274 73/273/273 72/345/332
f 20/86/86 310/85/85 848/362/344 393/354/339
f 310/85/85 23/84/84 394/363/345 848/362/344
f 848/364/344 394/365/345 76/360/342 409/361/343
f 393/357/339 848/364/344 409/361/343 74/358/341
f 66/366/346 67/256/256 412/266/266 411/242/242
f 409/361/343 410/268/268 75/267/267 74/358/341
f 809/12/12 2636/11/11 2613/75/75 314/74/74
f 309/73/73 16/70/70 389/367/347 849/368/241
f 849/241/241 389/369/347 66/366/346 411/242/242
f 2621/334/324 2622/370/348 402/289/289 401/335/325
f 64/371/349 65/260/260 414/257/257 413/372/350
f 402/289/289 2622/370/348 2641/203/203 837/202/202
f 16/70/70 308/69/69 850/373/351 389/367/347
f 308/69/69 15/68/68 388/374/352 850/373/351
f 850/375/351 388/376/352 64/371/349 413/372/350
f 389/369/347 850/375/351 413/372/350 66/366/346
f 92/344/331 93/283/283 404/377/353 403/378/354
f 413/372/350 414/257/257 67/256/256 66/366/346
f 62/188/188 370/379/355 851/380/356 371/189/189
f 370/379/355 7/381/357 280/382/358 851/380/356
f 851/380/356 280/382/358 8/249/249 417/248/248
f 371/189/189 851/380/356 417/248/248 63/190/190
f 39/124/124 328/383/359 852/384/360 327/119/119
f 328/383/359 38/385/361 325/386/362 852/384/360
f 852/384/360 325/386/362 3/387/363 284/388/364
f 327/119/119 852/384/360 284/388/364 4/116/116
f 37/59/59 324/58/58 853/389/365 323/390/366
f 324/58/58 40/57/57 415/130/130 853/389/365
f 853/389/365 415/130/130 2/129/129 286/391/367
f 323/390/366 853/389/365 286/391/367 1/392/368
f 86/393/369 326/394/370 854/395/371 433/396/372
f 326/394/370 37/59/59 323/390/366 854/395/371
f 854/395/371 323/390/366 1/392/368 288/397/373
f 433/396/372 854/395/371 288/397/373 12/398/374
f 38/385/361 446/399/375 855/400/376 325/386/362
f 446/399/375 96/401/377 450/402/378 855/400/376
f 855/400/376 450/402/378 14/403/379 287/404/380
f 325/386/362 855/400/376 287/404/380 3/387/363
f 108/405/319 109/406/297 400/407/381 399/408/382
f 403/378/354 404/377/353 77/271/271 76/360/342
f 23/84/84 313/409/383 856/410/384 394/363/345
f 313/409/383 85/105/105 434/341/330 856/410/384
f 856/411/384 434/343/330 92/344/331 403/378/354
f 394/365/345 856/411/384 403/378/354 76/360/342
f 77/271/271 404/377/353 857/412/385 385/272/272
f 404/377/353 93/283/283 435/286/286 857/412/385
f 857/412/385 435/286/286 90/230/230 360/413/386
f 385/272/272 857/412/385 360/413/386 49/213/213
f 56/215/215 366/214/214 858/414/387 347/415/388
f 366/214/214 49/213/213 360/413/386 858/414/387
f 858/414/387 360/413/386 90/230/230 436/227/227
f 347/415/388 858/414/387 436/227/227 89/226/226
f 381/153/153 2654/416/389 859/417/390 348/154/154
f 2654/416/389 174/191/191 437/194/194 859/417/390
f 859/417/390 437/194/194 88/179/179 346/418/391
f 348/154/154 859/417/390 346/418/391 48/155/155
f 48/155/155 346/418/391 860/419/392 349/160/160
f 346/418/391 88/179/179 438/182/182 860/419/392
f 860/419/392 438/182/182 87/184/184 345/420/393
f 349/160/160 860/419/392 345/420/393 47/161/161
f 47/161/161 345/420/393 861/421/394 377/187/187
f 345/420/393 87/184/184 439/422/395 861/421/394
f 861/421/394 439/422/395 91/423/396 372/424/397
f 377/187/187 861/421/394 372/424/397 62/188/188
f 30/82/82 300/425/398 862/426/399 319/83/83
f 300/425/398 84/97/97 440/100/100 862/426/399
f 862/426/399 440/100/100 85/105/105 313/409/383
f 319/83/83 862/426/399 313/409/383 23/84/84
f 591/21/21 301/20/20 863/427/400 2655/428/401
f 301/20/20 22/19/19 299/429/402 863/427/400
f 863/427/400 299/429/402 83/49/49 441/62/62
f 2655/428/401 863/427/400 441/62/62 162/61/61
f 22/19/19 302/27/27 864/430/403 299/429/402
f 302/27/27 21/26/26 298/431/404 864/430/403
f 864/430/403 298/431/404 82/53/53 442/50/50
f 299/429/402 864/430/403 442/50/50 83/49/49
f 21/26/26 336/60/60 865/432/405 298/431/404
f 336/60/60 37/59/59 326/394/370 865/432/405
f 865/432/405 326/394/370 86/393/369 443/433/406
f 298/431/404 865/432/405 443/433/406 82/53/53
f 94/303/303 484/434/407 866/435/408 462/304/304
f 120/436/409 490/437/410 866/435/408 484/434/407
f 117/438/411 445/439/412 866/435/408 490/437/410
f 112/440/413 477/441/414 866/435/408 445/439/412
f 106/305/305 462/304/304 866/435/408 477/441/414
f 102/442/254 289/443/415 867/444/416 473/445/255
f 289/443/415 13/446/417 444/447/418 867/444/416
f 867/444/416 444/447/418 91/423/396 430/448/419
f 473/445/255 867/444/416 430/448/419 111/449/172
f 13/446/417 281/450/420 868/451/421 444/447/418
f 281/450/420 7/381/357 370/379/355 868/451/421
f 868/451/421 370/379/355 62/188/188 372/424/397
f 444/447/418 868/451/421 372/424/397 91/423/396
f 119/170/170 726/452/422 869/453/423 489/250/250
f 726/452/422 132/454/424 497/455/425 869/453/423
f 869/453/423 497/455/425 129/456/426 720/457/427
f 489/250/250 869/453/423 720/457/427 116/252/252
f 118/168/168 727/458/428 870/459/429 486/169/169
f 727/458/428 131/460/430 496/461/431 870/459/429
f 870/459/429 496/461/431 132/454/424 726/452/422
f 486/169/169 870/459/429 726/452/422 119/170/170
f 110/462/432 425/463/433 871/464/434 472/465/435
f 425/463/433 86/393/369 433/396/372 871/464/434
f 871/464/434 433/396/372 12/398/374 459/466/436
f 472/465/435 871/464/434 459/466/436 103/467/437
f 99/34/34 332/468/438 872/469/439 451/133/133
f 332/468/438 39/124/124 330/123/123 872/469/439
f 872/469/439 330/123/123 35/122/122 447/470/440
f 451/133/133 872/469/439 447/470/440 97/134/134
f 100/32/32 449/471/441 873/472/442 453/33/33
f 449/471/441 38/385/361 328/383/359 873/472/442
f 873/472/442 328/383/359 39/124/124 332/468/438
f 453/33/33 873/472/442 332/468/438 99/34/34
f 96/401/377 446/399/375 874/473/443 456/474/444
f 446/399/375 38/385/361 449/471/441 874/473/443
f 874/473/443 449/471/441 100/32/32 455/42/42
f 456/474/444 874/473/443 455/42/42 101/41/41
f 110/462/432 465/475/445 875/476/446 471/477/447
f 465/475/445 96/401/377 456/474/444 875/476/446
f 875/476/446 456/474/444 101/41/41 457/38/38
f 471/477/447 875/476/446 457/38/38 115/37/37
f 86/393/369 425/463/433 876/478/448 443/433/406
f 425/463/433 110/462/432 471/477/447 876/478/448
f 876/478/448 471/477/447 115/37/37 470/479/449
f 443/433/406 876/478/448 470/479/449 82/53/53
f 96/401/377 465/475/445 877/480/450 450/402/378
f 465/475/445 110/462/432 472/465/435 877/480/450
f 877/480/450 472/465/435 103/467/437 290/481/451
f 450/402/378 877/480/450 290/481/451 14/403/379
f 112/440/413 445/439/412 878/482/452 479/483/453
f 445/439/412 117/438/411 487/484/454 878/482/452
f 878/482/452 487/484/454 121/485/455 485/486/456
f 479/483/453 878/482/452 485/486/456 107/487/457
f 91/423/396 439/422/395 879/488/458 430/448/419
f 439/422/395 87/184/184 468/489/459 879/488/458
f 879/488/458 468/489/459 113/490/164 474/491/167
f 430/448/419 879/488/458 474/491/167 111/449/172
f 95/301/301 98/318/315 722/492/460 721/493/461
f 399/408/382 400/407/381 65/260/260 64/371/349
f 15/68/68 333/494/462 880/495/463 388/374/352
f 333/494/462 104/136/136 475/320/317 880/495/463
f 880/496/463 475/497/317 108/405/319 399/408/382
f 388/376/352 880/496/463 399/408/382 64/371/349
f 65/260/260 400/407/381 881/498/464 379/261/261
f 400/407/381 109/406/297 476/499/300 881/498/464
f 881/498/464 476/499/300 106/500/305 374/501/465
f 379/261/261 881/498/464 374/501/465 41/199/199
f 53/176/176 362/200/200 882/502/466 467/503/467
f 362/200/200 41/199/199 374/501/465 882/502/466
f 882/502/466 374/501/465 106/500/305 477/504/414
f 467/503/467 882/502/466 477/504/414 112/505/413
f 87/184/184 426/183/183 883/506/468 468/489/459
f 426/183/183 50/178/178 378/507/469 883/506/468
f 883/506/468 378/507/469 107/508/457 478/509/470
f 468/489/459 883/506/468 478/509/470 113/490/164
f 50/178/178 350/177/177 884/510/471 378/507/469
f 350/177/177 53/176/176 467/503/467 884/510/471
f 884/510/471 467/503/467 112/505/413 479/511/453
f 378/507/469 884/510/471 479/511/453 107/508/457
f 27/47/47 469/512/472 885/513/473 315/67/67
f 469/512/472 114/36/36 480/132/132 885/513/473
f 885/513/473 480/132/132 104/136/136 333/494/462
f 315/67/67 885/513/473 333/494/462 15/68/68
f 82/53/53 470/479/449 886/514/474 421/54/54
f 470/479/449 115/37/37 481/40/40 886/514/474
f 886/514/474 481/40/40 105/28/28 337/515/475
f 421/54/54 886/514/474 337/515/475 24/45/45
f 24/45/45 337/515/475 887/516/476 303/46/46
f 337/515/475 105/28/28 482/31/31 887/516/476
f 887/516/476 482/31/31 114/36/36 469/512/472
f 303/46/46 887/516/476 469/512/472 27/47/47
f 234/517/477 737/518/478 888/519/479 696/520/480
f 737/518/478 245/521/481 706/522/482 888/519/479
f 888/519/479 706/522/482 247/523/483 741/524/484
f 696/520/480 888/519/479 741/524/484 237/525/485
f 107/487/457 485/486/456 889/526/486 478/527/470
f 485/486/456 121/485/455 488/528/487 889/526/486
f 889/526/486 488/528/487 118/168/168 483/165/165
f 478/527/470 889/526/486 483/165/165 113/164/164
f 117/438/411 730/529/488 890/530/489 487/484/454
f 730/529/488 130/531/490 499/532/491 890/530/489
f 890/530/489 499/532/491 133/533/492 731/534/493
f 487/484/454 890/530/489 731/534/493 121/485/455
f 721/493/461 722/492/460 127/535/494 125/536/495
f 248/537/496 757/538/497 901/539/498 742/540/499
f 35/541/122 329/542/121 891/543/500 723/544/501
f 329/542/121 5/545/120 724/546/502 891/543/500
f 891/543/500 724/546/502 122/547/503 491/548/504
f 723/544/501 891/543/500 491/548/504 123/549/505
f 745/550/506 746/551/507 892/552/508 1006/553/509
f 746/551/507 747/554/510 1005/555/511 892/552/508
f 892/552/508 1005/555/511 277/556/512 778/557/513
f 1006/553/509 892/552/508 778/557/513 266/558/514
f 97/559/134 447/560/440 893/561/515 725/562/516
f 447/560/440 35/541/122 723/544/501 893/561/515
f 893/561/515 723/544/501 123/549/505 492/563/517
f 725/562/516 893/561/515 492/563/517 126/564/518
f 273/565/519 1004/566/520 894/567/521 783/568/522
f 1004/566/520 743/569/523 744/570/524 894/567/521
f 894/567/521 744/570/524 745/550/506 1006/553/509
f 783/568/522 894/567/521 1006/553/509 263/571/525
f 120/436/409 484/434/407 895/572/526 728/573/527
f 484/434/407 94/303/303 729/574/528 895/572/526
f 895/572/526 729/574/528 124/575/529 495/576/530
f 728/573/527 895/572/526 495/576/530 128/577/531
f 94/303/303 452/302/302 896/578/532 729/574/528
f 452/302/302 95/301/301 721/493/461 896/578/532
f 896/578/532 721/493/461 125/536/495 493/579/533
f 729/574/528 896/578/532 493/579/533 124/575/529
f 255/580/534 742/540/499 901/539/498 771/581/535
f 771/581/535 901/539/498 267/582/536 788/583/537
f 898/584/538 260/585/539 787/586/540 261/587/541
f 98/318/315 454/323/318 897/588/542 722/492/460
f 454/323/318 97/559/134 725/562/516 897/588/542
f 897/588/542 725/562/516 126/564/518 494/589/543
f 722/492/460 897/588/542 494/589/543 127/535/494
f 901/539/498 257/590/544 784/591/545 267/582/536
f 743/569/523 1004/566/520 756/592/546 254/593/547
f 901/539/498 757/538/497 256/594/548 257/590/544
f 270/595/549 1005/555/511 899/596/550 791/597/551
f 1005/555/511 747/554/510 748/598/552 899/596/550
f 899/596/550 748/598/552 749/599/553 898/584/538
f 791/597/551 899/596/550 898/584/538 261/587/541
f 248/537/496 249/600/554 762/601/555 757/538/497
f 274/602/556 786/603/557 771/581/535 788/583/537
f 757/538/497 762/601/555 785/604/558 256/594/548
f 264/605/559 786/603/557 900/606/560 713/607/561
f 786/603/557 274/602/556 717/608/562 900/606/560
f 900/606/560 717/608/562 243/609/563 708/610/564
f 713/607/561 900/606/560 708/610/564 244/611/565
f 779/612/566 275/613/567 1004/566/520 273/565/519
f 249/600/554 250/614/568 769/615/569 762/601/555
f 762/601/555 769/615/569 271/616/570 782/617/571
f 199/618/572 200/619/573 608/620/574 607/621/575
f 756/592/546 1004/566/520 275/613/567 276/622/576
f 771/581/535 786/603/557 264/605/559 1031/623/577
f 255/580/534 771/581/535 1031/623/577 753/624/578
f 253/625/579 254/593/547 756/592/546 759/626/580
f 759/626/580 756/592/546 276/622/576 781/627/581
f 762/601/555 782/617/571 262/628/582 785/604/558
f 2658/629/583 2668/630/584 902/631/585 517/632/586
f 515/633/587 918/634/588 2645/635/589 2626/636/590
f 902/631/585 502/637/591 147/638/592 514/639/593
f 517/632/586 902/631/585 514/639/593 144/640/594
f 2656/641/595 2669/642/596 903/643/597 506/644/598
f 2669/642/596 2657/645/599 511/646/600 903/643/597
f 903/643/597 511/646/600 141/647/601 504/648/602
f 506/644/598 903/643/597 504/648/602 151/649/603
f 151/649/603 504/648/602 904/650/604 507/651/605
f 504/648/602 141/647/601 512/652/606 904/650/604
f 904/650/604 512/652/606 140/653/607 503/654/608
f 507/651/605 904/650/604 503/654/608 152/655/609
f 222/656/610 690/657/611 905/658/612 669/659/613
f 690/657/611 231/660/614 658/661/615 905/658/612
f 905/658/612 658/661/615 218/662/616 663/663/617
f 669/659/613 905/658/612 663/663/617 219/664/618
f 232/665/619 689/666/620 906/667/621 667/668/622
f 689/666/620 222/656/610 669/659/613 906/667/621
f 906/667/621 669/659/613 219/664/618 665/669/623
f 667/668/622 906/667/621 665/669/623 220/670/624
f 144/640/594 514/639/593 907/671/625 516/672/626
f 514/639/593 147/638/592 501/673/627 907/671/625
f 907/671/625 501/673/627 146/674/628 513/675/629
f 516/672/626 907/671/625 513/675/629 143/676/630
f 202/677/631 632/678/632 908/679/633 652/680/634
f 632/678/632 144/640/594 516/672/626 908/679/633
f 908/679/633 516/672/626 143/676/630 631/681/635
f 652/680/634 908/679/633 631/681/635 201/682/636
f 152/655/609 503/654/608 909/683/637 544/684/638
f 503/654/608 140/653/607 546/685/639 909/683/637
f 909/683/637 546/685/639 156/686/640 534/687/641
f 544/684/638 909/683/637 534/687/641 159/688/642
f 2667/689/643 2670/690/644 910/691/645 651/692/646
f 2670/690/644 2658/629/583 517/632/586 910/691/645
f 910/691/645 517/632/586 144/640/594 632/678/632
f 651/692/646 910/691/645 632/678/632 202/677/631
f 147/638/592 526/693/647 911/694/648 501/673/627
f 526/693/647 135/695/649 518/696/650 911/694/648
f 911/694/648 518/696/650 134/697/651 525/698/652
f 501/673/627 911/694/648 525/698/652 146/674/628
f 2668/630/584 2627/699/653 502/637/591 902/631/585
f 524/700/654 953/701/655 2650/702/656 2624/703/657
f 912/704/658 519/265/265 135/695/649 526/693/647
f 502/637/591 912/704/658 526/693/647 147/638/592
f 150/705/659 528/706/660 913/707/661 505/708/662
f 528/706/660 139/709/663 520/710/664 913/707/661
f 913/707/661 520/710/664 142/711/665 529/712/666
f 505/708/662 913/707/661 529/712/666 149/713/667
f 151/649/603 530/714/668 914/715/669 506/644/598
f 530/714/668 138/716/670 521/717/671 914/715/669
f 2671/718/672 2659/719/673 139/709/663 528/706/660
f 2656/641/595 2671/718/672 528/706/660 150/705/659
f 152/655/609 531/720/674 915/721/675 507/651/605
f 531/720/674 137/722/676 522/723/677 915/721/675
f 915/721/675 522/723/677 138/716/670 530/714/668
f 507/651/605 915/721/675 530/714/668 151/649/603
f 203/724/678 650/725/679 916/726/680 633/727/681
f 650/725/679 204/728/682 634/729/683 916/726/680
f 916/726/680 634/729/683 145/730/684 532/731/685
f 633/727/681 916/726/680 532/731/685 153/732/686
f 159/688/642 541/733/687 917/734/688 544/684/638
f 541/733/687 155/735/689 545/736/690 917/734/688
f 917/734/688 545/736/690 137/722/676 531/720/674
f 544/684/638 917/734/688 531/720/674 152/655/609
f 153/732/686 532/731/685 918/634/588 515/633/587
f 532/731/685 145/730/684 524/700/654 918/634/588
f 2627/699/653 2644/737/691 912/704/658 502/637/591
f 2649/738/692 2628/739/693 566/740/694 941/741/695
f 4/116/116 537/742/696 919/743/697 283/117/117
f 537/742/696 158/744/698 540/745/699 919/743/697
f 919/743/697 540/745/699 154/746/700 539/747/701
f 283/117/117 919/743/697 539/747/701 5/120/120
f 6/125/125 626/748/702 920/749/703 285/126/126
f 626/748/702 155/735/689 541/733/687 920/749/703
f 920/749/703 541/733/687 159/688/642 625/750/704
f 285/126/126 920/749/703 625/750/704 2/129/129
f 231/660/614 688/751/705 921/752/706 658/661/615
f 688/751/705 221/753/707 668/754/708 921/752/706
f 921/752/706 668/754/708 216/755/709 661/756/710
f 658/661/615 921/752/706 661/756/710 218/662/616
f 2662/757/711 564/758/712 922/759/713 2672/760/714
f 564/758/712 170/761/715 561/762/716 922/759/713
f 922/759/713 561/762/716 173/763/717 549/764/718
f 562/765/719 2631/766/720 2646/767/721 937/768/722
f 2660/769/723 553/770/724 923/771/725 2673/772/726
f 553/770/724 177/773/727 551/774/728 923/771/725
f 923/771/725 551/774/728 167/775/729 558/776/730
f 2673/772/726 923/771/725 558/776/730 2661/777/731
f 177/773/727 554/778/732 924/779/733 551/774/728
f 554/778/732 178/780/734 550/781/735 924/779/733
f 924/779/733 550/781/735 166/782/736 559/783/737
f 551/774/728 924/779/733 559/783/737 167/775/729
f 230/784/738 682/785/739 925/786/740 691/787/741
f 682/785/739 228/788/742 674/789/743 925/786/740
f 925/786/740 674/789/743 235/790/744 694/791/745
f 691/787/741 925/786/740 694/791/745 234/517/477
f 170/761/715 563/792/746 926/793/747 561/762/716
f 563/792/746 169/794/748 560/795/749 926/793/747
f 926/793/747 560/795/749 172/796/750 548/797/751
f 561/762/716 926/793/747 548/797/751 173/763/717
f 207/798/752 648/799/753 927/800/754 637/801/755
f 648/799/753 206/802/756 636/803/757 927/800/754
f 927/800/754 636/803/757 169/794/748 563/792/746
f 637/801/755 927/800/754 563/792/746 170/761/715
f 178/780/734 585/804/758 928/805/759 550/781/735
f 585/804/758 182/806/760 581/807/761 928/805/759
f 928/805/759 581/807/761 181/808/762 587/809/763
f 550/781/735 928/805/759 587/809/763 166/782/736
f 2666/810/764 647/811/765 929/812/766 2674/813/767
f 647/811/765 207/798/752 637/801/755 929/812/766
f 929/812/766 637/801/755 170/761/715 564/758/712
f 2674/813/767 929/812/766 564/758/712 2662/757/711
f 173/763/717 548/797/751 930/814/768 573/815/769
f 548/797/751 172/796/750 572/816/770 930/814/768
f 930/814/768 572/816/770 160/817/771 565/818/772
f 573/815/769 930/814/768 565/818/772 161/819/773
f 2672/760/714 922/759/713 549/764/718 2630/820/774
f 549/764/718 173/763/717 573/815/769 931/821/775
f 931/821/775 573/815/769 161/819/773 566/740/694
f 946/822/776 571/823/777 2629/824/778 2648/825/779
f 176/826/780 552/827/781 932/828/782 575/829/783
f 552/827/781 175/830/784 576/831/785 932/828/782
f 932/828/782 576/831/785 168/832/786 567/833/787
f 575/829/783 932/828/782 567/833/787 165/834/788
f 177/773/727 553/770/724 933/835/789 577/836/790
f 2660/769/723 176/826/780 575/829/783 2675/837/791
f 2675/837/791 575/829/783 165/834/788 2663/838/792
f 577/836/790 933/835/789 568/839/793 164/840/794
f 178/780/734 554/778/732 934/841/795 578/842/796
f 554/778/732 177/773/727 577/836/790 934/841/795
f 934/841/795 577/836/790 164/840/794 569/843/797
f 578/842/796 934/841/795 569/843/797 163/844/798
f 208/845/799 638/846/800 935/847/801 646/848/802
f 638/846/800 179/849/803 579/850/804 935/847/801
f 935/847/801 579/850/804 171/851/805 639/852/806
f 646/848/802 935/847/801 639/852/806 209/853/807
f 182/806/760 585/804/758 936/854/808 583/855/809
f 585/804/758 178/780/734 578/842/796 936/854/808
f 936/854/808 578/842/796 163/844/798 586/856/810
f 583/855/809 936/854/808 586/856/810 180/857/811
f 179/849/803 562/765/719 937/768/722 579/850/804
f 2651/858/263 2633/859/812 621/860/813 958/861/264
f 2647/862/814 931/821/775 566/740/694 2628/739/693
f 579/850/804 937/768/722 571/823/777 171/851/805
f 9/244/244 279/247/247 938/863/815 628/864/816
f 279/247/247 8/249/249 627/865/817 938/863/815
f 938/863/815 627/865/817 182/806/760 583/855/809
f 628/864/816 938/863/815 583/855/809 180/857/811
f 235/790/744 674/789/743 939/866/818 697/867/819
f 674/789/743 228/788/742 681/868/820 939/866/818
f 939/866/818 681/868/820 102/254/254 458/253/253
f 697/867/819 939/866/818 458/253/253 116/252/252
f 186/869/821 590/870/822 940/871/823 624/872/824
f 590/870/822 161/819/773 565/818/772 940/871/823
f 940/871/823 565/818/772 160/817/771 589/873/825
f 624/872/824 940/871/823 589/873/825 184/874/826
f 300/425/398 2655/428/401 162/61/61 84/97/97
f 937/768/722 2646/767/721 2629/824/778 571/823/777
f 941/741/695 566/740/694 161/819/773 590/870/822
f 622/875/827 941/741/695 590/870/822 186/869/821
f 194/876/828 594/877/829 942/878/830 620/879/831
f 594/877/829 165/834/788 567/833/787 942/878/830
f 942/878/830 567/833/787 168/832/786 595/880/832
f 620/879/831 942/878/830 595/880/832 196/881/833
f 192/882/834 593/883/835 943/884/836 618/885/837
f 593/883/835 164/840/794 568/839/793 943/884/836
f 2676/886/838 2663/838/792 165/834/788 594/877/829
f 2665/887/839 2676/886/838 594/877/829 194/876/828
f 190/888/840 592/889/841 944/890/842 616/891/843
f 592/889/841 163/844/798 569/843/797 944/890/842
f 944/890/842 569/843/797 164/840/794 593/883/835
f 616/891/843 944/890/842 593/883/835 192/882/834
f 212/892/844 645/893/845 945/894/846 642/895/847
f 645/893/845 209/853/807 639/852/806 945/894/846
f 945/894/846 639/852/806 171/851/805 596/896/848
f 642/895/847 945/894/846 596/896/848 198/897/849
f 198/897/849 596/896/848 946/822/776 612/898/850
f 596/896/848 171/851/805 571/823/777 946/822/776
f 2630/820/774 549/764/718 931/821/775 2647/862/814
f 2634/899/851 2649/738/692 941/741/695 622/875/827
f 11/291/291 278/294/294 947/900/852 630/901/853
f 278/294/294 9/244/244 628/864/816 947/900/852
f 947/900/852 628/864/816 180/857/811 597/902/854
f 630/901/853 947/900/852 597/902/854 200/619/573
f 226/903/855 684/904/856 948/905/857 672/906/858
f 684/904/856 223/907/859 670/908/860 948/905/857
f 948/905/857 670/908/860 213/909/861 662/910/862
f 672/906/858 948/905/857 662/910/862 214/911/863
f 200/619/573 597/902/854 949/912/864 608/620/574
f 597/902/854 180/857/811 586/856/810 949/912/864
f 949/912/864 586/856/810 163/844/798 592/889/841
f 608/620/574 949/912/864 592/889/841 190/888/840
f 155/735/689 606/913/865 950/914/866 545/736/690
f 606/915/865 199/618/572 607/621/575 950/916/866
f 950/916/866 607/621/575 189/917/867 601/918/868
f 545/736/690 950/914/866 601/919/868 137/722/676
f 607/621/575 608/620/574 190/888/840 189/917/867
f 225/920/869 226/903/855 672/906/858 671/921/870
f 221/753/707 683/922/871 951/923/872 668/754/708
f 683/924/871 225/920/869 671/921/870 951/925/872
f 951/925/872 671/921/870 217/926/873 664/927/874
f 668/754/708 951/923/872 664/928/874 216/755/709
f 671/921/870 672/906/858 214/911/863 217/926/873
f 10/331/323 11/291/291 630/901/853 629/929/875
f 6/125/125 282/328/322 952/930/876 626/748/702
f 282/330/322 10/331/323 629/929/875 952/931/876
f 952/931/876 629/929/875 199/618/572 606/915/865
f 626/748/702 952/930/876 606/913/865 155/735/689
f 629/929/875 630/901/853 200/619/573 199/618/572
f 197/932/877 198/897/849 612/898/850 611/933/878
f 145/730/684 605/934/879 953/701/655 524/700/654
f 605/935/879 197/932/877 611/933/878 953/936/655
f 2633/859/812 2634/899/851 622/875/827 621/860/813
f 918/634/588 524/700/654 2624/703/657 2645/635/589
f 612/898/850 946/822/776 2648/825/779 2635/937/880
f 211/938/881 212/892/844 642/895/847 641/939/882
f 204/728/682 644/940/883 954/941/884 634/729/683
f 644/942/883 211/938/881 641/939/882 954/943/884
f 954/943/884 641/939/882 197/932/877 605/935/879
f 634/729/683 954/941/884 605/934/879 145/730/684
f 641/939/882 642/895/847 198/897/849 197/932/877
f 189/917/867 190/888/840 616/891/843 615/944/885
f 137/722/676 601/919/868 955/945/886 522/723/677
f 601/918/868 189/917/867 615/944/885 955/946/886
f 955/946/886 615/944/885 191/947/887 602/948/888
f 522/723/677 955/945/886 602/949/888 138/716/670
f 615/944/885 616/891/843 192/882/834 191/947/887
f 191/947/887 192/882/834 618/885/837 617/950/889
f 138/716/670 602/949/888 956/951/890 521/717/671
f 602/948/888 191/947/887 617/950/889 956/952/890
f 2677/953/891 2664/954/892 193/955/893 603/956/894
f 2659/719/673 2677/957/891 603/958/894 139/709/663
f 2664/954/892 2665/887/839 194/876/828 193/955/893
f 193/955/893 194/876/828 620/879/831 619/959/895
f 139/709/663 603/958/894 957/960/896 520/710/664
f 603/956/894 193/955/893 619/959/895 957/961/896
f 957/961/896 619/959/895 195/962/897 604/963/898
f 520/710/664 957/960/896 604/964/898 142/711/665
f 619/959/895 620/879/831 196/881/833 195/962/897
f 611/933/878 612/898/850 2635/937/880 2632/965/899
f 2644/737/691 2625/262/262 519/265/265 912/704/658
f 953/936/655 611/933/878 2632/965/899 2650/966/656
f 958/861/264 621/860/813 185/967/900 599/968/901
f 519/265/265 958/264/264 599/969/901 135/695/649
f 621/860/813 622/875/827 186/869/821 185/967/900
f 185/967/900 186/869/821 624/872/824 623/970/902
f 135/695/649 599/969/901 959/971/903 518/696/650
f 599/968/901 185/967/900 623/970/902 959/972/903
f 959/972/903 623/970/902 183/973/904 598/974/905
f 518/696/650 959/971/903 598/975/905 134/697/651
f 623/970/902 624/872/824 184/874/826 183/973/904
f 195/962/897 196/881/833 614/976/906 613/977/907
f 181/808/762 581/807/761 960/978/908 580/979/909
f 581/807/761 182/806/760 627/865/817 960/978/908
f 960/978/908 627/865/817 8/249/249 280/382/358
f 580/979/909 960/978/908 280/382/358 7/381/357
f 158/744/698 537/742/696 961/980/910 538/981/911
f 537/742/696 4/116/116 284/388/364 961/980/910
f 961/980/910 284/388/364 3/387/363 535/982/912
f 538/981/911 961/980/910 535/982/912 157/983/913
f 156/686/640 533/984/914 962/985/915 534/687/641
f 533/984/914 1/392/368 286/391/367 962/985/915
f 962/985/915 286/391/367 2/129/129 625/750/704
f 534/687/641 962/985/915 625/750/704 159/688/642
f 205/986/916 643/987/917 963/988/918 536/989/919
f 643/987/917 12/398/374 288/397/373 963/988/918
f 963/988/918 288/397/373 1/392/368 533/984/914
f 536/989/919 963/988/918 533/984/914 156/686/640
f 157/983/913 535/982/912 964/990/920 656/991/921
f 535/982/912 3/387/363 287/404/380 964/990/920
f 964/990/920 287/404/380 14/403/379 660/992/922
f 656/991/921 964/990/920 660/992/922 215/993/923
f 613/977/907 614/976/906 212/892/844 211/938/881
f 183/973/904 184/874/826 610/994/924 609/995/925
f 142/711/665 604/964/898 965/996/926 523/997/927
f 604/963/898 195/962/897 613/977/907 965/998/926
f 965/998/926 613/977/907 211/938/881 644/942/883
f 523/997/927 965/996/926 644/940/883 204/728/682
f 196/881/833 595/880/832 966/999/928 614/976/906
f 595/880/832 168/832/786 570/1000/929 966/999/928
f 966/999/928 570/1000/929 209/853/807 645/893/845
f 614/976/906 966/999/928 645/893/845 212/892/844
f 175/830/784 557/1001/930 967/1002/931 576/831/785
f 557/1001/930 208/845/799 646/848/802 967/1002/931
f 967/1002/931 646/848/802 209/853/807 570/1000/929
f 576/831/785 967/1002/931 570/1000/929 168/832/786
f 2661/777/731 558/776/730 968/1003/932 2678/1004/933
f 558/776/730 167/775/729 556/1005/934 968/1003/932
f 968/1003/932 556/1005/934 207/798/752 647/811/765
f 2678/1004/933 968/1003/932 647/811/765 2666/810/764
f 167/775/729 559/783/737 969/1006/935 556/1005/934
f 559/783/737 166/782/736 555/1007/936 969/1006/935
f 969/1006/935 555/1007/936 206/802/756 648/799/753
f 556/1005/934 969/1006/935 648/799/753 207/798/752
f 166/782/736 587/809/763 970/1008/937 555/1007/936
f 587/809/763 181/808/762 582/1009/938 970/1008/937
f 970/1008/937 582/1009/938 210/1010/939 649/1011/940
f 555/1007/936 970/1008/937 649/1011/940 206/802/756
f 149/713/667 529/712/666 971/1012/941 510/1013/942
f 529/712/666 142/711/665 523/997/927 971/1012/941
f 971/1012/941 523/997/927 204/728/682 650/725/679
f 510/1013/942 971/1012/941 650/725/679 203/724/678
f 2657/645/599 2679/1014/943 972/1015/944 511/646/600
f 2679/1014/943 2667/689/643 651/692/646 972/1015/944
f 972/1015/944 651/692/646 202/677/631 509/1016/945
f 511/646/600 972/1015/944 509/1016/945 141/647/601
f 141/647/601 509/1016/945 973/1017/946 512/652/606
f 509/1016/945 202/677/631 652/680/634 973/1017/946
f 973/1017/946 652/680/634 201/682/636 508/1018/947
f 512/652/606 973/1017/946 508/1018/947 140/653/607
f 140/653/607 508/1018/947 974/1019/948 546/685/639
f 508/1018/947 201/682/636 653/1020/949 974/1019/948
f 974/1019/948 653/1020/949 205/986/916 536/989/919
f 546/685/639 974/1019/948 536/989/919 156/686/640
f 213/909/861 670/908/860 975/1021/950 692/1022/951
f 223/907/859 685/1023/952 975/1021/950 670/908/860
f 229/1024/953 655/1025/954 975/1021/950 685/1023/952
f 233/1026/955 698/1027/956 975/1021/950 655/1025/954
f 236/1028/957 692/1022/951 975/1021/950 698/1027/956
f 102/442/254 681/1029/820 976/1030/958 289/443/415
f 681/1029/820 228/1031/742 640/1032/959 976/1030/958
f 976/1030/958 640/1032/959 210/1010/939 654/1033/960
f 289/443/415 976/1030/958 654/1033/960 13/446/417
f 13/446/417 654/1033/960 977/1034/961 281/450/420
f 654/1033/960 210/1010/939 582/1009/938 977/1034/961
f 977/1034/961 582/1009/938 181/808/762 580/979/909
f 281/450/420 977/1034/961 580/979/909 7/381/357
f 233/1026/955 740/1035/962 978/1036/963 698/1027/956
f 740/1035/962 244/611/565 708/610/564 978/1036/963
f 978/1036/963 708/610/564 243/609/563 738/1037/964
f 698/1027/956 978/1036/963 738/1037/964 236/1028/957
f 116/252/252 720/457/427 979/1038/965 697/867/819
f 720/457/427 129/456/426 705/1039/966 979/1038/965
f 979/1038/965 705/1039/966 246/1040/967 736/1041/968
f 697/867/819 979/1038/965 736/1041/968 235/790/744
f 227/1042/969 680/1043/970 980/1044/971 635/1045/972
f 680/1043/970 103/467/437 459/466/436 980/1044/971
f 980/1044/971 459/466/436 12/398/374 643/987/917
f 635/1045/972 980/1044/971 643/987/917 205/986/916
f 218/662/616 661/756/710 981/1046/973 542/1047/974
f 661/756/710 216/755/709 657/1048/975 981/1046/973
f 981/1046/973 657/1048/975 154/746/700 540/745/699
f 542/1047/974 981/1046/973 540/745/699 158/744/698
f 219/664/618 663/663/617 982/1049/976 659/1050/977
f 663/663/617 218/662/616 542/1047/974 982/1049/976
f 982/1049/976 542/1047/974 158/744/698 538/981/911
f 659/1050/977 982/1049/976 538/981/911 157/983/913
f 215/993/923 666/1051/978 983/1052/979 656/991/921
f 666/1051/978 220/670/624 665/669/623 983/1052/979
f 983/1052/979 665/669/623 219/664/618 659/1050/977
f 656/991/921 983/1052/979 659/1050/977 157/983/913
f 227/1042/969 679/1053/980 984/1054/981 673/1055/982
f 679/1053/980 232/665/619 667/668/622 984/1054/981
f 984/1054/981 667/668/622 220/670/624 666/1051/978
f 673/1055/982 984/1054/981 666/1051/978 215/993/923
f 205/986/916 653/1020/949 985/1056/983 635/1045/972
f 653/1020/949 201/682/636 678/1057/984 985/1056/983
f 985/1056/983 678/1057/984 232/665/619 679/1053/980
f 635/1045/972 985/1056/983 679/1053/980 227/1042/969
f 215/993/923 660/992/922 986/1058/985 673/1055/982
f 660/992/922 14/403/379 290/481/451 986/1058/985
f 986/1058/985 290/481/451 103/467/437 680/1043/970
f 673/1055/982 986/1058/985 680/1043/970 227/1042/969
f 229/1024/953 687/1059/986 987/1060/987 655/1025/954
f 687/1059/986 224/1061/988 693/1062/989 987/1060/987
f 987/1060/987 693/1062/989 237/525/485 695/1063/990
f 655/1025/954 987/1060/987 695/1063/990 233/1026/955
f 210/1010/939 640/1032/959 988/1064/991 649/1011/940
f 640/1032/959 228/1031/742 682/1065/739 988/1064/991
f 988/1064/991 682/1065/739 230/1066/738 676/1067/992
f 649/1011/940 988/1064/991 676/1067/992 206/802/756
f 609/995/925 610/994/924 226/1068/855 225/1069/869
f 240/1070/993 242/1071/994 733/1072/995 732/1073/996
f 134/697/651 598/975/905 989/1074/997 543/1075/998
f 598/974/905 183/973/904 609/995/925 989/1076/997
f 989/1076/997 609/995/925 225/1069/869 683/1077/871
f 543/1075/998 989/1074/997 683/922/871 221/753/707
f 184/874/826 589/873/825 990/1078/999 610/994/924
f 589/873/825 160/817/771 584/1079/1000 990/1078/999
f 990/1078/999 584/1079/1000 223/1080/859 684/1081/856
f 610/994/924 990/1078/999 684/1081/856 226/1068/855
f 172/796/750 675/1082/1001 991/1083/1002 572/816/770
f 675/1082/1001 229/1084/953 685/1085/952 991/1083/1002
f 991/1083/1002 685/1085/952 223/1080/859 584/1079/1000
f 572/816/770 991/1083/1002 584/1079/1000 160/817/771
f 206/802/756 676/1067/992 992/1086/1003 636/803/757
f 676/1067/992 230/1066/738 686/1087/1004 992/1086/1003
f 992/1086/1003 686/1087/1004 224/1088/988 588/1089/1005
f 636/803/757 992/1086/1003 588/1089/1005 169/794/748
f 169/794/748 588/1089/1005 993/1090/1006 560/795/749
f 588/1089/1005 224/1088/988 687/1091/986 993/1090/1006
f 993/1090/1006 687/1091/986 229/1084/953 675/1082/1001
f 560/795/749 993/1090/1006 675/1082/1001 172/796/750
f 146/674/628 525/698/652 994/1092/1007 677/1093/1008
f 525/698/652 134/697/651 543/1075/998 994/1092/1007
f 994/1092/1007 543/1075/998 221/753/707 688/751/705
f 677/1093/1008 994/1092/1007 688/751/705 231/660/614
f 201/682/636 631/681/635 995/1094/1009 678/1057/984
f 631/681/635 143/676/630 547/1095/1010 995/1094/1009
f 995/1094/1009 547/1095/1010 222/656/610 689/666/620
f 678/1057/984 995/1094/1009 689/666/620 232/665/619
f 143/676/630 513/675/629 996/1096/1011 547/1095/1010
f 513/675/629 146/674/628 677/1093/1008 996/1096/1011
f 996/1096/1011 677/1093/1008 231/660/614 690/657/611
f 547/1095/1010 996/1096/1011 690/657/611 222/656/610
f 235/790/744 736/1041/968 997/1097/1012 694/791/745
f 736/1041/968 246/1040/967 704/1098/1013 997/1097/1012
f 997/1097/1012 704/1098/1013 245/521/481 737/518/478
f 694/791/745 997/1097/1012 737/518/478 234/517/477
f 224/1061/988 686/1099/1004 998/1100/1014 693/1062/989
f 686/1099/1004 230/784/738 691/787/741 998/1100/1014
f 998/1100/1014 691/787/741 234/517/477 696/520/480
f 693/1062/989 998/1100/1014 696/520/480 237/525/485
f 237/525/485 741/524/484 999/1101/1015 695/1063/990
f 741/524/484 247/523/483 707/1102/1016 999/1101/1015
f 999/1101/1015 707/1102/1016 244/611/565 740/1035/962
f 695/1063/990 999/1101/1015 740/1035/962 233/1026/955
f 732/1073/996 733/1072/995 217/926/873 214/911/863
f 154/1103/700 734/1104/1017 1000/1105/1018 539/1106/701
f 734/1104/1017 238/1107/1019 699/1108/1020 1000/1105/1018
f 1000/1105/1018 699/1108/1020 122/1109/503 724/1110/502
f 539/1106/701 1000/1105/1018 724/1110/502 5/1111/120
f 216/1112/709 735/1113/1021 1001/1114/1022 657/1115/975
f 735/1113/1021 241/1116/1023 700/1117/1024 1001/1114/1022
f 1001/1114/1022 700/1117/1024 238/1107/1019 734/1104/1017
f 657/1115/975 1001/1114/1022 734/1104/1017 154/1103/700
f 236/1028/957 738/1037/964 1002/1118/1025 692/1022/951
f 738/1037/964 243/609/563 703/1119/1026 1002/1118/1025
f 1002/1118/1025 703/1119/1026 239/1120/1027 739/1121/1028
f 692/1022/951 1002/1118/1025 739/1121/1028 213/909/861
f 213/909/861 739/1121/1028 1003/1122/1029 662/910/862
f 739/1121/1028 239/1120/1027 701/1123/1030 1003/1122/1029
f 1003/1122/1029 701/1123/1030 240/1070/993 732/1073/996
f 662/910/862 1003/1122/1029 732/1073/996 214/911/863
f 789/1124/1031 277/556/512 1005/555/511 270/595/549
f 259/1125/1032 755/1126/1033 759/626/580 777/1127/1034
f 755/1126/1033 252/1128/1035 253/625/579 759/626/580
f 1006/553/509 266/558/514 774/1129/1036 263/571/525
f 790/1130/1037 272/1131/1038 1008/1132/1039 269/1133/1040
f 749/599/553 750/1134/1041 1007/1135/1042 898/584/538
f 750/1134/1041 751/1136/1043 1008/1132/1039 1007/1135/1042
f 1007/1135/1042 1008/1132/1039 272/1131/1038 775/1137/1044
f 898/584/538 1007/1135/1042 775/1137/1044 260/585/539
f 1031/623/577 264/605/559 773/1138/1045 265/1139/1046
f 217/926/873 733/1072/995 1009/1140/1047 664/927/874
f 733/1072/995 242/1071/994 702/1141/1048 1009/1140/1047
f 1009/1140/1047 702/1141/1048 241/1116/1023 735/1113/1021
f 664/927/874 1009/1140/1047 735/1113/1021 216/1112/709
f 777/1127/1034 759/626/580 781/627/581 258/1142/1049
f 754/1143/1050 251/1144/1051 252/1128/1035 755/1126/1033
f 780/1145/1052 754/1143/1050 755/1126/1033 259/1125/1032
f 269/1133/1040 1008/1132/1039 1010/1146/1053 776/1147/1054
f 1008/1132/1039 751/1136/1043 752/1148/1055 1010/1146/1053
f 1010/1146/1053 752/1148/1055 753/624/578 1031/623/577
f 776/1147/1054 1010/1146/1053 1031/623/577 265/1139/1046
f 130/531/490 730/529/488 1011/1149/1056 500/1150/1057
f 730/529/488 117/438/411 490/437/410 1011/1149/1056
f 1011/1149/1056 490/437/410 120/436/409 728/573/527
f 500/1150/1057 1011/1149/1056 728/573/527 128/577/531
f 250/614/568 251/1151/1051 754/1152/1050 769/615/569
f 769/615/569 754/1152/1050 792/1153/1058 271/616/570
f 276/622/576 275/613/567 718/1154/1059 772/1155/1060
f 247/523/483 764/1156/1061 1012/1157/1062 707/1102/1016
f 764/1156/1061 265/1139/1046 773/1138/1045 1012/1157/1062
f 1012/1157/1062 773/1138/1045 264/605/559 713/607/561
f 707/1102/1016 1012/1157/1062 713/607/561 244/611/565
f 128/577/531 763/1158/1063 1013/1159/1064 500/1150/1057
f 763/1158/1063 263/571/525 774/1129/1036 1013/1159/1064
f 1013/1159/1064 774/1129/1036 266/558/514 714/1160/1065
f 500/1150/1057 1013/1159/1064 714/1160/1065 130/531/490
f 129/456/426 711/1161/1066 1014/1162/1067 705/1039/966
f 711/1161/1066 260/585/539 775/1137/1044 1014/1162/1067
f 1014/1162/1067 775/1137/1044 272/1131/1038 716/1163/1068
f 705/1039/966 1014/1162/1067 716/1163/1068 246/1040/967
f 245/521/481 767/1164/1069 1015/1165/1070 706/522/482
f 767/1164/1069 269/1133/1040 776/1147/1054 1015/1165/1070
f 1015/1165/1070 776/1147/1054 265/1139/1046 764/1156/1061
f 706/522/482 1015/1165/1070 764/1156/1061 247/523/483
f 123/549/505 760/1166/1071 1016/1167/1072 492/563/517
f 760/1166/1071 259/1125/1032 777/1127/1034 1016/1167/1072
f 1016/1167/1072 777/1127/1034 258/1142/1049 710/1168/1073
f 492/563/517 1016/1167/1072 710/1168/1073 126/564/518
f 130/531/490 714/1160/1065 1017/1169/1074 499/532/491
f 714/1160/1065 266/558/514 778/557/513 1017/1169/1074
f 1017/1169/1074 778/557/513 277/556/512 719/1170/1075
f 499/532/491 1017/1169/1074 719/1170/1075 133/533/492
f 125/536/495 718/1154/1059 1018/1171/1076 493/579/533
f 718/1154/1059 275/613/567 779/612/566 1018/1171/1076
f 1018/1171/1076 779/612/566 273/565/519 770/1172/1077
f 493/579/533 1018/1171/1076 770/1172/1077 124/575/529
f 122/547/503 766/1173/1078 1019/1174/1079 491/548/504
f 766/1173/1078 268/1175/1080 780/1145/1052 1019/1174/1079
f 1019/1174/1079 780/1145/1052 259/1125/1032 760/1166/1071
f 491/548/504 1019/1174/1079 760/1166/1071 123/549/505
f 126/564/518 710/1168/1073 1020/1176/1081 494/589/543
f 710/1168/1073 258/1142/1049 781/627/581 1020/1176/1081
f 1020/1176/1081 781/627/581 276/622/576 772/1155/1060
f 494/589/543 1020/1176/1081 772/1155/1060 127/535/494
f 257/590/544 256/594/548 709/1177/1082 758/1178/1083
f 772/1155/1060 718/1154/1059 125/536/495 127/535/494
f 241/1116/1023 712/1179/1084 1021/1180/1085 700/1117/1024
f 712/1179/1084 262/628/582 782/617/571 1021/1180/1085
f 1021/1180/1085 782/617/571 271/616/570 715/1181/1086
f 700/1117/1024 1021/1180/1085 715/1181/1086 238/1107/1019
f 124/575/529 770/1172/1077 1022/1182/1087 495/576/530
f 770/1172/1077 273/565/519 783/568/522 1022/1182/1087
f 1022/1182/1087 783/568/522 263/571/525 763/1158/1063
f 495/576/530 1022/1182/1087 763/1158/1063 128/577/531
f 239/1120/1027 765/1183/1088 1023/1184/1089 701/1123/1030
f 765/1183/1088 267/582/536 784/591/545 1023/1184/1089
f 1023/1184/1089 784/591/545 257/590/544 758/1178/1083
f 701/1123/1030 1023/1184/1089 758/1178/1083 240/1070/993
f 242/1071/994 709/1177/1082 1024/1185/1090 702/1141/1048
f 709/1177/1082 256/594/548 785/604/558 1024/1185/1090
f 1024/1185/1090 785/604/558 262/628/582 712/1179/1084
f 702/1141/1048 1024/1185/1090 712/1179/1084 241/1116/1023
f 758/1178/1083 709/1177/1082 242/1071/994 240/1070/993
f 132/454/424 761/1186/1091 1025/1187/1092 497/455/425
f 761/1186/1091 261/587/541 787/586/540 1025/1187/1092
f 1025/1187/1092 787/586/540 260/585/539 711/1161/1066
f 497/455/425 1025/1187/1092 711/1161/1066 129/456/426
f 243/609/563 717/608/562 1026/1188/1093 703/1119/1026
f 717/608/562 274/602/556 788/583/537 1026/1188/1093
f 1026/1188/1093 788/583/537 267/582/536 765/1183/1088
f 703/1119/1026 1026/1188/1093 765/1183/1088 239/1120/1027
f 133/533/492 719/1170/1075 1027/1189/1094 498/1190/1095
f 719/1170/1075 277/556/512 789/1124/1031 1027/1189/1094
f 1027/1189/1094 789/1124/1031 270/595/549 768/1191/1096
f 498/1190/1095 1027/1189/1094 768/1191/1096 131/460/430
f 246/1040/967 716/1163/1068 1028/1192/1097 704/1098/1013
f 716/1163/1068 272/1131/1038 790/1130/1037 1028/1192/1097
f 1028/1192/1097 790/1130/1037 269/1133/1040 767/1164/1069
f 704/1098/1013 1028/1192/1097 767/1164/1069 245/521/481
f 131/460/430 768/1191/1096 1029/1193/1098 496/461/431
f 768/1191/1096 270/595/549 791/597/551 1029/1193/1098
f 1029/1193/1098 791/597/551 261/587/541 761/1186/1091
f 496/461/431 1029/1193/1098 761/1186/1091 132/454/424
f 238/1107/1019 715/1181/1086 1030/1194/1099 699/1108/1020
f 715/1181/1086 271/616/570 792/1153/1058 1030/1194/1099
f 1030/1194/1099 792/1153/1058 268/1195/1080 766/1196/1078
f 699/1108/1020 1030/1194/1099 766/1196/1078 122/1109/503
f 121/485/455 731/534/493 1032/1197/1100 488/528/487
f 731/534/493 133/533/492 498/1190/1095 1032/1197/1100
f 1032/1197/1100 498/1190/1095 131/460/430 727/458/428
f 488/528/487 1032/1197/1100 727/458/428 118/168/168
f 70/313/311 71/279/279 398/306/306 397/314/312
f 268/1195/1080 792/1153/1058 754/1152/1050 780/1198/1052
f 1075/1199/1101 1077/1200/1102 1036/1201/1103 1035/1202/1104
f 1077/1200/1102 1079/1203/1105 1037/1204/1106 1036/1201/1103
f 1079/1203/1105 1081/1205/1107 1038/1206/1108 1037/1204/1106
f 1081/1207/1107 1083/1208/1109 1039/1209/1110 1038/1210/1108
f 1083/1208/1109 1085/1211/1111 1040/1212/1112 1039/1209/1110
f 1085/1211/1111 1087/1213/1113 1041/1214/1114 1040/1212/1112
f 1087/1213/1113 1089/1215/1115 1042/1216/1116 1041/1214/1114
f 1089/1215/1115 1091/1217/1117 1043/1218/1118 1042/1216/1116
f 1091/1217/1117 1093/1219/1119 1044/1220/1120 1043/1218/1118
f 1093/1219/1119 1095/1221/1121 1045/1222/1122 1044/1220/1120
f 1095/1221/1121 1097/1223/1123 1046/1224/1124 1045/1222/1122
f 1097/1223/1123 1099/1225/1125 1047/1226/1126 1046/1224/1124
f 1099/1225/1125 1101/1227/1127 1048/1228/1128 1047/1226/1126
f 1101/1227/1127 1103/1229/1129 1049/1230/1130 1048/1228/1128
f 1103/1229/1129 1105/1231/1131 1050/1232/1132 1049/1230/1130
f 1105/1231/1131 1107/1233/1133 1051/1234/1134 1050/1232/1132
f 1107/1233/1133 1109/1235/1135 1052/1236/1136 1051/1234/1134
f 1109/1235/1135 1111/1237/1137 1033/1238/1138 1052/1236/1136
f 1034/1239/1139 1033/1238/1138 1111/1237/1137 1074/1240/1140
f 1153/1241/1141 1154/1242/1142 742/540/499 255/580/534
f 1154/1242/1142 1155/1243/1143 248/537/496 742/540/499
f 1155/1243/1143 1156/1244/1144 249/600/554 248/537/496
f 1156/1244/1144 1157/1245/1145 250/614/568 249/600/554
f 1157/1245/1145 1158/1246/1146 251/1151/1051 250/614/568
f 1158/1247/1146 1159/1248/1147 252/1128/1035 251/1144/1051
f 1159/1248/1147 1160/1249/1148 253/625/579 252/1128/1035
f 1160/1249/1148 1161/1250/1149 254/593/547 253/625/579
f 1161/1250/1149 1162/1251/1150 743/569/523 254/593/547
f 1162/1251/1150 1163/1252/1151 744/570/524 743/569/523
f 1163/1252/1151 1164/1253/1152 745/550/506 744/570/524
f 1164/1253/1152 1165/1254/1153 746/551/507 745/550/506
f 1165/1254/1153 1166/1255/1154 747/554/510 746/551/507
f 1166/1255/1154 1167/1256/1155 748/598/552 747/554/510
f 1167/1256/1155 1168/1257/1156 749/599/553 748/598/552
f 1168/1257/1156 1169/1258/1157 750/1134/1041 749/599/553
f 1169/1258/1157 1170/1259/1158 751/1136/1043 750/1134/1041
f 1170/1259/1158 1171/1260/1159 752/1148/1055 751/1136/1043
f 1171/1260/1159 1172/1261/1160 753/624/578 752/1148/1055
f 1172/1261/1160 1153/1241/1141 255/580/534 753/624/578
f 1054/1262/1161 1055/1263/1162 1076/1264/1163 1073/1265/1164
f 1055/1263/1162 1056/1266/1165 1078/1267/1166 1076/1264/1163
f 1056/1266/1165 1057/1268/1167 1080/1269/1168 1078/1267/1166
f 1057/1268/1167 1058/1270/1169 1082/1271/1170 1080/1269/1168
f 1058/1272/1169 1059/1273/1171 1084/1274/1172 1082/1275/1170
f 1059/1273/1171 1060/1276/1173 1086/1277/1174 1084/1274/1172
f 1060/1276/1173 1061/1278/1175 1088/1279/1176 1086/1277/1174
f 1061/1278/1175 1062/1280/1177 1090/1281/1178 1088/1279/1176
f 1062/1280/1177 1063/1282/1179 1092/1283/1180 1090/1281/1178
f 1063/1282/1179 1064/1284/1181 1094/1285/1182 1092/1283/1180
f 1064/1284/1181 1065/1286/1183 1096/1287/1184 1094/1285/1182
f 1065/1286/1183 1066/1288/1185 1098/1289/1186 1096/1287/1184
f 1066/1288/1185 1067/1290/1187 1100/1291/1188 1098/1289/1186
f 1067/1290/1187 1068/1292/1189 1102/1293/1190 1100/1291/1188
f 1068/1292/1189 1069/1294/1191 1104/1295/1192 1102/1293/1190
f 1069/1294/1191 1070/1296/1193 1106/1297/1194 1104/1295/1192
f 1070/1296/1193 1071/1298/1195 1108/1299/1196 1106/1297/1194
f 1071/1298/1195 1072/1300/1197 1110/1301/1198 1108/1299/1196
f 1072/1300/1197 1053/1302/1199 1112/1303/1200 1110/1301/1198
f 1053/1302/1199 1054/1262/1161 1073/1265/1164 1112/1303/1200
f 1073/1265/1164 1076/1264/1163 1075/1199/1101 1074/1240/1140
f 1076/1264/1163 1078/1267/1166 1077/1200/1102 1075/1199/1101
f 1078/1267/1166 1080/1269/1168 1079/1203/1105 1077/1200/1102
f 1080/1269/1168 1082/1271/1170 1081/1205/1107 1079/1203/1105
f 1082/1275/1170 1084/1274/1172 1083/1208/1109 1081/1207/1107
f 1084/1274/1172 1086/1277/1174 1085/1211/1111 1083/1208/1109
f 1086/1277/1174 1088/1279/1176 1087/1213/1113 1085/1211/1111
f 1088/1279/1176 1090/1281/1178 1089/1215/1115 1087/1213/1113
f 1090/1281/1178 1092/1283/1180 1091/1217/1117 1089/1215/1115
f 1092/1283/1180 1094/1285/1182 1093/1219/1119 1091/1217/1117
f 1094/1285/1182 1096/1287/1184 1095/1221/1121 1093/1219/1119
f 1096/1287/1184 1098/1289/1186 1097/1223/1123 1095/1221/1121
f 1098/1289/1186 1100/1291/1188 1099/1225/1125 1097/1223/1123
f 1100/1291/1188 1102/1293/1190 1101/1227/1127 1099/1225/1125
f 1102/1293/1190 1104/1295/1192 1103/1229/1129 1101/1227/1127
f 1104/1295/1192 1106/1297/1194 1105/1231/1131 1103/1229/1129
f 1106/1297/1194 1108/1299/1196 1107/1233/1133 1105/1231/1131
f 1108/1299/1196 1110/1301/1198 1109/1235/1135 1107/1233/1133
f 1110/1301/1198 1112/1303/1200 1111/1237/1137 1109/1235/1135
f 1112/1303/1200 1073/1265/1164 1074/1240/1140 1111/1237/1137
f 1133/1304/1201 1134/1305/1202 1120/1306/1203 1121/1307/1204
f 1135/1308/1205 1136/1309/1206 1113/1310/1207 1114/1311/1208
f 1137/1312/1209 1138/1313/1210 1128/1314/1211 1129/1315/1212
f 1139/1316/1213 1133/1304/1201 1121/1307/1204 1122/1317/1214
f 1140/1318/1215 1135/1308/1205 1114/1311/1208 1115/1319/1216
f 1141/1320/1217 1137/1312/1209 1129/1315/1212 1130/1321/1218
f 1142/1322/1219 1139/1316/1213 1122/1317/1214 1123/1323/1220
f 1143/1324/1221 1140/1318/1215 1115/1319/1216 1116/1325/1222
f 1144/1326/1223 1141/1320/1217 1130/1321/1218 1131/1327/1224
f 1145/1328/1225 1142/1322/1219 1123/1323/1220 1124/1329/1226
f 1146/1330/1227 1143/1324/1221 1116/1325/1222 1117/1331/1228
f 1147/1332/1229 1144/1326/1223 1131/1327/1224 1132/1333/1230
f 1148/1334/1231 1145/1328/1225 1124/1329/1226 1125/1335/1232
f 1149/1336/1233 1146/1330/1227 1117/1331/1228 1118/1337/1234
f 1136/1309/1206 1147/1332/1229 1132/1333/1230 1113/1310/1207
f 1150/1338/1235 1148/1334/1231 1125/1335/1232 1126/1339/1236
f 1151/1340/1237 1149/1341/1233 1118/1342/1234 1119/1343/1238
f 1152/1344/1239 1150/1338/1235 1126/1339/1236 1127/1345/1240
f 1134/1305/1202 1151/1340/1237 1119/1343/1238 1120/1306/1203
f 1138/1313/1210 1152/1344/1239 1127/1345/1240 1128/1314/1211
f 1068/1292/1189 1067/1290/1187 1152/1344/1239 1138/1313/1210
f 1060/1276/1173 1059/1273/1171 1151/1340/1237 1134/1305/1202
f 1067/1290/1187 1066/1288/1185 1150/1338/1235 1152/1344/1239
f 1059/1273/1171 1058/1272/1169 1149/1341/1233 1151/1340/1237
f 1066/1288/1185 1065/1286/1183 1148/1334/1231 1150/1338/1235
f 1053/1302/1199 1072/1300/1197 1147/1332/1229 1136/1309/1206
f 1058/1270/1169 1057/1268/1167 1146/1330/1227 1149/1336/1233
f 1065/1286/1183 1064/1284/1181 1145/1328/1225 1148/1334/1231
f 1072/1300/1197 1071/1298/1195 1144/1326/1223 1147/1332/1229
f 1057/1268/1167 1056/1266/1165 1143/1324/1221 1146/1330/1227
f 1064/1284/1181 1063/1282/1179 1142/1322/1219 1145/1328/1225
f 1071/1298/1195 1070/1296/1193 1141/1320/1217 1144/1326/1223
f 1056/1266/1165 1055/1263/1162 1140/1318/1215 1143/1324/1221
f 1063/1282/1179 1062/1280/1177 1139/1316/1213 1142/1322/1219
f 1070/1296/1193 1069/1294/1191 1137/1312/1209 1141/1320/1217
f 1055/1263/1162 1054/1262/1161 1135/1308/1205 1140/1318/1215
f 1062/1280/1177 1061/1278/1175 1133/1304/1201 1139/1316/1213
f 1069/1294/1191 1068/1292/1189 1138/1313/1210 1137/1312/1209
f 1054/1262/1161 1053/1302/1199 1136/1309/1206 1135/1308/1205
f 1061/1278/1175 1060/1276/1173 1134/1305/1202 1133/1304/1201
f 1052/1236/1136 1033/1238/1138 1153/1241/1141 1172/1261/1160
f 1051/1234/1134 1052/1236/1136 1172/1261/1160 1171/1260/1159
f 1050/1232/1132 1051/1234/1134 1171/1260/1159 1170/1259/1158
f 1049/1230/1130 1050/1232/1132 1170/1259/1158 1169/1258/1157
f 1048/1228/1128 1049/1230/1130 1169/1258/1157 1168/1257/1156
f 1047/1226/1126 1048/1228/1128 1168/1257/1156 1167/1256/1155
f 1046/1224/1124 1047/1226/1126 1167/1256/1155 1166/1255/1154
f 1045/1222/1122 1046/1224/1124 1166/1255/1154 1165/1254/1153
f 1044/1220/1120 1045/1222/1122 1165/1254/1153 1164/1253/1152
f 1043/1218/1118 1044/1220/1120 1164/1253/1152 1163/1252/1151
f 1042/1216/1116 1043/1218/1118 1163/1252/1151 1162/1251/1150
f 1041/1214/1114 1042/1216/1116 1162/1251/1150 1161/1250/1149
f 1040/1212/1112 1041/1214/1114 1161/1250/1149 1160/1249/1148
f 1039/1209/1110 1040/1212/1112 1160/1249/1148 1159/1248/1147
f 1038/1210/1108 1039/1209/1110 1159/1248/1147 1158/1247/1146
f 1037/1204/1106 1038/1206/1108 1158/1246/1146 1157/1245/1145
f 1036/1201/1103 1037/1204/1106 1157/1245/1145 1156/1244/1144
f 1035/1202/1104 1036/1201/1103 1156/1244/1144 1155/1243/1143
f 1034/1239/1139 1035/1202/1104 1155/1243/1143 1154/1242/1142
f 1033/1238/1138 1034/1239/1139 1154/1242/1142 1153/1241/1141
f 1264/1346/1241 1433/1347/1242 1509/1348/1243 1455/1349/1244
f 1433/1347/1242 1260/1350/1242 1428/1351/1243 1509/1348/1243
f 1509/1348/1243 1428/1351/1243 1259/1352/1245 1432/1353/1245
f 1455/1349/1244 1509/1348/1243 1432/1353/1245 1263/1354/1246
f 1218/1355/1247 1373/1356/1248 1398/1357/1249 1233/1358/1250
f 1399/1359/1251 1376/1360/1252 1218/1355/1247 1233/1358/1250
f 1230/1361/1253 1220/1362/1254 1370/1363/1255 1397/1364/1256
f 1398/1357/1249 1373/1356/1248 1220/1362/1254 1230/1361/1253
f 1222/1365/1257 1367/1366/1258 1396/1367/1259 1229/1368/1260
f 1397/1364/1256 1370/1363/1255 1210/1369/1261 1228/1370/1262
f 1227/1371/1263 1224/1372/1264 1365/1373/1265 1395/1374/1266
f 1396/1367/1259 1367/1366/1258 1224/1372/1264 1227/1371/1263
f 1225/1375/1267 1208/1376/1268 1362/1377/1269 1394/1378/1270
f 1395/1374/1266 1365/1373/1265 1208/1376/1268 1225/1375/1267
f 1214/1379/1271 1378/1380/1272 1392/1381/1273 1231/1382/1274
f 1394/1378/1270 1362/1377/1269 1212/1383/1275 1226/1384/1276
f 1238/1385/1277 1401/1386/1278 1510/1387/1279 1412/1388/1280
f 1401/1386/1278 1183/1389/1281 1288/1390/1282 1510/1387/1279
f 1510/1387/1279 1288/1390/1282 1184/1391/1283 1381/1392/1284
f 1412/1388/1280 1510/1387/1279 1381/1392/1284 1236/1393/1285
f 1241/1394/1286 1403/1395/1287 1511/1396/1288 1411/1397/1289
f 1403/1395/1287 1188/1398/1290 1292/1399/1291 1511/1396/1288
f 1511/1396/1288 1292/1399/1291 1189/1400/1292 1404/1401/1293
f 1411/1397/1289 1511/1396/1288 1404/1401/1293 1242/1402/1294
f 1832/1403/1295 1985/1404/1296 2105/1405/1297 2043/1406/1298
f 1608/1407/1299 1466/1408/1300 1501/1409/1301 1524/1410/1302
f 1461/1411/1303 1605/1412/1304 1512/1413/1305 1491/1414/1306
f 1512/1413/1305 1572/1415/1307 1332/1416/1308 1491/1414/1306
f 1308/1417/1309 1551/1418/1310 1513/1419/1311 1340/1420/1312
f 1567/1421/1313 1333/1422/1314 1339/1423/1315 1533/1424/1316
f 1333/1422/1314 1566/1425/1317 1513/1419/1311 1339/1423/1315
f 1308/1417/1309 1309/1426/1318 1552/1427/1319 1551/1418/1310
f 1282/1428/1320 1314/1429/1321 1192/1430/1322 1177/1431/1323
f 1198/1432/1324 1318/1433/1325 1280/1434/1326 1174/1435/1327
f 1239/1436/1328 1384/1437/1329 1514/1438/1330 1410/1439/1331
f 1384/1437/1329 1190/1440/1332 1294/1441/1333 1514/1438/1330
f 1514/1438/1330 1294/1441/1333 1182/1442/1334 1382/1443/1335
f 1410/1439/1331 1514/1438/1330 1382/1443/1335 1237/1444/1336
f 1304/1445/1337 1549/1446/1338 1515/1447/1339 1343/1448/1340
f 1566/1425/1317 1331/1449/1341 1340/1420/1312 1513/1419/1311
f 1329/1450/1342 1565/1451/1343 1515/1447/1339 1342/1452/1344
f 1304/1445/1337 1306/1453/1345 1550/1454/1346 1549/1446/1338
f 1242/1402/1294 1404/1401/1293 1516/1455/1347 1409/1456/1348
f 1404/1401/1293 1189/1400/1292 1293/1457/1349 1516/1455/1347
f 1516/1455/1347 1293/1457/1349 1190/1440/1332 1384/1437/1329
f 1409/1456/1348 1516/1455/1347 1384/1437/1329 1239/1436/1328
f 1280/1434/1326 1318/1433/1325 1199/1458/1350 1175/1459/1351
f 1193/1460/1352 1328/1461/1353 1283/1462/1354 1178/1463/1355
f 1283/1462/1354 1328/1461/1353 1194/1464/1356 1179/1465/1357
f 1175/1459/1351 1199/1458/1350 1317/1466/1358 1281/1467/1359
f 1281/1467/1359 1317/1466/1358 1191/1468/1360 1176/1469/1361
f 1197/1470/1362 1307/1471/1363 1279/1472/1364 1173/1473/1365
f 1237/1444/1336 1382/1443/1335 1517/1474/1366 1408/1475/1367
f 1382/1443/1335 1182/1442/1334 1287/1476/1368 1517/1474/1366
f 1517/1474/1366 1287/1476/1368 1183/1389/1281 1401/1386/1278
f 1408/1475/1367 1517/1474/1366 1401/1386/1278 1238/1385/1277
f 1279/1472/1364 1307/1471/1363 1198/1432/1324 1174/1435/1327
f 1196/1477/1369 1321/1478/1370 1286/1479/1371 1181/1480/1372
f 1286/1479/1371 1321/1478/1370 1197/1470/1362 1173/1473/1365
f 1195/1481/1373 1324/1482/1374 1285/1483/1375 1180/1484/1376
f 1285/1483/1375 1324/1482/1374 1196/1477/1369 1181/1480/1372
f 1194/1464/1356 1327/1485/1377 1284/1486/1378 1179/1465/1357
f 1284/1486/1378 1327/1485/1377 1195/1481/1373 1180/1484/1376
f 1277/1487/1379 1508/1488/1380 1630/1489/1381 1476/1490/1382
f 1630/1489/1381 1631/1491/1383 1205/1492/1384 1499/1493/1385
f 1476/1490/1382 1630/1489/1381 1499/1493/1385 1278/1494/1386
f 1236/1393/1285 1381/1392/1284 1519/1495/1387 1407/1496/1388
f 1381/1392/1284 1184/1391/1283 1289/1497/1389 1519/1495/1387
f 1519/1495/1387 1289/1497/1389 1185/1498/1390 1379/1499/1391
f 1407/1496/1388 1519/1495/1387 1379/1499/1391 1234/1500/1392
f 1520/1501/1393 1567/1421/1313 1334/1502/1394 1500/1503/1395
f 1334/1502/1394 1568/1504/1396 1521/1505/1397 1500/1503/1395
f 1507/1506/1398 1627/1507/1399 1623/1508/1400 1480/1509/1401
f 1481/1510/1402 1620/1511/1403 1520/1501/1393 1500/1503/1395
f 1521/1505/1397 1568/1504/1396 1330/1512/1404 1507/1506/1398
f 1329/1450/1342 1569/1513/1405 1522/1514/1406 1505/1515/1407
f 1620/1511/1403 1485/1516/1408 1496/1517/1409 1520/1501/1393
f 1480/1509/1401 1617/1518/1410 1521/1505/1397 1507/1506/1398
f 1522/1514/1406 1569/1513/1405 1335/1519/1411 1503/1520/1412
f 1335/1519/1411 1570/1521/1413 1523/1522/1414 1503/1520/1412
f 1617/1518/1410 1481/1510/1402 1500/1503/1395 1521/1505/1397
f 1470/1523/1415 1614/1524/1416 1522/1514/1406 1503/1520/1412
f 1523/1522/1414 1570/1521/1413 1336/1525/1417 1501/1409/1301
f 1336/1525/1417 1571/1526/1418 1524/1410/1302 1501/1409/1301
f 1614/1524/1416 1474/1527/1419 1505/1515/1407 1522/1514/1406
f 1466/1408/1300 1611/1528/1420 1523/1522/1414 1501/1409/1301
f 1337/1529/1421 1572/1415/1307 1512/1413/1305 1493/1530/1422
f 1611/1528/1420 1470/1523/1415 1503/1520/1412 1523/1522/1414
f 1462/1531/1423 1608/1407/1299 1524/1410/1302 1493/1530/1422
f 1524/1410/1302 1571/1526/1418 1337/1529/1421 1493/1530/1422
f 1278/1494/1386 1499/1493/1385 1525/1532/1424 1482/1533/1425
f 1499/1493/1385 1205/1492/1384 1352/1534/1426 1525/1532/1424
f 1525/1532/1424 1352/1534/1426 1206/1535/1427 1498/1536/1428
f 1482/1533/1425 1525/1532/1424 1498/1536/1428 1272/1537/1429
f 1325/1538/1430 1563/1539/1431 1526/1540/1432 1345/1541/1433
f 1809/1542/1434 2027/1543/1435 1993/1544/1436 1841/1545/1437
f 1332/1416/1308 1572/1415/1307 1526/1540/1432 1344/1546/1438
f 1325/1538/1430 1326/1547/1439 1564/1548/1440 1563/1539/1431
f 1322/1549/1441 1561/1550/1442 1527/1551/1443 1346/1552/1444
f 1572/1415/1307 1337/1529/1421 1345/1541/1433 1526/1540/1432
f 1337/1529/1421 1571/1526/1418 1527/1551/1443 1345/1541/1433
f 1322/1549/1441 1323/1553/1445 1562/1554/1446 1561/1550/1442
f 1319/1555/1447 1559/1556/1448 1528/1557/1449 1341/1558/1450
f 1571/1526/1418 1336/1525/1417 1346/1552/1444 1527/1551/1443
f 1336/1525/1417 1570/1521/1413 1528/1557/1449 1346/1552/1444
f 1319/1555/1447 1320/1559/1451 1560/1560/1452 1559/1556/1448
f 1529/1561/1453 1566/1425/1317 1333/1422/1314 1496/1517/1409
f 1333/1422/1314 1567/1421/1313 1520/1501/1393 1496/1517/1409
f 2083/1562/1454 1990/1563/1455 1973/1564/1456 1947/1565/1457
f 1485/1516/1408 1626/1566/1458 1529/1561/1453 1496/1517/1409
f 1315/1567/1459 1555/1568/1460 1530/1569/1461 1338/1570/1462
f 1569/1513/1405 1329/1450/1342 1342/1452/1344 1534/1571/1463
f 1330/1512/1404 1568/1504/1396 1530/1569/1461 1343/1448/1340
f 1315/1567/1459 1316/1572/1464 1556/1573/1465 1555/1568/1460
f 1240/1574/1466 1402/1575/1467 1531/1576/1468 1406/1577/1469
f 1402/1575/1467 1187/1578/1470 1291/1579/1471 1531/1576/1468
f 1531/1576/1468 1291/1579/1471 1188/1398/1290 1403/1395/1287
f 1406/1577/1469 1531/1576/1468 1403/1395/1287 1241/1394/1286
f 1234/1500/1392 1379/1499/1391 1532/1580/1472 1405/1581/1473
f 1379/1499/1391 1185/1498/1390 1290/1582/1474 1532/1580/1472
f 1532/1580/1472 1290/1582/1474 1186/1583/1475 1400/1584/1476
f 1405/1581/1473 1532/1580/1472 1400/1584/1476 1235/1585/1477
f 1312/1586/1478 1553/1587/1479 1533/1424/1316 1339/1423/1315
f 1568/1504/1396 1334/1502/1394 1338/1570/1462 1530/1569/1461
f 1334/1502/1394 1567/1421/1313 1533/1424/1316 1338/1570/1462
f 1312/1586/1478 1313/1588/1480 1554/1589/1481 1553/1587/1479
f 1303/1590/1482 1557/1591/1483 1534/1571/1463 1342/1452/1344
f 1570/1521/1413 1335/1519/1411 1341/1558/1450 1528/1557/1449
f 1335/1519/1411 1569/1513/1405 1534/1571/1463 1341/1558/1450
f 1303/1590/1482 1305/1592/1484 1558/1593/1485 1557/1591/1483
f 1243/1594/1486 1421/1595/1487 1535/1596/1488 1413/1597/1489
f 1421/1595/1487 1244/1598/1490 1295/1599/1491 1535/1596/1488
f 1535/1600/1488 1295/1601/1491 1183/1389/1281 1287/1476/1368
f 1413/1602/1489 1535/1600/1488 1287/1476/1368 1182/1442/1334
f 1244/1598/1490 1420/1603/1492 1536/1604/1493 1295/1599/1491
f 1420/1603/1492 1245/1605/1494 1296/1606/1495 1536/1604/1493
f 1536/1607/1493 1296/1608/1495 1184/1391/1283 1288/1390/1282
f 1295/1601/1491 1536/1607/1493 1288/1390/1282 1183/1389/1281
f 1245/1605/1494 1419/1609/1496 1537/1610/1497 1296/1606/1495
f 1419/1609/1496 1246/1611/1498 1297/1612/1499 1537/1610/1497
f 1537/1613/1497 1297/1614/1499 1185/1498/1390 1289/1497/1389
f 1296/1608/1495 1537/1613/1497 1289/1497/1389 1184/1391/1283
f 1246/1611/1498 1418/1615/1500 1538/1616/1501 1297/1612/1499
f 1418/1615/1500 1247/1617/1502 1298/1618/1503 1538/1616/1501
f 1538/1619/1501 1298/1620/1503 1186/1583/1475 1290/1582/1474
f 1297/1614/1499 1538/1619/1501 1290/1582/1474 1185/1498/1390
f 1248/1621/1504 1417/1622/1505 1539/1623/1506 1299/1624/1507
f 1417/1622/1505 1249/1625/1508 1300/1626/1509 1539/1623/1506
f 1539/1627/1506 1300/1628/1509 1188/1398/1290 1291/1579/1471
f 1299/1629/1507 1539/1627/1506 1291/1579/1471 1187/1578/1470
f 1249/1625/1508 1416/1630/1510 1540/1631/1511 1300/1626/1509
f 1416/1630/1510 1250/1632/1512 1301/1633/1513 1540/1631/1511
f 1540/1634/1511 1301/1635/1513 1189/1400/1292 1292/1399/1291
f 1300/1628/1509 1540/1634/1511 1292/1399/1291 1188/1398/1290
f 1250/1632/1512 1415/1636/1514 1541/1637/1515 1301/1633/1513
f 1415/1636/1514 1251/1638/1516 1302/1639/1517 1541/1637/1515
f 1541/1640/1515 1302/1641/1517 1190/1440/1332 1293/1457/1349
f 1301/1635/1513 1541/1640/1515 1293/1457/1349 1189/1400/1292
f 1251/1638/1516 1414/1642/1518 1542/1643/1519 1302/1639/1517
f 1414/1642/1518 1243/1594/1486 1413/1597/1489 1542/1643/1519
f 1542/1644/1519 1413/1602/1489 1182/1442/1334 1294/1441/1333
f 1302/1641/1517 1542/1644/1519 1294/1441/1333 1190/1440/1332
f 1266/1645/1520 1444/1646/1521 1543/1647/1522 1454/1648/1523
f 1444/1646/1521 1252/1649/1521 1429/1650/1522 1543/1647/1522
f 1543/1647/1522 1429/1650/1522 1260/1350/1242 1433/1347/1242
f 1454/1648/1523 1543/1647/1522 1433/1347/1242 1264/1346/1241
f 1267/1651/1524 1436/1652/1525 1544/1653/1526 1453/1654/1527
f 1436/1652/1525 1254/1655/1525 1423/1656/1526 1544/1653/1526
f 1544/1653/1526 1423/1656/1526 1253/1657/1528 1434/1658/1528
f 1453/1654/1527 1544/1653/1526 1434/1658/1528 1265/1659/1529
f 1268/1660/1530 1437/1661/1531 1545/1662/1532 1452/1663/1533
f 1437/1661/1531 1255/1664/1531 1424/1665/1532 1545/1662/1532
f 1545/1662/1532 1424/1665/1532 1254/1655/1525 1436/1652/1525
f 1452/1663/1533 1545/1662/1532 1436/1652/1525 1267/1651/1524
f 1269/1666/1534 1438/1667/1535 1546/1668/1536 1451/1669/1537
f 1438/1667/1535 1256/1670/1535 1425/1671/1536 1546/1668/1536
f 1546/1668/1536 1425/1671/1536 1255/1664/1531 1437/1661/1531
f 1451/1669/1537 1546/1668/1536 1437/1661/1531 1268/1660/1530
f 1261/1672/1538 1430/1673/1539 1547/1674/1540 1450/1675/1541
f 1430/1673/1539 1258/1676/1539 1426/1677/1540 1547/1674/1540
f 1547/1674/1540 1426/1677/1540 1257/1678/1542 1440/1679/1542
f 1450/1675/1541 1547/1674/1540 1440/1679/1542 1262/1680/1543
f 1263/1354/1246 1432/1353/1245 1548/1681/1544 1449/1682/1545
f 1432/1353/1245 1259/1352/1245 1427/1683/1544 1548/1681/1544
f 1548/1681/1544 1427/1683/1544 1258/1676/1539 1430/1673/1539
f 1449/1682/1545 1548/1681/1544 1430/1673/1539 1261/1672/1538
f 1549/1446/1338 1550/1454/1346 1305/1592/1484 1303/1590/1482
f 1513/1419/1311 1551/1418/1310 1312/1586/1478 1339/1423/1315
f 1550/1454/1346 1306/1453/1345 1198/1432/1324 1307/1471/1363
f 1305/1592/1484 1550/1454/1346 1307/1471/1363 1197/1470/1362
f 1551/1418/1310 1552/1427/1319 1313/1588/1480 1312/1586/1478
f 1533/1424/1316 1553/1587/1479 1315/1567/1459 1338/1570/1462
f 1552/1427/1319 1309/1426/1318 1192/1430/1322 1314/1429/1321
f 1313/1588/1480 1552/1427/1319 1314/1429/1321 1191/1468/1360
f 1553/1587/1479 1554/1589/1481 1316/1572/1464 1315/1567/1459
f 1530/1569/1461 1555/1568/1460 1304/1445/1337 1343/1448/1340
f 1554/1589/1481 1313/1588/1480 1191/1468/1360 1317/1466/1358
f 1316/1572/1464 1554/1589/1481 1317/1466/1358 1199/1458/1350
f 1555/1568/1460 1556/1573/1465 1306/1453/1345 1304/1445/1337
f 1534/1571/1463 1557/1591/1483 1319/1555/1447 1341/1558/1450
f 1556/1573/1465 1316/1572/1464 1199/1458/1350 1318/1433/1325
f 1306/1453/1345 1556/1573/1465 1318/1433/1325 1198/1432/1324
f 1557/1591/1483 1558/1593/1485 1320/1559/1451 1319/1555/1447
f 1528/1557/1449 1559/1556/1448 1322/1549/1441 1346/1552/1444
f 1558/1593/1485 1305/1592/1484 1197/1470/1362 1321/1478/1370
f 1320/1559/1451 1558/1593/1485 1321/1478/1370 1196/1477/1369
f 1559/1556/1448 1560/1560/1452 1323/1553/1445 1322/1549/1441
f 1527/1551/1443 1561/1550/1442 1325/1538/1430 1345/1541/1433
f 1560/1560/1452 1320/1559/1451 1196/1477/1369 1324/1482/1374
f 1323/1553/1445 1560/1560/1452 1324/1482/1374 1195/1481/1373
f 1561/1550/1442 1562/1554/1446 1326/1547/1439 1325/1538/1430
f 1526/1540/1432 1563/1539/1431 1310/1684/1546 1344/1546/1438
f 1562/1554/1446 1323/1553/1445 1195/1481/1373 1327/1485/1377
f 1326/1547/1439 1562/1554/1446 1327/1485/1377 1194/1464/1356
f 1563/1539/1431 1564/1548/1440 1311/1685/1547 1310/1684/1546
f 1565/1451/1343 1330/1512/1404 1343/1448/1340 1515/1447/1339
f 1564/1548/1440 1326/1547/1439 1194/1464/1356 1328/1461/1353
f 1311/1685/1547 1564/1548/1440 1328/1461/1353 1193/1460/1352
f 1331/1449/1341 1566/1425/1317 1529/1561/1453 1497/1686/1548
f 1329/1450/1342 1505/1515/1407 1627/1507/1399 1565/1451/1343
f 1202/1687/1549 1386/1688/1550 1573/1689/1551 1348/1690/1552
f 1386/1688/1550 1232/1691/1553 1399/1359/1251 1573/1689/1551
f 1573/1689/1551 1399/1359/1251 1233/1358/1250 1387/1692/1554
f 1348/1690/1552 1573/1689/1551 1387/1692/1554 1203/1693/1555
f 1203/1693/1555 1387/1692/1554 1574/1694/1556 1349/1695/1557
f 1387/1692/1554 1233/1358/1250 1398/1357/1249 1574/1694/1556
f 1574/1694/1556 1398/1357/1249 1230/1361/1253 1391/1696/1558
f 1349/1695/1557 1574/1694/1556 1391/1696/1558 1204/1697/1559
f 1204/1697/1559 1391/1696/1558 1633/1698/1560 1350/1699/1561
f 1391/1696/1558 1230/1361/1253 1397/1364/1256 1633/1698/1560
f 1633/1698/1560 1397/1364/1256 1228/1370/1262 1390/1700/1562
f 1635/1701/1563 1229/1368/1260 1396/1367/1259 1636/1702/1564
f 1636/1702/1564 1396/1367/1259 1227/1371/1263 1389/1703/1565
f 1631/1491/1383 1636/1702/1564 1389/1703/1565 1205/1492/1384
f 1205/1492/1384 1389/1703/1565 1577/1704/1566 1352/1534/1426
f 1389/1703/1565 1227/1371/1263 1395/1374/1266 1577/1704/1566
f 1577/1704/1566 1395/1374/1266 1225/1375/1267 1388/1705/1567
f 1352/1534/1426 1577/1704/1566 1388/1705/1567 1206/1535/1427
f 1206/1535/1427 1388/1705/1567 1578/1706/1568 1353/1707/1569
f 1388/1705/1567 1225/1375/1267 1394/1378/1270 1578/1706/1568
f 1578/1706/1568 1394/1378/1270 1226/1384/1276 1380/1708/1570
f 1353/1707/1569 1578/1706/1568 1380/1708/1570 1200/1709/1571
f 1579/1710/1572 1390/1700/1562 1228/1370/1262 1393/1711/1573
f 1635/1701/1563 1579/1710/1572 1393/1711/1573 1229/1368/1260
f 1209/1712/1574 1355/1713/1575 1580/1714/1576 1354/1715/1577
f 1355/1713/1575 1221/1716/1578 1356/1717/1579 1580/1714/1576
f 1580/1714/1576 1356/1717/1579 1222/1365/1257 1357/1718/1580
f 1354/1715/1577 1580/1714/1576 1357/1718/1580 1210/1369/1261
f 1207/1719/1581 1361/1720/1582 1581/1721/1583 1360/1722/1584
f 1361/1720/1582 1211/1723/1585 1358/1724/1586 1581/1721/1583
f 1581/1721/1583 1358/1724/1586 1212/1383/1275 1362/1377/1269
f 1360/1722/1584 1581/1721/1583 1362/1377/1269 1208/1376/1268
f 1223/1725/1587 1364/1726/1588 1582/1727/1589 1363/1728/1590
f 1364/1726/1588 1207/1719/1581 1360/1722/1584 1582/1727/1589
f 1582/1727/1589 1360/1722/1584 1208/1376/1268 1365/1373/1265
f 1363/1728/1590 1582/1727/1589 1365/1373/1265 1224/1372/1264
f 1221/1716/1578 1366/1729/1591 1583/1730/1592 1356/1717/1579
f 1366/1729/1591 1223/1725/1587 1363/1728/1590 1583/1730/1592
f 1583/1730/1592 1363/1728/1590 1224/1372/1264 1367/1366/1258
f 1356/1717/1579 1583/1730/1592 1367/1366/1258 1222/1365/1257
f 1219/1731/1593 1369/1732/1594 1584/1733/1595 1368/1734/1596
f 1369/1732/1594 1209/1712/1574 1354/1715/1577 1584/1733/1595
f 1584/1733/1595 1354/1715/1577 1210/1369/1261 1370/1363/1255
f 1368/1734/1596 1584/1733/1595 1370/1363/1255 1220/1362/1254
f 1217/1735/1597 1372/1736/1598 1585/1737/1599 1371/1738/1600
f 1372/1736/1598 1219/1731/1593 1368/1734/1596 1585/1737/1599
f 1585/1737/1599 1368/1734/1596 1220/1362/1254 1373/1356/1248
f 1371/1738/1600 1585/1737/1599 1373/1356/1248 1218/1355/1247
f 1215/1739/1601 1375/1740/1602 1586/1741/1603 1374/1742/1604
f 1375/1740/1602 1217/1735/1597 1371/1738/1600 1586/1741/1603
f 1586/1741/1603 1371/1738/1600 1218/1355/1247 1376/1360/1252
f 1374/1742/1604 1586/1741/1603 1376/1360/1252 1216/1743/1605
f 1213/1744/1606 1377/1745/1607 1587/1746/1608 1359/1747/1609
f 1377/1745/1607 1215/1739/1601 1374/1742/1604 1587/1746/1608
f 1587/1746/1608 1374/1742/1604 1216/1743/1605 1378/1380/1272
f 1359/1747/1609 1587/1746/1608 1378/1380/1272 1214/1379/1271
f 1222/1365/1257 1229/1368/1260 1393/1711/1573 1357/1718/1580
f 1392/1381/1273 1378/1380/1272 1216/1743/1605 1232/1691/1553
f 1893/1748/1610 1872/1749/1611 1736/1750/1612 1750/1751/1613
f 1357/1718/1580 1393/1711/1573 1228/1370/1262 1210/1369/1261
f 1207/1719/1581 1234/1500/1392 1405/1581/1473 1361/1720/1582
f 1361/1720/1582 1405/1581/1473 1235/1585/1477 1211/1723/1585
f 1240/1574/1466 1406/1577/1469 1377/1745/1607 1213/1744/1606
f 1377/1745/1607 1406/1577/1469 1241/1394/1286 1215/1739/1601
f 1223/1725/1587 1236/1393/1285 1407/1496/1388 1364/1726/1588
f 1364/1726/1588 1407/1496/1388 1234/1500/1392 1207/1719/1581
f 1209/1712/1574 1237/1444/1336 1408/1475/1367 1355/1713/1575
f 1355/1713/1575 1408/1475/1367 1238/1385/1277 1221/1716/1578
f 1242/1402/1294 1409/1456/1348 1372/1736/1598 1217/1735/1597
f 1372/1736/1598 1409/1456/1348 1239/1436/1328 1219/1731/1593
f 1219/1731/1593 1239/1436/1328 1410/1439/1331 1369/1732/1594
f 1369/1732/1594 1410/1439/1331 1237/1444/1336 1209/1712/1574
f 1241/1394/1286 1411/1397/1289 1375/1740/1602 1215/1739/1601
f 1375/1740/1602 1411/1397/1289 1242/1402/1294 1217/1735/1597
f 1238/1385/1277 1412/1388/1280 1366/1729/1591 1221/1716/1578
f 1366/1729/1591 1412/1388/1280 1236/1393/1285 1223/1725/1587
f 1265/1659/1529 1434/1658/1528 1588/1752/1614 1448/1753/1615
f 1434/1658/1528 1253/1657/1528 1422/1754/1614 1588/1752/1614
f 1588/1752/1614 1422/1754/1614 1252/1649/1521 1444/1646/1521
f 1448/1753/1615 1588/1752/1614 1444/1646/1521 1266/1645/1520
f 1174/1435/1327 1443/1755/1616 1589/1756/1617 1279/1472/1364
f 1443/1757/1616 1265/1659/1529 1448/1753/1615 1589/1758/1617
f 1589/1758/1617 1448/1753/1615 1266/1645/1520 1435/1759/1618
f 1279/1472/1364 1589/1756/1617 1435/1760/1618 1173/1473/1365
f 1180/1484/1376 1441/1761/1619 1590/1762/1620 1284/1486/1378
f 1441/1763/1619 1263/1354/1246 1449/1682/1545 1590/1764/1620
f 1590/1764/1620 1449/1682/1545 1261/1672/1538 1439/1765/1621
f 1284/1486/1378 1590/1762/1620 1439/1766/1621 1179/1465/1357
f 1179/1465/1357 1439/1766/1621 1591/1767/1622 1283/1462/1354
f 1439/1765/1621 1261/1672/1538 1450/1675/1541 1591/1768/1622
f 1591/1768/1622 1450/1675/1541 1262/1680/1543 1431/1769/1623
f 1283/1462/1354 1591/1767/1622 1431/1770/1623 1178/1463/1355
f 1177/1431/1323 1447/1771/1624 1592/1772/1625 1282/1428/1320
f 1447/1773/1624 1269/1666/1534 1451/1669/1537 1592/1774/1625
f 1592/1774/1625 1451/1669/1537 1268/1660/1530 1446/1775/1626
f 1282/1428/1320 1592/1772/1625 1446/1776/1626 1176/1469/1361
f 1176/1469/1361 1446/1776/1626 1593/1777/1627 1281/1467/1359
f 1446/1775/1626 1268/1660/1530 1452/1663/1533 1593/1778/1627
f 1593/1778/1627 1452/1663/1533 1267/1651/1524 1445/1779/1628
f 1281/1467/1359 1593/1777/1627 1445/1780/1628 1175/1459/1351
f 1175/1459/1351 1445/1780/1628 1594/1781/1629 1280/1434/1326
f 1445/1779/1628 1267/1651/1524 1453/1654/1527 1594/1782/1629
f 1594/1782/1629 1453/1654/1527 1265/1659/1529 1443/1757/1616
f 1280/1434/1326 1594/1781/1629 1443/1755/1616 1174/1435/1327
f 1173/1473/1365 1435/1760/1618 1595/1783/1630 1286/1479/1371
f 1435/1759/1618 1266/1645/1520 1454/1648/1523 1595/1784/1630
f 1595/1784/1630 1454/1648/1523 1264/1346/1241 1442/1785/1631
f 1286/1479/1371 1595/1783/1630 1442/1786/1631 1181/1480/1372
f 1181/1480/1372 1442/1786/1631 1596/1787/1632 1285/1483/1375
f 1442/1785/1631 1264/1346/1241 1455/1349/1244 1596/1788/1632
f 1596/1788/1632 1455/1349/1244 1263/1354/1246 1441/1763/1619
f 1285/1483/1375 1596/1787/1632 1441/1761/1619 1180/1484/1376
f 1270/1789/1633 1492/1790/1634 1597/1791/1635 1457/1792/1636
f 1492/1790/1634 1201/1793/1637 1347/1794/1638 1597/1791/1635
f 1597/1791/1635 1347/1794/1638 1202/1687/1549 1494/1795/1639
f 1457/1792/1636 1597/1791/1635 1494/1795/1639 1273/1796/1640
f 1273/1796/1640 1494/1795/1639 1598/1797/1641 1463/1798/1642
f 1494/1795/1639 1202/1687/1549 1348/1690/1552 1598/1797/1641
f 1598/1797/1641 1348/1690/1552 1203/1693/1555 1502/1799/1643
f 1463/1798/1642 1598/1797/1641 1502/1799/1643 1274/1800/1644
f 1274/1800/1644 1502/1799/1643 1599/1801/1645 1467/1802/1646
f 1502/1799/1643 1203/1693/1555 1349/1695/1557 1599/1801/1645
f 1599/1801/1645 1349/1695/1557 1204/1697/1559 1504/1803/1647
f 1467/1802/1646 1599/1801/1645 1504/1803/1647 1275/1804/1648
f 1275/1804/1648 1504/1803/1647 1638/1805/1649 1471/1806/1650
f 1504/1803/1647 1204/1697/1559 1350/1699/1561 1638/1805/1649
f 1471/1806/1650 1638/1805/1649 1506/1807/1651 1276/1808/1652
f 1272/1537/1429 1498/1536/1428 1601/1809/1653 1490/1810/1654
f 1498/1536/1428 1206/1535/1427 1353/1707/1569 1601/1809/1653
f 1601/1809/1653 1353/1707/1569 1200/1709/1571 1495/1811/1655
f 1490/1810/1654 1601/1809/1653 1495/1811/1655 1271/1812/1656
f 1276/1808/1652 1506/1807/1651 1640/1813/1657 1489/1814/1658
f 1489/1814/1658 1640/1813/1657 1508/1488/1380 1277/1487/1379
f 1270/1789/1633 1457/1792/1636 1603/1815/1659 1456/1816/1660
f 1457/1792/1636 1273/1796/1640 1458/1817/1661 1603/1815/1659
f 1603/1815/1659 1604/1818/1662 1459/1819/1663 1456/1816/1660
f 1460/1820/1664 1462/1531/1423 1605/1412/1304 1604/1818/1662
f 1604/1818/1662 1605/1412/1304 1461/1411/1303 1459/1819/1663
f 1464/1821/1665 1465/1822/1666 1607/1823/1667 1606/1824/1668
f 1273/1796/1640 1463/1798/1642 1606/1824/1668 1458/1817/1661
f 1463/1798/1642 1274/1800/1644 1464/1821/1665 1606/1824/1668
f 1606/1824/1668 1607/1823/1667 1460/1820/1664 1458/1817/1661
f 1465/1822/1666 1466/1408/1300 1608/1407/1299 1607/1823/1667
f 1607/1823/1667 1608/1407/1299 1462/1531/1423 1460/1820/1664
f 1468/1825/1669 1469/1826/1670 1610/1827/1671 1609/1828/1672
f 1274/1800/1644 1467/1802/1646 1609/1828/1672 1464/1821/1665
f 1467/1802/1646 1275/1804/1648 1468/1825/1669 1609/1828/1672
f 1609/1828/1672 1610/1827/1671 1465/1822/1666 1464/1821/1665
f 1469/1826/1670 1470/1523/1415 1611/1528/1420 1610/1827/1671
f 1610/1827/1671 1611/1528/1420 1466/1408/1300 1465/1822/1666
f 1472/1829/1673 1473/1830/1674 1613/1831/1675 1612/1832/1676
f 1275/1804/1648 1471/1806/1650 1612/1832/1676 1468/1825/1669
f 1471/1806/1650 1276/1808/1652 1472/1829/1673 1612/1832/1676
f 1612/1832/1676 1613/1831/1675 1469/1826/1670 1468/1825/1669
f 1473/1830/1674 1474/1527/1419 1614/1524/1416 1613/1831/1675
f 1613/1831/1675 1614/1524/1416 1470/1523/1415 1469/1826/1670
f 1477/1833/1677 1479/1834/1678 1616/1835/1679 1615/1836/1680
f 1277/1487/1379 1476/1490/1382 1615/1836/1680 1475/1837/1681
f 1476/1490/1382 1278/1494/1386 1477/1833/1677 1615/1836/1680
f 1615/1836/1680 1616/1835/1679 1478/1838/1682 1475/1837/1681
f 1479/1834/1678 1481/1510/1402 1617/1518/1410 1616/1835/1679
f 1616/1835/1679 1617/1518/1410 1480/1509/1401 1478/1838/1682
f 1483/1839/1683 1484/1840/1684 1619/1841/1685 1618/1842/1686
f 1278/1494/1386 1482/1533/1425 1618/1842/1686 1477/1833/1677
f 1482/1533/1425 1272/1537/1429 1483/1839/1683 1618/1842/1686
f 1618/1842/1686 1619/1841/1685 1479/1834/1678 1477/1833/1677
f 1484/1840/1684 1485/1516/1408 1620/1511/1403 1619/1841/1685
f 1619/1841/1685 1620/1511/1403 1481/1510/1402 1479/1834/1678
f 1475/1837/1681 1478/1838/1682 1622/1843/1687 1621/1844/1688
f 1276/1808/1652 1489/1814/1658 1621/1844/1688 1472/1829/1673
f 1489/1814/1658 1277/1487/1379 1475/1837/1681 1621/1844/1688
f 1621/1844/1688 1622/1843/1687 1473/1830/1674 1472/1829/1673
f 1478/1838/1682 1480/1509/1401 1623/1508/1400 1622/1843/1687
f 1622/1843/1687 1623/1508/1400 1474/1527/1419 1473/1830/1674
f 1486/1845/1689 1487/1846/1690 1625/1847/1691 1624/1848/1692
f 1627/1507/1399 1505/1515/1407 1474/1527/1419 1623/1508/1400
f 1626/1566/1458 1488/1849/1693 1497/1686/1548 1529/1561/1453
f 1272/1537/1429 1490/1810/1654 1624/1848/1692 1483/1839/1683
f 1490/1810/1654 1271/1812/1656 1486/1845/1689 1624/1848/1692
f 1624/1848/1692 1625/1847/1691 1484/1840/1684 1483/1839/1683
f 1487/1846/1690 1488/1849/1693 1626/1566/1458 1625/1847/1691
f 1625/1847/1691 1626/1566/1458 1485/1516/1408 1484/1840/1684
f 2081/1850/1694 2082/1851/1695 1946/1852/1696 1945/1853/1697
f 1201/1793/1637 1385/1854/1698 1628/1855/1699 1347/1794/1638
f 1385/1854/1698 1231/1382/1274 1392/1381/1273 1628/1855/1699
f 1628/1855/1699 1392/1381/1273 1232/1691/1553 1386/1688/1550
f 1347/1794/1638 1628/1855/1699 1386/1688/1550 1202/1687/1549
f 1191/1468/1360 1314/1429/1321 1282/1428/1320 1176/1469/1361
f 1681/1856/1700 1682/1857/1701 1630/1489/1381 1508/1488/1380
f 1682/1857/1701 1683/1858/1702 1631/1491/1383 1630/1489/1381
f 1684/1859/1703 1685/1860/1704 1633/1698/1560 1390/1700/1562
f 1685/1860/1704 1686/1861/1705 1350/1699/1561 1633/1698/1560
f 1687/1862/1706 1688/1863/1707 1635/1701/1563 1636/1702/1564
f 1683/1858/1702 1687/1862/1706 1636/1702/1564 1631/1491/1383
f 1689/1864/1708 1684/1859/1703 1390/1700/1562 1579/1710/1572
f 1688/1863/1707 1689/1864/1708 1579/1710/1572 1635/1701/1563
f 1686/1861/1705 1690/1865/1709 1638/1805/1649 1350/1699/1561
f 1690/1865/1709 1691/1866/1710 1506/1807/1651 1638/1805/1649
f 1691/1866/1710 1692/1867/1711 1640/1813/1657 1506/1807/1651
f 1692/1867/1711 1681/1856/1700 1508/1488/1380 1640/1813/1657
f 1652/1868/1712 1641/1869/1713 1351/1870/1714 1518/1871/1715
f 1641/1869/1713 1642/1872/1716 1576/1873/1717 1351/1870/1714
f 1642/1872/1716 1643/1874/1718 1383/1875/1719 1576/1873/1717
f 1643/1874/1718 1644/1876/1720 1637/1877/1721 1383/1875/1719
f 1644/1876/1720 1645/1878/1722 1632/1879/1723 1637/1877/1721
f 1645/1878/1722 1646/1880/1724 1575/1881/1725 1632/1879/1723
f 1646/1880/1724 1647/1882/1726 1634/1883/1727 1575/1881/1725
f 1647/1882/1726 1648/1884/1728 1600/1885/1729 1634/1883/1727
f 1648/1884/1728 1649/1886/1730 1639/1887/1731 1600/1885/1729
f 1649/1886/1730 1650/1888/1732 1602/1889/1733 1639/1887/1731
f 1650/1888/1732 1651/1890/1734 1629/1891/1735 1602/1889/1733
f 1651/1890/1734 1652/1868/1712 1518/1871/1715 1629/1891/1735
f 1703/1892/1732 1704/1893/1734 1651/1894/1734 1650/1895/1732
f 1702/1896/1730 1703/1892/1732 1650/1895/1732 1649/1897/1730
f 1701/1898/1728 1702/1896/1730 1649/1897/1730 1648/1899/1728
f 1700/1900/1726 1701/1898/1728 1648/1899/1728 1647/1901/1726
f 1699/1902/1724 1700/1903/1726 1647/1904/1726 1646/1905/1724
f 1698/1906/1722 1699/1902/1724 1646/1905/1724 1645/1907/1722
f 1697/1908/1720 1698/1906/1722 1645/1907/1722 1644/1909/1720
f 1696/1910/1718 1697/1908/1720 1644/1909/1720 1643/1911/1718
f 1695/1912/1716 1696/1910/1718 1643/1911/1718 1642/1913/1716
f 1694/1914/1713 1695/1912/1716 1642/1913/1716 1641/1915/1713
f 1693/1916/1712 1694/1914/1713 1641/1915/1713 1652/1917/1712
f 1704/1893/1734 1693/1916/1712 1652/1917/1712 1651/1894/1734
f 1250/1632/1512 1416/1630/1510 1653/1918/1736 1415/1636/1514
f 1416/1630/1510 1249/1625/1508 1660/1919/1736 1653/1918/1736
f 1249/1625/1508 1417/1622/1505 1667/1920/1736 1660/1919/1736
f 1417/1622/1505 1248/1621/1504 1674/1921/1736 1667/1920/1736
f 1415/1636/1514 1653/1918/1736 1654/1922/1736 1251/1638/1516
f 1653/1918/1736 1660/1919/1736 1661/1923/1736 1654/1922/1736
f 1660/1919/1736 1667/1920/1736 1668/1924/1736 1661/1923/1736
f 1667/1920/1736 1674/1921/1736 1675/1925/1736 1668/1924/1736
f 1251/1638/1516 1654/1922/1736 1655/1926/1736 1414/1642/1518
f 1654/1922/1736 1661/1923/1736 1662/1927/1736 1655/1926/1736
f 1661/1923/1736 1668/1924/1736 1669/1928/1736 1662/1927/1736
f 1668/1924/1736 1675/1925/1736 1676/1929/1736 1669/1928/1736
f 1414/1642/1518 1655/1926/1736 1656/1930/1736 1243/1594/1486
f 1655/1926/1736 1662/1927/1736 1663/1931/1736 1656/1930/1736
f 1662/1927/1736 1669/1928/1736 1670/1932/1736 1663/1931/1736
f 1669/1928/1736 1676/1929/1736 1677/1933/1736 1670/1932/1736
f 1243/1594/1486 1656/1930/1736 1657/1934/1736 1421/1595/1487
f 1656/1930/1736 1663/1931/1736 1664/1935/1736 1657/1934/1736
f 1663/1931/1736 1670/1932/1736 1671/1936/1736 1664/1935/1736
f 1670/1932/1736 1677/1933/1736 1678/1937/1736 1671/1936/1736
f 1421/1595/1487 1657/1934/1736 1658/1938/1736 1244/1598/1490
f 1657/1934/1736 1664/1935/1736 1665/1939/1736 1658/1938/1736
f 1664/1935/1736 1671/1936/1736 1672/1940/1736 1665/1939/1736
f 1671/1936/1736 1678/1937/1736 1679/1941/1736 1672/1940/1736
f 1244/1598/1490 1658/1938/1736 1659/1942/1736 1420/1603/1492
f 1658/1938/1736 1665/1939/1736 1666/1943/1736 1659/1942/1736
f 1665/1939/1736 1672/1940/1736 1673/1944/1736 1666/1943/1736
f 1672/1940/1736 1679/1941/1736 1680/1945/1736 1673/1944/1736
f 1420/1603/1492 1659/1942/1736 1419/1609/1496 1245/1605/1494
f 1659/1942/1736 1666/1943/1736 1246/1611/1498 1419/1609/1496
f 1666/1943/1736 1673/1944/1736 1418/1615/1500 1246/1611/1498
f 1673/1944/1736 1680/1945/1736 1247/1617/1502 1418/1615/1500
f 1602/1889/1733 1629/1891/1735 1681/1856/1700 1692/1867/1711
f 1639/1887/1731 1602/1889/1733 1692/1867/1711 1691/1866/1710
f 1600/1885/1729 1639/1887/1731 1691/1866/1710 1690/1865/1709
f 1634/1883/1727 1600/1885/1729 1690/1865/1709 1686/1861/1705
f 1383/1875/1719 1637/1877/1721 1689/1864/1708 1688/1863/1707
f 1637/1877/1721 1632/1879/1723 1684/1859/1703 1689/1864/1708
f 1351/1870/1714 1576/1873/1717 1687/1862/1706 1683/1858/1702
f 1576/1873/1717 1383/1875/1719 1688/1863/1707 1687/1862/1706
f 1575/1881/1725 1634/1883/1727 1686/1861/1705 1685/1860/1704
f 1632/1879/1723 1575/1881/1725 1685/1860/1704 1684/1859/1703
f 1518/1871/1715 1351/1870/1714 1683/1858/1702 1682/1857/1701
f 1629/1891/1735 1518/1871/1715 1682/1857/1701 1681/1856/1700
f 1775/1946/1737 1943/1947/1738 1987/1948/1739 1924/1949/1740
f 1924/1949/1740 1987/1948/1739 1920/1950/1739 1772/1951/1740
f 1987/1948/1739 1923/1952/1741 1771/1953/1741 1920/1950/1739
f 1943/1947/1738 1774/1954/1742 1923/1952/1741 1987/1948/1739
f 1892/1955/1743 1869/1956/1744 1738/1957/1745 1751/1958/1746
f 1738/1957/1745 1872/1749/1611 1893/1748/1610 1751/1958/1746
f 1891/1959/1747 1866/1960/1748 1740/1961/1749 1749/1962/1750
f 1749/1962/1750 1740/1961/1749 1869/1956/1744 1892/1955/1743
f 1890/1963/1751 1863/1964/1752 1742/1965/1753 1748/1966/1754
f 1747/1967/1755 1734/1968/1756 1866/1960/1748 1891/1959/1747
f 1889/1969/1757 1861/1970/1758 1744/1971/1759 1746/1972/1760
f 1746/1972/1760 1744/1971/1759 1863/1964/1752 1890/1963/1751
f 1888/1973/1761 1858/1974/1762 1732/1975/1763 1745/1976/1764
f 1745/1976/1764 1732/1975/1763 1861/1970/1758 1889/1969/1757
f 1886/1977/1765 1874/1978/1766 1214/1979/1271 1231/1980/1274
f 1212/1383/1275 1858/1974/1762 1888/1973/1761 1226/1384/1276
f 1755/1981/1767 1904/1982/1768 1988/1983/1769 1894/1984/1770
f 1894/1984/1770 1988/1983/1769 1796/1985/1771 1713/1986/1772
f 1988/1983/1769 1876/1987/1773 1714/1988/1774 1796/1985/1771
f 1904/1982/1768 1753/1989/1775 1876/1987/1773 1988/1983/1769
f 1757/1990/1776 1903/1991/1777 1989/1992/1778 1895/1993/1779
f 1895/1993/1779 1989/1992/1778 1800/1994/1780 1716/1995/1781
f 1989/1992/1778 1896/1996/1782 1717/1997/1783 1800/1994/1780
f 1903/1991/1777 1758/1998/1784 1896/1996/1782 1989/1992/1778
f 2086/1999/1785 2002/2000/1786 1979/2001/1787 1951/2002/1788
f 1461/2003/1303 1491/2004/1306 1990/1563/1455 2083/1562/1454
f 1332/2005/1308 2050/2006/1789 1990/1563/1455 1491/2004/1306
f 1991/2007/1790 2029/2008/1791 1308/1417/1309 1340/1420/1312
f 2045/2009/1792 2011/2010/1793 1839/2011/1794 1833/2012/1795
f 1833/2012/1795 1839/2011/1794 1991/2007/1790 2044/2013/1796
f 2029/2008/1791 2030/2014/1797 1309/1426/1318 1308/1417/1309
f 1790/2015/1798 1177/1431/1323 1192/1430/1322 1816/2016/1799
f 1724/2017/1800 1706/2018/1801 1788/2019/1802 1820/2020/1803
f 1756/2021/1804 1902/2022/1805 1992/2023/1806 1879/2024/1807
f 1879/2024/1807 1992/2023/1806 1802/2025/1808 1718/2026/1809
f 1992/2023/1806 1877/2027/1810 1712/2028/1811 1802/2025/1808
f 1902/2022/1805 1754/2029/1812 1877/2027/1810 1992/2023/1806
f 1993/1544/1436 2027/1543/1435 1810/2030/1813 1842/2031/1814
f 2044/2013/1796 1991/2007/1790 1340/1420/1312 1331/1449/1341
f 1831/2032/1815 1841/1545/1437 1993/1544/1436 2043/1406/1298
f 2027/1543/1435 2028/2033/1816 1812/2034/1817 1810/2030/1813
f 1758/1998/1784 1901/2035/1818 1994/2036/1819 1896/1996/1782
f 1896/1996/1782 1994/2036/1819 1801/2037/1820 1717/1997/1783
f 1994/2036/1819 1879/2024/1807 1718/2026/1809 1801/2037/1820
f 1901/2035/1818 1756/2021/1804 1879/2024/1807 1994/2036/1819
f 1788/2019/1802 1707/2038/1821 1725/2039/1822 1820/2020/1803
f 1193/2040/1352 1178/2041/1355 1791/2042/1823 1830/2043/1824
f 1791/2042/1823 1709/2044/1825 1720/2045/1826 1830/2043/1824
f 1707/2038/1821 1789/2046/1827 1819/2047/1828 1725/2039/1822
f 1789/2046/1827 1708/2048/1829 1719/2049/1830 1819/2047/1828
f 1723/2050/1831 1705/2051/1832 1787/2052/1833 1813/2053/1834
f 1754/2029/1812 1900/2054/1835 1995/2055/1836 1877/2027/1810
f 1877/2027/1810 1995/2055/1836 1795/2056/1837 1712/2028/1811
f 1995/2055/1836 1894/1984/1770 1713/1986/1772 1795/2056/1837
f 1900/2054/1835 1755/1981/1767 1894/1984/1770 1995/2055/1836
f 1787/2052/1833 1706/2018/1801 1724/2017/1800 1813/2053/1834
f 1722/2057/1838 1711/2058/1839 1794/2059/1840 1823/2060/1841
f 1794/2059/1840 1705/2051/1832 1723/2050/1831 1823/2060/1841
f 1721/2061/1842 1710/2062/1843 1793/2063/1844 1826/2064/1845
f 1793/2063/1844 1711/2058/1839 1722/2057/1838 1826/2064/1845
f 1720/2045/1826 1709/2044/1825 1792/2065/1846 1829/2066/1847
f 1792/2065/1846 1710/2062/1843 1721/2061/1842 1829/2066/1847
f 1785/2067/1848 1961/2068/1849 2108/2069/1850 1986/2070/1851
f 2108/2069/1850 1977/2071/1852 1729/2072/1853 2109/2073/1854
f 1961/2068/1849 1786/2074/1855 1977/2071/1852 2108/2069/1850
f 1753/1989/1775 1899/2075/1856 1997/2076/1857 1876/1987/1773
f 1876/1987/1773 1997/2076/1857 1797/2077/1858 1714/1988/1774
f 1997/2076/1857 1875/2078/1859 1715/2079/1860 1797/2077/1858
f 1899/2075/1856 1752/2080/1861 1875/2078/1859 1997/2076/1857
f 1834/2081/1862 2045/2009/1792 1998/2082/1863 1978/2083/1864
f 1999/2084/1865 2046/2085/1866 1834/2081/1862 1978/2083/1864
f 1985/1404/1296 1965/2086/1867 2101/2087/1868 2105/1405/1297
f 1966/2088/1869 1978/2083/1864 1998/2082/1863 2098/2089/1870
f 1832/1403/1295 2046/2085/1866 1999/2084/1865 1985/1404/1296
f 2000/2090/1871 2047/2091/1872 1831/2032/1815 1983/2092/1873
f 2098/2089/1870 1998/2082/1863 1975/2093/1874 1970/2094/1875
f 1965/2086/1867 1985/1404/1296 1999/2084/1865 2095/2095/1876
f 1835/2096/1877 2047/2091/1872 2000/2090/1871 1981/2097/1878
f 2001/2098/1879 2048/2099/1880 1835/2096/1877 1981/2097/1878
f 2095/2095/1876 1999/2084/1865 1978/2083/1864 1966/2088/1869
f 1955/2100/1881 1981/2097/1878 2000/2090/1871 2092/2101/1882
f 1836/2102/1883 2048/2099/1880 2001/2098/1879 1979/2001/1787
f 2002/2000/1786 2049/2103/1884 1836/2102/1883 1979/2001/1787
f 2092/2101/1882 2000/2090/1871 1983/2092/1873 1959/2104/1885
f 1951/2002/1788 1979/2001/1787 2001/2098/1879 2089/2105/1886
f 1990/1563/1455 2050/2006/1789 1837/2106/1887 1973/1564/1456
f 2089/2105/1886 2001/2098/1879 1981/2097/1878 1955/2100/1881
f 1947/1565/1457 1973/1564/1456 2002/2000/1786 2086/1999/1785
f 1837/2106/1887 2049/2103/1884 2002/2000/1786 1973/1564/1456
f 1786/2074/1855 1967/2107/1888 2003/2108/1889 1977/2071/1852
f 1977/2071/1852 2003/2108/1889 1850/2109/1890 1729/2072/1853
f 2003/2108/1889 1976/2110/1891 1730/2111/1892 1850/2109/1890
f 1967/2107/1888 1780/2112/1893 1976/2110/1891 2003/2108/1889
f 2004/2113/1894 2041/2114/1895 1827/2115/1896 1843/2116/1897
f 1332/2005/1308 1344/2117/1438 2004/2113/1894 2050/2006/1789
f 2041/2114/1895 2042/2118/1898 1828/2119/1899 1827/2115/1896
f 2005/2120/1900 2039/2121/1901 1824/2122/1902 1844/2123/1903
f 2050/2006/1789 2004/2113/1894 1843/2116/1897 1837/2106/1887
f 1837/2106/1887 1843/2116/1897 2005/2120/1900 2049/2103/1884
f 2039/2121/1901 2040/2124/1904 1825/2125/1905 1824/2122/1902
f 2006/2126/1906 2037/2127/1907 1821/2128/1908 1840/2129/1909
f 2049/2103/1884 2005/2120/1900 1844/2123/1903 1836/2102/1883
f 1836/2102/1883 1844/2123/1903 2006/2126/1906 2048/2099/1880
f 2037/2127/1907 2038/2130/1910 1822/2131/1911 1821/2128/1908
f 1833/2012/1795 2044/2013/1796 2007/2132/1912 1975/2093/1874
f 1998/2082/1863 2045/2009/1792 1833/2012/1795 1975/2093/1874
f 1970/2094/1875 1975/2093/1874 2007/2132/1912 2104/2133/1913
f 2008/2134/1914 2033/2135/1915 1817/2136/1916 1838/2137/1917
f 2047/2091/1872 2012/2138/1918 1841/1545/1437 1831/2032/1815
f 1832/1403/1295 1842/2031/1814 2008/2134/1914 2046/2085/1866
f 2033/2135/1915 2034/2139/1919 1818/2140/1920 1817/2136/1916
f 1240/2141/1466 1898/2142/1921 2009/2143/1922 1402/2144/1467
f 1402/2144/1467 2009/2143/1922 1799/2145/1923 1187/2146/1470
f 2009/2143/1922 1895/1993/1779 1716/1995/1781 1799/2145/1923
f 1898/2142/1921 1757/1990/1776 1895/1993/1779 2009/2143/1922
f 1752/2080/1861 1897/2147/1924 2010/2148/1925 1875/2078/1859
f 1875/2078/1859 2010/2148/1925 1798/2149/1926 1715/2079/1860
f 2010/2148/1925 1400/1584/1476 1186/1583/1475 1798/2149/1926
f 1897/2147/1924 1235/1585/1477 1400/1584/1476 2010/2148/1925
f 2011/2010/1793 2031/2150/1927 1814/2151/1928 1839/2011/1794
f 2046/2085/1866 2008/2134/1914 1838/2137/1917 1834/2081/1862
f 1834/2081/1862 1838/2137/1917 2011/2010/1793 2045/2009/1792
f 2031/2150/1927 2032/2152/1929 1815/2153/1930 1814/2151/1928
f 2012/2138/1918 2035/2154/1931 1809/1542/1434 1841/1545/1437
f 2048/2099/1880 2006/2126/1906 1840/2129/1909 1835/2096/1877
f 1835/2096/1877 1840/2129/1909 2012/2138/1918 2047/2091/1872
f 2035/2154/1931 2036/2155/1932 1811/2156/1933 1809/1542/1434
f 1759/2157/1934 1905/2158/1935 2013/2159/1936 1913/2160/1937
f 1913/2160/1937 2013/2159/1936 1803/2161/1938 1760/2162/1939
f 2013/2163/1936 1795/2056/1837 1713/1986/1772 1803/2164/1938
f 1905/2165/1935 1712/2028/1811 1795/2056/1837 2013/2163/1936
f 1760/2162/1939 1803/2161/1938 2014/2166/1940 1912/2167/1941
f 1912/2167/1941 2014/2166/1940 1804/2168/1942 1761/2169/1943
f 2014/2170/1940 1796/1985/1771 1714/1988/1774 1804/2171/1942
f 1803/2164/1938 1713/1986/1772 1796/1985/1771 2014/2170/1940
f 1761/2169/1943 1804/2168/1942 2015/2172/1944 1911/2173/1945
f 1911/2173/1945 2015/2172/1944 1805/2174/1946 1762/2175/1947
f 2015/2176/1944 1797/2077/1858 1715/2079/1860 1805/2177/1946
f 1804/2171/1942 1714/1988/1774 1797/2077/1858 2015/2176/1944
f 1762/2175/1947 1805/2174/1946 2016/2178/1948 1910/2179/1949
f 1910/2179/1949 2016/2178/1948 1298/1618/1503 1247/1617/1502
f 2016/2180/1948 1798/2149/1926 1186/1583/1475 1298/1620/1503
f 1805/2177/1946 1715/2079/1860 1798/2149/1926 2016/2180/1948
f 1248/1621/1504 1299/1624/1507 2017/2181/1950 1909/2182/1951
f 1909/2182/1951 2017/2181/1950 1806/2183/1952 1763/2184/1953
f 2017/2185/1950 1799/2145/1923 1716/1995/1781 1806/2186/1952
f 1299/2187/1507 1187/2146/1470 1799/2145/1923 2017/2185/1950
f 1763/2184/1953 1806/2183/1952 2018/2188/1954 1908/2189/1955
f 1908/2189/1955 2018/2188/1954 1807/2190/1956 1764/2191/1957
f 2018/2192/1954 1800/1994/1780 1717/1997/1783 1807/2193/1956
f 1806/2186/1952 1716/1995/1781 1800/1994/1780 2018/2192/1954
f 1764/2191/1957 1807/2190/1956 2019/2194/1958 1907/2195/1959
f 1907/2195/1959 2019/2194/1958 1808/2196/1960 1765/2197/1961
f 2019/2198/1958 1801/2037/1820 1718/2026/1809 1808/2199/1960
f 1807/2193/1956 1717/1997/1783 1801/2037/1820 2019/2198/1958
f 1765/2197/1961 1808/2196/1960 2020/2200/1962 1906/2201/1963
f 1906/2201/1963 2020/2200/1962 1905/2158/1935 1759/2157/1934
f 2020/2202/1962 1802/2025/1808 1712/2028/1811 1905/2165/1935
f 1808/2199/1960 1718/2026/1809 1802/2025/1808 2020/2202/1962
f 1777/2203/1964 1942/2204/1965 2021/2205/1966 1933/2206/1967
f 1933/2206/1967 2021/2205/1966 1921/2207/1966 1766/2208/1967
f 2021/2205/1966 1924/1949/1740 1772/1951/1740 1921/2207/1966
f 1942/2204/1965 1775/1946/1737 1924/1949/1740 2021/2205/1966
f 1778/2209/1968 1941/2210/1969 2022/2211/1970 1927/2212/1971
f 1927/2212/1971 2022/2211/1970 1915/2213/1970 1768/2214/1971
f 2022/2211/1970 1925/2215/1972 1767/2216/1972 1915/2213/1970
f 1941/2210/1969 1776/2217/1973 1925/2215/1972 2022/2211/1970
f 1779/2218/1974 1940/2219/1975 2023/2220/1976 1928/2221/1977
f 1928/2221/1977 2023/2220/1976 1916/2222/1976 1769/2223/1977
f 2023/2220/1976 1927/2212/1971 1768/2214/1971 1916/2222/1976
f 1940/2219/1975 1778/2209/1968 1927/2212/1971 2023/2220/1976
f 1269/1666/1534 1939/2224/1978 2024/2225/1979 1438/1667/1535
f 1438/1667/1535 2024/2225/1979 1917/2226/1979 1256/1670/1535
f 2024/2225/1979 1928/2221/1977 1769/2223/1977 1917/2226/1979
f 1939/2224/1978 1779/2218/1974 1928/2221/1977 2024/2225/1979
f 1773/2227/1980 1938/2228/1981 2025/2229/1982 1922/2230/1983
f 1922/2230/1983 2025/2229/1982 1918/2231/1982 1770/2232/1983
f 2025/2229/1982 1440/2233/1542 1257/2234/1542 1918/2231/1982
f 1938/2228/1981 1262/2235/1543 1440/2233/1542 2025/2229/1982
f 1774/1954/1742 1937/2236/1984 2026/2237/1985 1923/1952/1741
f 1923/1952/1741 2026/2237/1985 1919/2238/1985 1771/1953/1741
f 2026/2237/1985 1922/2230/1983 1770/2232/1983 1919/2238/1985
f 1937/2236/1984 1773/2227/1980 1922/2230/1983 2026/2237/1985
f 1809/1542/1434 1811/2156/1933 2028/2033/1816 2027/1543/1435
f 1814/2151/1928 2029/2008/1791 1991/2007/1790 1839/2011/1794
f 2028/2033/1816 1813/2053/1834 1724/2017/1800 1812/2034/1817
f 1811/2156/1933 1723/2050/1831 1813/2053/1834 2028/2033/1816
f 1814/2151/1928 1815/2153/1930 2030/2014/1797 2029/2008/1791
f 1817/2136/1916 2031/2150/1927 2011/2010/1793 1838/2137/1917
f 2030/2014/1797 1816/2016/1799 1192/1430/1322 1309/1426/1318
f 1815/2153/1930 1719/2049/1830 1816/2016/1799 2030/2014/1797
f 1817/2136/1916 1818/2140/1920 2032/2152/1929 2031/2150/1927
f 1810/2030/1813 2033/2135/1915 2008/2134/1914 1842/2031/1814
f 2032/2152/1929 1819/2047/1828 1719/2049/1830 1815/2153/1930
f 1818/2140/1920 1725/2039/1822 1819/2047/1828 2032/2152/1929
f 1810/2030/1813 1812/2034/1817 2034/2139/1919 2033/2135/1915
f 1821/2128/1908 2035/2154/1931 2012/2138/1918 1840/2129/1909
f 2034/2139/1919 1820/2020/1803 1725/2039/1822 1818/2140/1920
f 1812/2034/1817 1724/2017/1800 1820/2020/1803 2034/2139/1919
f 1821/2128/1908 1822/2131/1911 2036/2155/1932 2035/2154/1931
f 1824/2122/1902 2037/2127/1907 2006/2126/1906 1844/2123/1903
f 2036/2155/1932 1823/2060/1841 1723/2050/1831 1811/2156/1933
f 1822/2131/1911 1722/2057/1838 1823/2060/1841 2036/2155/1932
f 1824/2122/1902 1825/2125/1905 2038/2130/1910 2037/2127/1907
f 1827/2115/1896 2039/2121/1901 2005/2120/1900 1843/2116/1897
f 2038/2130/1910 1826/2064/1845 1722/2057/1838 1822/2131/1911
f 1825/2125/1905 1721/2061/1842 1826/2064/1845 2038/2130/1910
f 1827/2115/1896 1828/2119/1899 2040/2124/1904 2039/2121/1901
f 1310/2239/1546 2041/2114/1895 2004/2113/1894 1344/2117/1438
f 2040/2124/1904 1829/2066/1847 1721/2061/1842 1825/2125/1905
f 1828/2119/1899 1720/2045/1826 1829/2066/1847 2040/2124/1904
f 1310/2239/1546 1311/2240/1547 2042/2118/1898 2041/2114/1895
f 2043/1406/1298 1993/1544/1436 1842/2031/1814 1832/1403/1295
f 2042/2118/1898 1830/2043/1824 1720/2045/1826 1828/2119/1899
f 1311/2240/1547 1193/2040/1352 1830/2043/1824 2042/2118/1898
f 2007/2132/1912 2044/2013/1796 1331/1449/1341 1497/1686/1548
f 2043/1406/1298 2105/1405/1297 1983/2092/1873 1831/2032/1815
f 1726/2241/1986 1846/2242/1987 2051/2243/1988 1880/2244/1989
f 1880/2244/1989 2051/2243/1988 1893/1748/1610 1750/1751/1613
f 2051/2243/1988 1881/2245/1990 1751/1958/1746 1893/1748/1610
f 1846/2242/1987 1727/2246/1991 1881/2245/1990 2051/2243/1988
f 1727/2246/1991 1847/2247/1992 2052/2248/1993 1881/2245/1990
f 1881/2245/1990 2052/2248/1993 1892/1955/1743 1751/1958/1746
f 2052/2248/1993 1885/2249/1994 1749/1962/1750 1892/1955/1743
f 1847/2247/1992 1728/2250/1995 1885/2249/1994 2052/2248/1993
f 1728/2250/1995 1848/2251/1996 2111/2252/1997 1885/2249/1994
f 1885/2249/1994 2111/2252/1997 1891/1959/1747 1749/1962/1750
f 2111/2252/1997 1884/2253/1998 1747/1967/1755 1891/1959/1747
f 2113/2254/1999 2114/2255/2000 1890/1963/1751 1748/1966/1754
f 2114/2255/2000 1883/2256/2001 1746/1972/1760 1890/1963/1751
f 2109/2073/1854 1729/2072/1853 1883/2256/2001 2114/2255/2000
f 1729/2072/1853 1850/2109/1890 2055/2257/2002 1883/2256/2001
f 1883/2256/2001 2055/2257/2002 1889/1969/1757 1746/1972/1760
f 2055/2257/2002 1882/2258/2003 1745/1976/1764 1889/1969/1757
f 1850/2109/1890 1730/2111/1892 1882/2258/2003 2055/2257/2002
f 1730/2111/1892 1851/2259/2004 2056/2260/2005 1882/2258/2003
f 1882/2258/2003 2056/2260/2005 1888/1973/1761 1745/1976/1764
f 2056/2260/2005 1380/1708/1570 1226/1384/1276 1888/1973/1761
f 1851/2259/2004 1200/1709/1571 1380/1708/1570 2056/2260/2005
f 2057/2261/2006 1887/2262/2007 1747/1967/1755 1884/2253/1998
f 2113/2254/1999 1748/1966/1754 1887/2262/2007 2057/2261/2006
f 1733/2263/2008 1852/2264/2009 2058/2265/2010 1853/2266/2011
f 1853/2266/2011 2058/2265/2010 1854/2267/2012 1741/2268/2013
f 2058/2265/2010 1855/2269/2014 1742/1965/1753 1854/2267/2012
f 1852/2264/2009 1734/1968/1756 1855/2269/2014 2058/2265/2010
f 1731/2270/2015 1856/2271/2016 2059/2272/2017 1857/2273/2018
f 1857/2273/2018 2059/2272/2017 1358/1724/1586 1211/1723/1585
f 2059/2272/2017 1858/1974/1762 1212/1383/1275 1358/1724/1586
f 1856/2271/2016 1732/1975/1763 1858/1974/1762 2059/2272/2017
f 1743/2274/2019 1859/2275/2020 2060/2276/2021 1860/2277/2022
f 1860/2277/2022 2060/2276/2021 1856/2271/2016 1731/2270/2015
f 2060/2276/2021 1861/1970/1758 1732/1975/1763 1856/2271/2016
f 1859/2275/2020 1744/1971/1759 1861/1970/1758 2060/2276/2021
f 1741/2268/2013 1854/2267/2012 2061/2278/2023 1862/2279/2024
f 1862/2279/2024 2061/2278/2023 1859/2275/2020 1743/2274/2019
f 2061/2278/2023 1863/1964/1752 1744/1971/1759 1859/2275/2020
f 1854/2267/2012 1742/1965/1753 1863/1964/1752 2061/2278/2023
f 1739/2280/2025 1864/2281/2026 2062/2282/2027 1865/2283/2028
f 1865/2283/2028 2062/2282/2027 1852/2264/2009 1733/2263/2008
f 2062/2282/2027 1866/1960/1748 1734/1968/1756 1852/2264/2009
f 1864/2281/2026 1740/1961/1749 1866/1960/1748 2062/2282/2027
f 1737/2284/2029 1867/2285/2030 2063/2286/2031 1868/2287/2032
f 1868/2287/2032 2063/2286/2031 1864/2281/2026 1739/2280/2025
f 2063/2286/2031 1869/1956/1744 1740/1961/1749 1864/2281/2026
f 1867/2285/2030 1738/1957/1745 1869/1956/1744 2063/2286/2031
f 1735/2288/2033 1870/2289/2034 2064/2290/2035 1871/2291/2036
f 1871/2291/2036 2064/2290/2035 1867/2285/2030 1737/2284/2029
f 2064/2290/2035 1872/1749/1611 1738/1957/1745 1867/2285/2030
f 1870/2289/2034 1736/1750/1612 1872/1749/1611 2064/2290/2035
f 1213/2292/1606 1359/2293/1609 2065/2294/2037 1873/2295/2038
f 1873/2295/2038 2065/2294/2037 1870/2289/2034 1735/2288/2033
f 2065/2294/2037 1874/1978/1766 1736/1750/1612 1870/2289/2034
f 1359/2293/1609 1214/1979/1271 1874/1978/1766 2065/2294/2037
f 1855/2269/2014 1887/2262/2007 1748/1966/1754 1742/1965/1753
f 1736/1750/1612 1874/1978/1766 1886/1977/1765 1750/1751/1613
f 1515/1447/1339 1549/1446/1338 1303/1590/1482 1342/1452/1344
f 1747/1967/1755 1887/2262/2007 1855/2269/2014 1734/1968/1756
f 1731/2270/2015 1857/2273/2018 1897/2147/1924 1752/2080/1861
f 1857/2273/2018 1211/1723/1585 1235/1585/1477 1897/2147/1924
f 1240/2141/1466 1213/2292/1606 1873/2295/2038 1898/2142/1921
f 1873/2295/2038 1735/2288/2033 1757/1990/1776 1898/2142/1921
f 1743/2274/2019 1860/2277/2022 1899/2075/1856 1753/1989/1775
f 1860/2277/2022 1731/2270/2015 1752/2080/1861 1899/2075/1856
f 1733/2263/2008 1853/2266/2011 1900/2054/1835 1754/2029/1812
f 1853/2266/2011 1741/2268/2013 1755/1981/1767 1900/2054/1835
f 1758/1998/1784 1737/2284/2029 1868/2287/2032 1901/2035/1818
f 1868/2287/2032 1739/2280/2025 1756/2021/1804 1901/2035/1818
f 1739/2280/2025 1865/2283/2028 1902/2022/1805 1756/2021/1804
f 1865/2283/2028 1733/2263/2008 1754/2029/1812 1902/2022/1805
f 1757/1990/1776 1735/2288/2033 1871/2291/2036 1903/1991/1777
f 1871/2291/2036 1737/2284/2029 1758/1998/1784 1903/1991/1777
f 1755/1981/1767 1741/2268/2013 1862/2279/2024 1904/1982/1768
f 1862/2279/2024 1743/2274/2019 1753/1989/1775 1904/1982/1768
f 1776/2217/1973 1936/2296/2039 2066/2297/2040 1925/2215/1972
f 1925/2215/1972 2066/2297/2040 1914/2298/2040 1767/2216/1972
f 2066/2297/2040 1933/2206/1967 1766/2208/1967 1914/2298/2040
f 1936/2296/2039 1777/2203/1964 1933/2206/1967 2066/2297/2040
f 1706/2018/1801 1787/2052/1833 2067/2299/2041 1932/2300/2042
f 1932/2301/2042 2067/2302/2041 1936/2296/2039 1776/2217/1973
f 2067/2302/2041 1926/2303/2043 1777/2203/1964 1936/2296/2039
f 1787/2052/1833 1705/2051/1832 1926/2304/2043 2067/2299/2041
f 1710/2062/1843 1792/2065/1846 2068/2305/2044 1930/2306/2045
f 1930/2307/2045 2068/2308/2044 1937/2236/1984 1774/1954/1742
f 2068/2308/2044 1929/2309/2046 1773/2227/1980 1937/2236/1984
f 1792/2065/1846 1709/2044/1825 1929/2310/2046 2068/2305/2044
f 1709/2044/1825 1791/2042/1823 2069/2311/2047 1929/2310/2046
f 1929/2309/2046 2069/2312/2047 1938/2228/1981 1773/2227/1980
f 2069/2312/2047 1431/2313/1623 1262/2235/1543 1938/2228/1981
f 1791/2042/1823 1178/2041/1355 1431/2314/1623 2069/2311/2047
f 1177/1431/1323 1790/2015/1798 2070/2315/2048 1447/1771/1624
f 1447/1773/1624 2070/2316/2048 1939/2224/1978 1269/1666/1534
f 2070/2316/2048 1935/2317/2049 1779/2218/1974 1939/2224/1978
f 1790/2015/1798 1708/2048/1829 1935/2318/2049 2070/2315/2048
f 1708/2048/1829 1789/2046/1827 2071/2319/2050 1935/2318/2049
f 1935/2317/2049 2071/2320/2050 1940/2219/1975 1779/2218/1974
f 2071/2320/2050 1934/2321/2051 1778/2209/1968 1940/2219/1975
f 1789/2046/1827 1707/2038/1821 1934/2322/2051 2071/2319/2050
f 1707/2038/1821 1788/2019/1802 2072/2323/2052 1934/2322/2051
f 1934/2321/2051 2072/2324/2052 1941/2210/1969 1778/2209/1968
f 2072/2324/2052 1932/2301/2042 1776/2217/1973 1941/2210/1969
f 1788/2019/1802 1706/2018/1801 1932/2300/2042 2072/2323/2052
f 1705/2051/1832 1794/2059/1840 2073/2325/2053 1926/2304/2043
f 1926/2303/2043 2073/2326/2053 1942/2204/1965 1777/2203/1964
f 2073/2326/2053 1931/2327/2054 1775/1946/1737 1942/2204/1965
f 1794/2059/1840 1711/2058/1839 1931/2328/2054 2073/2325/2053
f 1711/2058/1839 1793/2063/1844 2074/2329/2055 1931/2328/2054
f 1931/2327/2054 2074/2330/2055 1943/1947/1738 1775/1946/1737
f 2074/2330/2055 1930/2307/2045 1774/1954/1742 1943/1947/1738
f 1793/2063/1844 1710/2062/1843 1930/2306/2045 2074/2329/2055
f 1270/2331/1633 1944/2332/2056 2075/2333/2057 1492/2334/1634
f 1492/2334/1634 2075/2333/2057 1845/2335/2058 1201/2336/1637
f 2075/2333/2057 1974/2337/2059 1726/2241/1986 1845/2335/2058
f 1944/2332/2056 1781/2338/2060 1974/2337/2059 2075/2333/2057
f 1781/2338/2060 1948/2339/2061 2076/2340/2062 1974/2337/2059
f 1974/2337/2059 2076/2340/2062 1846/2242/1987 1726/2241/1986
f 2076/2340/2062 1980/2341/2063 1727/2246/1991 1846/2242/1987
f 1948/2339/2061 1782/2342/2064 1980/2341/2063 2076/2340/2062
f 1782/2342/2064 1952/2343/2065 2077/2344/2066 1980/2341/2063
f 1980/2341/2063 2077/2344/2066 1847/2247/1992 1727/2246/1991
f 2077/2344/2066 1982/2345/2067 1728/2250/1995 1847/2247/1992
f 1952/2343/2065 1783/2346/2068 1982/2345/2067 2077/2344/2066
f 1783/2346/2068 1956/2347/2069 2116/2348/2070 1982/2345/2067
f 1982/2345/2067 2116/2348/2070 1848/2251/1996 1728/2250/1995
f 1956/2347/2069 1784/2349/2071 1984/2350/2072 2116/2348/2070
f 1780/2112/1893 1972/2351/2073 2079/2352/2074 1976/2110/1891
f 1976/2110/1891 2079/2352/2074 1851/2259/2004 1730/2111/1892
f 2079/2352/2074 1495/1811/1655 1200/1709/1571 1851/2259/2004
f 1972/2351/2073 1271/1812/1656 1495/1811/1655 2079/2352/2074
f 1784/2349/2071 1971/2353/2075 2118/2354/2076 1984/2350/2072
f 1971/2353/2075 1785/2067/1848 1986/2070/1851 2118/2354/2076
f 1270/2331/1633 1456/2355/1660 2081/1850/1694 1944/2332/2056
f 1944/2332/2056 2081/1850/1694 1945/1853/1697 1781/2338/2060
f 1456/2355/1660 1459/2356/1663 2082/1851/1695 2081/1850/1694
f 2082/1851/1695 2083/1562/1454 1947/1565/1457 1946/1852/1696
f 1459/2356/1663 1461/2003/1303 2083/1562/1454 2082/1851/1695
f 2084/2357/2077 2085/2358/2078 1950/2359/2079 1949/2360/2080
f 1781/2338/2060 1945/1853/1697 2084/2357/2077 1948/2339/2061
f 1948/2339/2061 2084/2357/2077 1949/2360/2080 1782/2342/2064
f 1945/1853/1697 1946/1852/1696 2085/2358/2078 2084/2357/2077
f 2085/2358/2078 2086/1999/1785 1951/2002/1788 1950/2359/2079
f 1946/1852/1696 1947/1565/1457 2086/1999/1785 2085/2358/2078
f 2087/2361/2081 2088/2362/2082 1954/2363/2083 1953/2364/2084
f 1782/2342/2064 1949/2360/2080 2087/2361/2081 1952/2343/2065
f 1952/2343/2065 2087/2361/2081 1953/2364/2084 1783/2346/2068
f 1949/2360/2080 1950/2359/2079 2088/2362/2082 2087/2361/2081
f 2088/2362/2082 2089/2105/1886 1955/2100/1881 1954/2363/2083
f 1950/2359/2079 1951/2002/1788 2089/2105/1886 2088/2362/2082
f 2090/2365/2085 2091/2366/2086 1958/2367/2087 1957/2368/2088
f 1783/2346/2068 1953/2364/2084 2090/2365/2085 1956/2347/2069
f 1956/2347/2069 2090/2365/2085 1957/2368/2088 1784/2349/2071
f 1953/2364/2084 1954/2363/2083 2091/2366/2086 2090/2365/2085
f 2091/2366/2086 2092/2101/1882 1959/2104/1885 1958/2367/2087
f 1954/2363/2083 1955/2100/1881 2092/2101/1882 2091/2366/2086
f 2093/2369/2089 2094/2370/2090 1964/2371/2091 1962/2372/2092
f 1785/2067/1848 1960/2373/2093 2093/2369/2089 1961/2068/1849
f 1961/2068/1849 2093/2369/2089 1962/2372/2092 1786/2074/1855
f 1960/2373/2093 1963/2374/2094 2094/2370/2090 2093/2369/2089
f 2094/2370/2090 2095/2095/1876 1966/2088/1869 1964/2371/2091
f 1963/2374/2094 1965/2086/1867 2095/2095/1876 2094/2370/2090
f 2096/2375/2095 2097/2376/2096 1969/2377/2097 1968/2378/2098
f 1786/2074/1855 1962/2372/2092 2096/2375/2095 1967/2107/1888
f 1967/2107/1888 2096/2375/2095 1968/2378/2098 1780/2112/1893
f 1962/2372/2092 1964/2371/2091 2097/2376/2096 2096/2375/2095
f 2097/2376/2096 2098/2089/1870 1970/2094/1875 1969/2377/2097
f 1964/2371/2091 1966/2088/1869 2098/2089/1870 2097/2376/2096
f 2099/2379/2099 2100/2380/2100 1963/2374/2094 1960/2373/2093
f 1784/2349/2071 1957/2368/2088 2099/2379/2099 1971/2353/2075
f 1971/2353/2075 2099/2379/2099 1960/2373/2093 1785/2067/1848
f 1957/2368/2088 1958/2367/2087 2100/2380/2100 2099/2379/2099
f 2100/2380/2100 2101/2087/1868 1965/2086/1867 1963/2374/2094
f 1958/2367/2087 1959/2104/1885 2101/2087/1868 2100/2380/2100
f 2102/2381/2101 2103/2382/2102 1487/1846/1690 1486/1845/1689
f 2105/1405/1297 2101/2087/1868 1959/2104/1885 1983/2092/1873
f 2104/2133/1913 2007/2132/1912 1497/1686/1548 1488/1849/1693
f 1780/2112/1893 1968/2378/2098 2102/2381/2101 1972/2351/2073
f 1972/2351/2073 2102/2381/2101 1486/1845/1689 1271/1812/1656
f 1968/2378/2098 1969/2377/2097 2103/2382/2102 2102/2381/2101
f 2103/2382/2102 2104/2133/1913 1488/1849/1693 1487/1846/1690
f 1969/2377/2097 1970/2094/1875 2104/2133/1913 2103/2382/2102
f 1216/1743/1605 1376/1360/1252 1399/1359/1251 1232/1691/1553
f 1201/2336/1637 1845/2335/2058 2106/2383/2103 1385/2384/1698
f 1385/2384/1698 2106/2383/2103 1886/1977/1765 1231/1980/1274
f 2106/2383/2103 1880/2244/1989 1750/1751/1613 1886/1977/1765
f 1845/2335/2058 1726/2241/1986 1880/2244/1989 2106/2383/2103
f 1719/2049/1830 1708/2048/1829 1790/2015/1798 1816/2016/1799
f 2152/2385/2104 1986/2070/1851 2108/2069/1850 2153/2386/2105
f 2153/2386/2105 2108/2069/1850 2109/2073/1854 2154/2387/2106
f 2155/2388/2107 1884/2253/1998 2111/2252/1997 2156/2389/2108
f 2156/2389/2108 2111/2252/1997 1848/2251/1996 2157/2390/2109
f 2158/2391/2110 2114/2255/2000 2113/2254/1999 2159/2392/2111
f 2154/2387/2106 2109/2073/1854 2114/2255/2000 2158/2391/2110
f 2160/2393/2112 2057/2261/2006 1884/2253/1998 2155/2388/2107
f 2159/2392/2111 2113/2254/1999 2057/2261/2006 2160/2393/2112
f 2157/2390/2109 1848/2251/1996 2116/2348/2070 2161/2394/2113
f 2161/2394/2113 2116/2348/2070 1984/2350/2072 2162/2395/2114
f 2162/2395/2114 1984/2350/2072 2118/2354/2076 2163/2396/2115
f 2163/2396/2115 2118/2354/2076 1986/2070/1851 2152/2385/2104
f 2130/2397/1712 1996/2398/2116 1849/2399/2117 2119/2400/1713
f 2119/2400/1713 1849/2399/2117 2054/2401/2118 2120/2402/1716
f 2120/2402/1716 2054/2401/2118 1878/2403/2119 2121/2404/1718
f 2121/2404/1718 1878/2403/2119 2115/2405/2120 2122/2406/1720
f 2122/2406/1720 2115/2405/2120 2110/2407/2121 2123/2408/1722
f 2123/2408/1722 2110/2407/2121 2053/2409/2122 2124/2410/1724
f 2124/2410/1724 2053/2409/2122 2112/2411/2123 2125/2412/1726
f 2125/2412/1726 2112/2411/2123 2078/2413/2124 2126/2414/1728
f 2126/2414/1728 2078/2413/2124 2117/2415/2125 2127/2416/1730
f 2127/2416/1730 2117/2415/2125 2080/2417/2126 2128/2418/1732
f 2128/2418/1732 2080/2417/2126 2107/2419/2127 2129/2420/1734
f 2129/2420/1734 2107/2419/2127 1996/2398/2116 2130/2397/1712
f 1703/1892/1732 2128/2421/1732 2129/2422/1734 1704/1893/1734
f 1702/1896/1730 2127/2423/1730 2128/2421/1732 1703/1892/1732
f 1701/1898/1728 2126/2424/1728 2127/2423/1730 1702/1896/1730
f 1700/1900/1726 2125/2425/1726 2126/2424/1728 1701/1898/1728
f 1699/1902/1724 2124/2426/1724 2125/2427/1726 1700/1903/1726
f 1698/1906/1722 2123/2428/1722 2124/2426/1724 1699/1902/1724
f 1697/1908/1720 2122/2429/1720 2123/2428/1722 1698/1906/1722
f 1696/1910/1718 2121/2430/1718 2122/2429/1720 1697/1908/1720
f 1695/1912/1716 2120/2431/1716 2121/2430/1718 1696/1910/1718
f 1694/1914/1713 2119/2432/1713 2120/2431/1716 1695/1912/1716
f 1693/1916/1712 2130/2433/1712 2119/2432/1713 1694/1914/1713
f 1704/1893/1734 2129/2422/1734 2130/2433/1712 1693/1916/1712
f 1764/2191/1957 1907/2195/1959 2131/2434/2128 1908/2189/1955
f 1908/2189/1955 2131/2434/2128 2138/2435/1736 1763/2184/1953
f 1763/2184/1953 2138/2435/1736 2145/2436/1736 1909/2182/1951
f 1909/2182/1951 2145/2436/1736 1674/1921/1736 1248/1621/1504
f 1907/2195/1959 1765/2197/1961 2132/2437/1736 2131/2434/2128
f 2131/2434/2128 2132/2437/1736 2139/2438/1736 2138/2435/1736
f 2138/2435/1736 2139/2438/1736 2146/2439/1736 2145/2436/1736
f 2145/2436/1736 2146/2439/1736 1675/1925/1736 1674/1921/1736
f 1765/2197/1961 1906/2201/1963 2133/2440/1736 2132/2437/1736
f 2132/2437/1736 2133/2440/1736 2140/2441/1736 2139/2438/1736
f 2139/2438/1736 2140/2441/1736 2147/2442/1736 2146/2439/1736
f 2146/2439/1736 2147/2442/1736 1676/1929/1736 1675/1925/1736
f 1906/2201/1963 1759/2157/1934 2134/2443/1736 2133/2440/1736
f 2133/2440/1736 2134/2443/1736 2141/2444/1736 2140/2441/1736
f 2140/2441/1736 2141/2444/1736 2148/2445/1736 2147/2442/1736
f 2147/2442/1736 2148/2445/1736 1677/1933/1736 1676/1929/1736
f 1759/2157/1934 1913/2160/1937 2135/2446/1736 2134/2443/1736
f 2134/2443/1736 2135/2446/1736 2142/2447/1736 2141/2444/1736
f 2141/2444/1736 2142/2447/1736 2149/2448/1736 2148/2445/1736
f 2148/2445/1736 2149/2448/1736 1678/1937/1736 1677/1933/1736
f 1913/2160/1937 1760/2162/1939 2136/2449/1736 2135/2446/1736
f 2135/2446/1736 2136/2449/1736 2143/2450/1736 2142/2447/1736
f 2142/2447/1736 2143/2450/1736 2150/2451/1736 2149/2448/1736
f 2149/2448/1736 2150/2451/1736 1679/1941/1736 1678/1937/1736
f 1760/2162/1939 1912/2167/1941 2137/2452/1736 2136/2449/1736
f 2136/2449/1736 2137/2452/1736 2144/2453/1736 2143/2450/1736
f 2143/2450/1736 2144/2453/1736 2151/2454/1736 2150/2451/1736
f 2150/2451/1736 2151/2454/1736 1680/1945/1736 1679/1941/1736
f 1912/2167/1941 1761/2169/1943 1911/2173/1945 2137/2452/1736
f 2137/2452/1736 1911/2173/1945 1762/2175/1947 2144/2453/1736
f 2144/2453/1736 1762/2175/1947 1910/2179/1949 2151/2454/1736
f 2151/2454/1736 1910/2179/1949 1247/1617/1502 1680/1945/1736
f 2080/2417/2126 2163/2396/2115 2152/2385/2104 2107/2419/2127
f 2117/2415/2125 2162/2395/2114 2163/2396/2115 2080/2417/2126
f 2078/2413/2124 2161/2394/2113 2162/2395/2114 2117/2415/2125
f 2112/2411/2123 2157/2390/2109 2161/2394/2113 2078/2413/2124
f 1878/2403/2119 2159/2392/2111 2160/2393/2112 2115/2405/2120
f 2115/2405/2120 2160/2393/2112 2155/2388/2107 2110/2407/2121
f 1849/2399/2117 2154/2387/2106 2158/2391/2110 2054/2401/2118
f 2054/2401/2118 2158/2391/2110 2159/2392/2111 1878/2403/2119
f 2053/2409/2122 2156/2389/2108 2157/2390/2109 2112/2411/2123
f 2110/2407/2121 2155/2388/2107 2156/2389/2108 2053/2409/2122
f 1996/2398/2116 2153/2386/2105 2154/2387/2106 1849/2399/2117
f 2107/2419/2127 2152/2385/2104 2153/2386/2105 1996/2398/2116
f 2325/2455/2129 2500/2456/2130 2580/2457/2131 2403/2458/2132
f 2277/2459/2133 2500/2456/2130 2276/2460/2134 2181/2461/2135
f 2500/2456/2130 2325/2455/2129 2180/2462/2136 2276/2460/2134
f 2326/2463/2137 2501/2464/2138 2581/2465/2139 2404/2466/2140
f 2325/2455/2129 2501/2464/2138 2278/2467/2141 2180/2462/2136
f 2501/2464/2138 2326/2463/2137 2182/2468/2142 2278/2467/2141
f 2466/2469/2143 2580/2457/2131 2500/2456/2130 2277/2459/2133
f 2327/2470/2144 2502/2471/2145 2582/2472/2146 2405/2473/2147
f 2326/2463/2137 2502/2471/2145 2279/2474/2148 2182/2468/2142
f 2502/2471/2145 2327/2470/2144 2183/2475/2149 2279/2474/2148
f 2501/2464/2138 2325/2455/2129 2403/2458/2132 2581/2465/2139
f 2328/2476/2150 2503/2477/2151 2583/2478/2152 2406/2479/2153
f 2327/2470/2144 2503/2477/2151 2280/2480/2154 2183/2475/2149
f 2503/2477/2151 2328/2476/2150 2184/2481/2155 2280/2480/2154
f 2502/2471/2145 2326/2463/2137 2404/2466/2140 2582/2472/2146
f 2329/2482/2156 2504/2483/2157 2584/2484/2158 2407/2485/2159
f 2328/2476/2150 2504/2483/2157 2281/2486/2160 2184/2481/2155
f 2504/2483/2157 2329/2482/2156 2185/2487/2161 2281/2486/2160
f 2503/2477/2151 2327/2470/2144 2405/2473/2147 2583/2478/2152
f 2330/2488/2162 2505/2489/2163 2585/2490/2164 2408/2491/2165
f 2329/2482/2156 2505/2489/2163 2282/2492/2166 2185/2487/2161
f 2505/2489/2163 2330/2488/2162 2186/2493/2167 2282/2492/2166
f 2504/2483/2157 2328/2476/2150 2406/2479/2153 2584/2484/2158
f 2331/2494/2168 2506/2495/2169 2586/2496/2170 2409/2497/2171
f 2330/2488/2162 2506/2495/2169 2283/2498/2172 2186/2493/2167
f 2506/2495/2169 2331/2494/2168 2187/2499/2173 2283/2498/2172
f 2505/2489/2163 2329/2482/2156 2407/2485/2159 2585/2490/2164
f 2332/2500/2174 2507/2501/2175 2587/2502/2176 2410/2503/2177
f 2331/2494/2168 2507/2501/2175 2284/2504/2178 2187/2499/2173
f 2507/2501/2175 2332/2500/2174 2188/2505/2179 2284/2504/2178
f 2506/2495/2169 2330/2488/2162 2408/2491/2165 2586/2496/2170
f 2333/2506/2180 2508/2507/2181 2588/2508/2182 2411/2509/2183
f 2332/2500/2174 2508/2507/2181 2285/2510/2184 2188/2505/2179
f 2508/2507/2181 2333/2506/2180 2189/2511/2185 2285/2510/2184
f 2507/2501/2175 2331/2494/2168 2409/2497/2171 2587/2502/2176
f 2334/2512/2186 2509/2513/2187 2589/2514/2188 2412/2515/2189
f 2333/2506/2180 2509/2513/2187 2286/2516/2190 2189/2511/2185
f 2509/2513/2187 2334/2512/2186 2190/2517/2191 2286/2516/2190
f 2508/2507/2181 2332/2500/2174 2410/2503/2177 2588/2508/2182
f 2335/2518/2192 2510/2519/2193 2590/2520/2194 2413/2521/2195
f 2334/2512/2186 2510/2519/2193 2287/2522/2196 2190/2517/2191
f 2510/2519/2193 2335/2518/2192 2191/2523/2197 2287/2522/2196
f 2509/2513/2187 2333/2506/2180 2411/2509/2183 2589/2514/2188
f 2336/2524/2198 2511/2525/2199 2591/2526/2200 2414/2527/2201
f 2335/2518/2192 2511/2528/2199 2288/2529/2202 2191/2523/2197
f 2511/2525/2199 2336/2524/2198 2192/2530/2203 2288/2531/2202
f 2510/2519/2193 2334/2512/2186 2412/2515/2189 2590/2520/2194
f 2337/2532/2204 2512/2533/2205 2592/2534/2206 2415/2535/2207
f 2336/2524/2198 2512/2533/2205 2289/2536/2208 2192/2530/2203
f 2512/2533/2205 2337/2532/2204 2193/2537/2209 2289/2536/2208
f 2511/2528/2199 2335/2518/2192 2413/2521/2195 2591/2538/2200
f 2338/2539/2210 2513/2540/2211 2593/2541/2212 2416/2542/2213
f 2337/2532/2204 2513/2540/2211 2290/2543/2214 2193/2537/2209
f 2513/2540/2211 2338/2539/2210 2194/2544/2215 2290/2543/2214
f 2512/2533/2205 2336/2524/2198 2414/2527/2201 2592/2534/2206
f 2173/2545/2216 2302/2546/2217 2514/2547/2218 2389/2548/2219
f 2389/2548/2219 2221/2549/2220 2380/2550/2221 2514/2547/2218
f 2514/2547/2218 2380/2550/2221 2222/2551/2222 2390/2552/2223
f 2302/2546/2217 2174/2553/2224 2390/2552/2225 2514/2547/2218
f 2339/2554/2226 2515/2555/2227 2594/2556/2228 2417/2557/2229
f 2338/2539/2210 2515/2555/2227 2291/2558/2230 2194/2544/2215
f 2515/2555/2227 2339/2554/2226 2195/2559/2231 2291/2558/2230
f 2513/2540/2211 2337/2532/2204 2415/2535/2207 2593/2541/2212
f 2277/2459/2133 2516/2560/2232 2595/2561/2233 2466/2469/2143
f 2339/2554/2226 2516/2560/2232 2292/2562/2234 2195/2559/2231
f 2516/2560/2232 2277/2459/2133 2181/2461/2135 2292/2562/2234
f 2515/2555/2227 2338/2539/2210 2416/2542/2213 2594/2556/2228
f 2196/2563/2235 2355/2564/2236 2532/2565/2237 2499/2566/2238
f 2517/2567/2239 2276/2460/2134 2180/2462/2136 2310/2568/2240
f 2499/2566/2238 2181/2461/2135 2276/2460/2134 2517/2567/2239
f 2518/2569/2241 2278/2467/2141 2182/2468/2142 2311/2570/2242
f 2310/2568/2240 2180/2462/2136 2278/2467/2141 2518/2569/2241
f 2519/2571/2243 2279/2474/2148 2183/2475/2149 2312/2572/2244
f 2311/2570/2242 2182/2468/2142 2279/2474/2148 2519/2571/2243
f 2520/2573/2245 2280/2480/2154 2184/2481/2155 2313/2574/2246
f 2312/2572/2244 2183/2475/2149 2280/2480/2154 2520/2573/2245
f 2521/2575/2247 2281/2486/2160 2185/2487/2161 2314/2576/2248
f 2313/2574/2246 2184/2481/2155 2281/2486/2160 2521/2575/2247
f 2522/2577/2249 2282/2492/2166 2186/2493/2167 2315/2578/2250
f 2314/2576/2248 2185/2487/2161 2282/2492/2166 2522/2577/2249
f 2523/2579/2251 2283/2498/2172 2187/2499/2173 2316/2580/2252
f 2315/2578/2250 2186/2493/2167 2283/2498/2172 2523/2579/2251
f 2524/2581/2253 2284/2504/2178 2188/2505/2179 2317/2582/2254
f 2316/2580/2252 2187/2499/2173 2284/2504/2178 2524/2581/2253
f 2525/2583/2255 2285/2510/2184 2189/2511/2185 2318/2584/2256
f 2317/2582/2254 2188/2505/2179 2285/2510/2184 2525/2583/2255
f 2526/2585/2257 2286/2516/2190 2190/2517/2191 2319/2586/2258
f 2318/2584/2256 2189/2511/2185 2286/2516/2190 2526/2585/2257
f 2527/2587/2259 2287/2522/2196 2191/2523/2197 2320/2588/2260
f 2319/2586/2258 2190/2517/2191 2287/2522/2196 2527/2587/2259
f 2528/2589/2261 2288/2531/2202 2192/2530/2203 2321/2590/2262
f 2320/2588/2260 2191/2523/2197 2288/2529/2202 2528/2591/2261
f 2529/2592/2263 2289/2536/2208 2193/2537/2209 2322/2593/2264
f 2321/2590/2262 2192/2530/2203 2289/2536/2208 2529/2592/2263
f 2530/2594/2265 2290/2543/2214 2194/2544/2215 2323/2595/2266
f 2322/2593/2264 2193/2537/2209 2290/2543/2214 2530/2594/2265
f 2531/2596/2267 2291/2558/2230 2195/2559/2231 2324/2597/2268
f 2323/2595/2266 2194/2544/2215 2291/2558/2230 2531/2596/2267
f 2532/2565/2237 2292/2562/2234 2181/2461/2135 2499/2566/2238
f 2324/2597/2268 2195/2559/2231 2292/2562/2234 2532/2565/2237
f 2177/2598/2269 2306/2599/2270 2533/2600/2271 2396/2601/2272
f 2396/2601/2273 2225/2602/2274 2384/2603/2275 2533/2600/2271
f 2533/2600/2271 2384/2603/2275 2226/2604/2276 2398/2605/2277
f 2306/2599/2270 2178/2606/2278 2398/2605/2279 2533/2600/2271
f 2166/2607/2280 2295/2608/2281 2534/2609/2282 2388/2610/2283
f 2388/2610/2284 2214/2611/2285 2373/2612/2286 2534/2609/2282
f 2534/2609/2282 2373/2612/2286 2215/2613/2287 2391/2614/2288
f 2295/2608/2281 2167/2615/2289 2391/2614/2288 2534/2609/2282
f 2170/2616/2290 2299/2617/2291 2535/2618/2292 2397/2619/2293
f 2397/2619/2293 2218/2620/2294 2377/2621/2295 2535/2618/2296
f 2535/2618/2296 2377/2621/2295 2219/2622/2297 2399/2623/2298
f 2299/2617/2291 2171/2624/2299 2399/2623/2298 2535/2618/2292
f 2174/2553/2224 2303/2625/2300 2536/2626/2301 2390/2552/2225
f 2390/2552/2223 2222/2551/2222 2381/2627/2302 2536/2626/2301
f 2536/2626/2301 2381/2627/2302 2223/2628/2303 2392/2629/2304
f 2303/2625/2300 2175/2630/2305 2392/2629/2306 2536/2626/2301
f 2178/2606/2278 2307/2631/2307 2537/2632/2308 2398/2605/2279
f 2398/2605/2277 2226/2604/2276 2385/2633/2309 2537/2632/2308
f 2537/2632/2308 2385/2633/2309 2227/2634/2310 2400/2635/2311
f 2307/2631/2307 2179/2636/2312 2400/2635/2313 2537/2632/2308
f 2167/2615/2289 2296/2637/2314 2538/2638/2315 2391/2614/2288
f 2391/2614/2288 2215/2613/2287 2374/2639/2316 2538/2638/2317
f 2538/2638/2317 2374/2639/2316 2216/2640/2318 2393/2641/2319
f 2296/2637/2314 2168/2642/2320 2393/2641/2321 2538/2638/2315
f 2171/2624/2299 2300/2643/2322 2539/2644/2323 2399/2623/2298
f 2399/2623/2298 2219/2622/2297 2378/2645/2324 2539/2644/2323
f 2539/2644/2323 2378/2645/2324 2220/2646/2325 2401/2647/2326
f 2300/2643/2322 2172/2648/2327 2401/2647/2326 2539/2644/2323
f 2175/2630/2305 2304/2649/2328 2540/2650/2329 2392/2629/2306
f 2392/2629/2304 2223/2628/2303 2382/2651/2330 2540/2650/2329
f 2540/2652/2329 2382/2653/2330 2224/2654/2331 2394/2655/2332
f 2304/2656/2328 2176/2657/2333 2394/2655/2334 2540/2652/2329
f 2179/2636/2312 2308/2658/2335 2541/2659/2336 2400/2635/2313
f 2400/2635/2311 2227/2634/2310 2386/2660/2337 2541/2659/2338
f 2541/2659/2338 2386/2660/2337 2213/2661/2339 2402/2662/2340
f 2308/2658/2335 2164/2663/2341 2402/2662/2342 2541/2659/2336
f 2168/2642/2320 2297/2664/2343 2542/2665/2344 2393/2641/2321
f 2393/2641/2319 2216/2640/2318 2375/2666/2345 2542/2665/2346
f 2542/2665/2346 2375/2666/2345 2217/2667/2347 2395/2668/2348
f 2297/2664/2343 2169/2669/2349 2395/2668/2350 2542/2665/2344
f 2172/2648/2327 2301/2670/2351 2543/2671/2352 2401/2647/2326
f 2401/2647/2326 2220/2646/2325 2379/2672/2353 2543/2671/2352
f 2543/2671/2352 2379/2672/2353 2221/2549/2220 2389/2548/2219
f 2301/2670/2351 2173/2545/2216 2389/2548/2219 2543/2671/2352
f 2176/2657/2333 2305/2673/2354 2544/2674/2355 2394/2655/2334
f 2394/2655/2332 2224/2654/2331 2383/2675/2356 2544/2674/2355
f 2544/2674/2355 2383/2675/2356 2225/2602/2274 2396/2601/2273
f 2305/2673/2354 2177/2598/2269 2396/2601/2272 2544/2674/2355
f 2165/2676/2357 2294/2677/2358 2545/2678/2359 2387/2679/2360
f 2387/2679/2360 2212/2680/2361 2372/2681/2362 2545/2678/2363
f 2545/2678/2363 2372/2681/2362 2214/2611/2285 2388/2610/2284
f 2294/2677/2358 2166/2607/2280 2388/2610/2283 2545/2678/2359
f 2169/2669/2349 2298/2682/2364 2546/2683/2365 2395/2668/2350
f 2395/2668/2348 2217/2667/2347 2376/2684/2366 2546/2683/2367
f 2546/2683/2367 2376/2684/2366 2218/2620/2294 2397/2619/2293
f 2298/2682/2364 2170/2616/2290 2397/2619/2293 2546/2683/2365
f 2179/2685/2312 2354/2686/2368 2547/2687/2369 2308/2688/2335
f 2308/2688/2335 2547/2687/2369 2309/2689/2370 2164/2690/2341
f 2547/2687/2369 2355/2564/2236 2196/2563/2235 2309/2689/2370
f 2354/2686/2368 2211/2691/2371 2355/2564/2236 2547/2687/2369
f 2178/2692/2278 2353/2693/2372 2548/2694/2373 2307/2695/2307
f 2307/2695/2307 2548/2694/2373 2354/2686/2368 2179/2685/2312
f 2548/2694/2373 2356/2696/2374 2211/2691/2371 2354/2686/2368
f 2353/2693/2372 2210/2697/2375 2356/2696/2374 2548/2694/2373
f 2177/2698/2269 2352/2699/2376 2549/2700/2377 2306/2701/2270
f 2306/2701/2270 2549/2700/2377 2353/2693/2372 2178/2692/2278
f 2549/2700/2377 2357/2702/2378 2210/2697/2375 2353/2693/2372
f 2352/2699/2376 2209/2703/2379 2357/2702/2378 2549/2700/2377
f 2176/2704/2333 2351/2705/2380 2550/2706/2381 2305/2707/2354
f 2305/2707/2354 2550/2706/2381 2352/2699/2376 2177/2698/2269
f 2550/2706/2381 2358/2708/2382 2209/2703/2379 2352/2699/2376
f 2351/2705/2380 2208/2709/2383 2358/2708/2382 2550/2706/2381
f 2175/2710/2305 2350/2711/2384 2551/2712/2385 2304/2713/2328
f 2304/2714/2328 2551/2715/2385 2351/2705/2380 2176/2704/2333
f 2551/2715/2385 2359/2716/2386 2208/2709/2383 2351/2705/2380
f 2350/2711/2384 2207/2717/2387 2359/2718/2386 2551/2712/2385
f 2174/2719/2224 2349/2720/2388 2552/2721/2389 2303/2722/2300
f 2303/2722/2300 2552/2721/2389 2350/2711/2384 2175/2710/2305
f 2552/2721/2389 2360/2723/2390 2207/2717/2387 2350/2711/2384
f 2349/2720/2388 2206/2724/2391 2360/2723/2390 2552/2721/2389
f 2173/2725/2216 2348/2726/2392 2553/2727/2393 2302/2728/2217
f 2302/2728/2217 2553/2727/2393 2349/2720/2388 2174/2719/2224
f 2553/2727/2393 2361/2729/2394 2206/2724/2391 2349/2720/2388
f 2348/2726/2392 2205/2730/2395 2361/2729/2394 2553/2727/2393
f 2172/2731/2327 2347/2732/2396 2554/2733/2397 2301/2734/2351
f 2301/2734/2351 2554/2733/2397 2348/2726/2392 2173/2725/2216
f 2554/2733/2397 2362/2735/2398 2205/2730/2395 2348/2726/2392
f 2347/2732/2396 2204/2736/2399 2362/2735/2398 2554/2733/2397
f 2171/2737/2299 2346/2738/2400 2555/2739/2401 2300/2740/2322
f 2300/2740/2322 2555/2739/2401 2347/2732/2396 2172/2731/2327
f 2555/2739/2401 2363/2741/2402 2204/2736/2399 2347/2732/2396
f 2346/2738/2400 2203/2742/2403 2363/2741/2402 2555/2739/2401
f 2170/2743/2290 2345/2744/2404 2556/2745/2405 2299/2746/2291
f 2299/2746/2291 2556/2745/2405 2346/2738/2400 2171/2737/2299
f 2556/2745/2405 2364/2747/2406 2203/2742/2403 2346/2738/2400
f 2345/2744/2404 2202/2748/2407 2364/2747/2406 2556/2745/2405
f 2169/2749/2349 2344/2750/2408 2557/2751/2409 2298/2752/2364
f 2298/2752/2364 2557/2751/2409 2345/2744/2404 2170/2743/2290
f 2557/2751/2409 2365/2753/2410 2202/2748/2407 2345/2744/2404
f 2344/2750/2408 2201/2754/2411 2365/2753/2410 2557/2751/2409
f 2168/2755/2320 2343/2756/2412 2558/2757/2413 2297/2758/2343
f 2297/2758/2343 2558/2757/2413 2344/2750/2408 2169/2749/2349
f 2558/2757/2413 2366/2759/2414 2201/2754/2411 2344/2750/2408
f 2343/2756/2412 2200/2760/2415 2366/2759/2414 2558/2757/2413
f 2167/2761/2289 2342/2762/2416 2559/2763/2417 2296/2764/2314
f 2296/2764/2314 2559/2763/2417 2343/2756/2412 2168/2755/2320
f 2559/2763/2417 2367/2765/2418 2200/2760/2415 2343/2756/2412
f 2342/2762/2416 2199/2766/2419 2367/2765/2418 2559/2763/2417
f 2166/2767/2280 2341/2768/2420 2560/2769/2421 2295/2770/2281
f 2295/2770/2281 2560/2769/2421 2342/2762/2416 2167/2761/2289
f 2560/2769/2421 2368/2771/2422 2199/2766/2419 2342/2762/2416
f 2341/2768/2420 2198/2772/2423 2368/2771/2422 2560/2769/2421
f 2165/2773/2357 2340/2774/2424 2561/2775/2425 2294/2776/2358
f 2294/2776/2358 2561/2775/2425 2341/2768/2420 2166/2767/2280
f 2561/2775/2425 2369/2777/2426 2198/2772/2423 2341/2768/2420
f 2340/2774/2424 2197/2778/2427 2369/2777/2426 2561/2775/2425
f 2164/2690/2341 2309/2689/2370 2562/2779/2428 2293/2780/2429
f 2293/2780/2429 2562/2779/2428 2340/2774/2424 2165/2773/2357
f 2562/2779/2428 2370/2781/2430 2197/2778/2427 2340/2774/2424
f 2309/2689/2370 2196/2563/2235 2370/2781/2430 2562/2779/2428
f 2164/2663/2341 2293/2782/2429 2563/2783/2431 2402/2662/2342
f 2402/2662/2340 2213/2661/2339 2371/2784/2432 2563/2783/2431
f 2563/2783/2431 2371/2784/2432 2212/2680/2361 2387/2679/2360
f 2293/2782/2429 2165/2676/2357 2387/2679/2360 2563/2783/2431
f 2260/2785/2433 2498/2786/2434 2564/2787/2435 2467/2788/2436
f 2498/2786/2434 2261/2789/2437 2451/2790/2438 2564/2787/2435
f 2564/2791/2435 2418/2792/2439 2244/2793/2440 2451/2794/2441
f 2467/2795/2442 2245/2796/2443 2418/2792/2439 2564/2791/2435
f 2262/2797/2444 2497/2798/2445 2565/2799/2446 2469/2800/2447
f 2497/2798/2445 2260/2785/2433 2467/2788/2436 2565/2799/2446
f 2565/2801/2448 2419/2802/2449 2245/2796/2443 2467/2795/2442
f 2469/2803/2450 2246/2804/2451 2419/2802/2449 2565/2801/2448
f 2263/2805/2452 2496/2806/2453 2566/2807/2454 2470/2808/2455
f 2496/2806/2453 2262/2797/2444 2469/2800/2447 2566/2807/2454
f 2566/2809/2454 2420/2810/2456 2246/2804/2451 2469/2803/2450
f 2470/2811/2457 2247/2812/2458 2420/2810/2456 2566/2809/2454
f 2264/2813/2459 2495/2814/2460 2567/2815/2461 2471/2816/2462
f 2495/2814/2460 2263/2805/2452 2470/2808/2455 2567/2815/2461
f 2567/2817/2461 2421/2818/2463 2247/2812/2458 2470/2811/2457
f 2471/2819/2462 2248/2820/2464 2421/2818/2463 2567/2817/2461
f 2265/2821/2465 2494/2822/2466 2568/2823/2467 2472/2824/2468
f 2494/2822/2466 2264/2813/2459 2471/2816/2462 2568/2823/2467
f 2568/2825/2467 2422/2826/2469 2248/2820/2464 2471/2819/2462
f 2472/2827/2470 2249/2828/2471 2422/2826/2469 2568/2825/2467
f 2266/2829/2472 2493/2830/2473 2569/2831/2474 2473/2832/2475
f 2493/2830/2473 2265/2821/2465 2472/2824/2468 2569/2831/2474
f 2569/2833/2476 2423/2834/2477 2249/2828/2471 2472/2827/2470
f 2473/2835/2478 2250/2836/2479 2423/2834/2477 2569/2833/2476
f 2267/2837/2480 2492/2838/2481 2570/2839/2482 2474/2840/2483
f 2492/2838/2481 2266/2829/2472 2473/2832/2475 2570/2839/2482
f 2570/2841/2484 2424/2842/2485 2250/2836/2479 2473/2835/2478
f 2474/2843/2483 2251/2844/2486 2424/2842/2485 2570/2841/2484
f 2268/2845/2487 2491/2846/2488 2571/2847/2489 2475/2848/2490
f 2491/2846/2488 2267/2837/2480 2474/2840/2483 2571/2847/2489
f 2571/2849/2491 2425/2850/2492 2251/2844/2486 2474/2843/2483
f 2475/2851/2493 2252/2852/2494 2425/2850/2492 2571/2849/2491
f 2269/2853/2495 2490/2854/2496 2572/2855/2497 2476/2856/2498
f 2490/2854/2496 2268/2845/2487 2475/2848/2490 2572/2855/2497
f 2572/2857/2499 2426/2858/2500 2252/2852/2494 2475/2851/2493
f 2476/2859/2501 2253/2860/2502 2426/2858/2500 2572/2857/2499
f 2270/2861/2503 2489/2862/2504 2573/2863/2505 2477/2864/2506
f 2489/2862/2504 2269/2853/2495 2476/2856/2498 2573/2863/2505
f 2573/2865/2507 2427/2866/2508 2253/2860/2502 2476/2859/2501
f 2477/2867/2509 2254/2868/2510 2427/2866/2508 2573/2865/2507
f 2271/2869/2511 2488/2870/2512 2574/2871/2513 2478/2872/2514
f 2488/2870/2512 2270/2861/2503 2477/2864/2506 2574/2871/2513
f 2574/2873/2513 2428/2874/2515 2254/2868/2510 2477/2867/2509
f 2478/2875/2516 2255/2876/2517 2428/2874/2515 2574/2873/2513
f 2272/2877/2518 2487/2878/2519 2575/2879/2520 2479/2880/2521
f 2487/2881/2519 2271/2869/2511 2478/2872/2514 2575/2882/2520
f 2575/2883/2520 2429/2884/2522 2255/2876/2517 2478/2875/2516
f 2479/2885/2523 2256/2886/2524 2429/2887/2522 2575/2888/2520
f 2273/2889/2525 2486/2890/2526 2576/2891/2527 2480/2892/2528
f 2486/2890/2526 2272/2877/2518 2479/2880/2521 2576/2891/2527
f 2576/2893/2529 2430/2894/2530 2256/2886/2524 2479/2885/2523
f 2480/2895/2531 2257/2896/2532 2430/2894/2530 2576/2893/2529
f 2274/2897/2533 2485/2898/2534 2577/2899/2535 2481/2900/2536
f 2485/2898/2534 2273/2889/2525 2480/2892/2528 2577/2899/2535
f 2577/2901/2537 2431/2902/2538 2257/2896/2532 2480/2895/2531
f 2481/2903/2536 2258/2904/2539 2431/2902/2538 2577/2901/2537
f 2275/2905/2540 2484/2906/2541 2578/2907/2542 2482/2908/2543
f 2484/2906/2541 2274/2897/2533 2481/2900/2536 2578/2907/2542
f 2578/2909/2542 2432/2910/2544 2258/2904/2539 2481/2903/2536
f 2482/2911/2545 2259/2912/2546 2432/2910/2544 2578/2909/2542
f 2261/2789/2437 2483/2913/2547 2579/2914/2548 2451/2790/2438
f 2483/2913/2547 2275/2905/2540 2482/2908/2543 2579/2914/2548
f 2579/2915/2548 2433/2916/2549 2259/2912/2546 2482/2911/2545
f 2451/2794/2441 2244/2793/2440 2433/2916/2549 2579/2915/2548
f 2244/2793/2440 2418/2792/2439 2580/2457/2131 2466/2469/2143
f 2418/2792/2439 2245/2796/2443 2403/2458/2132 2580/2457/2131
f 2245/2796/2443 2419/2802/2449 2581/2465/2139 2403/2458/2132
f 2419/2802/2449 2246/2804/2451 2404/2466/2140 2581/2465/2139
f 2246/2804/2451 2420/2810/2456 2582/2472/2146 2404/2466/2140
f 2420/2810/2456 2247/2812/2458 2405/2473/2147 2582/2472/2146
f 2247/2812/2458 2421/2818/2463 2583/2478/2152 2405/2473/2147
f 2421/2818/2463 2248/2820/2464 2406/2479/2153 2583/2478/2152
f 2248/2820/2464 2422/2826/2469 2584/2484/2158 2406/2479/2153
f 2422/2826/2469 2249/2828/2471 2407/2485/2159 2584/2484/2158
f 2249/2828/2471 2423/2834/2477 2585/2490/2164 2407/2485/2159
f 2423/2834/2477 2250/2836/2479 2408/2491/2165 2585/2490/2164
f 2250/2836/2479 2424/2842/2485 2586/2496/2170 2408/2491/2165
f 2424/2842/2485 2251/2844/2486 2409/2497/2171 2586/2496/2170
f 2251/2844/2486 2425/2850/2492 2587/2502/2176 2409/2497/2171
f 2425/2850/2492 2252/2852/2494 2410/2503/2177 2587/2502/2176
f 2252/2852/2494 2426/2858/2500 2588/2508/2182 2410/2503/2177
f 2426/2858/2500 2253/2860/2502 2411/2509/2183 2588/2508/2182
f 2253/2860/2502 2427/2866/2508 2589/2514/2188 2411/2509/2183
f 2427/2866/2508 2254/2868/2510 2412/2515/2189 2589/2514/2188
f 2254/2868/2510 2428/2874/2515 2590/2520/2194 2412/2515/2189
f 2428/2874/2515 2255/2876/2517 2413/2521/2195 2590/2520/2194
f 2255/2876/2517 2429/2884/2522 2591/2538/2200 2413/2521/2195
f 2429/2887/2522 2256/2886/2524 2414/2527/2201 2591/2526/2200
f 2256/2886/2524 2430/2894/2530 2592/2534/2206 2414/2527/2201
f 2430/2894/2530 2257/2896/2532 2415/2535/2207 2592/2534/2206
f 2257/2896/2532 2431/2902/2538 2593/2541/2212 2415/2535/2207
f 2431/2902/2538 2258/2904/2539 2416/2542/2213 2593/2541/2212
f 2258/2904/2539 2432/2910/2544 2594/2556/2228 2416/2542/2213
f 2432/2910/2544 2259/2912/2546 2417/2557/2229 2594/2556/2228
f 2259/2912/2546 2433/2916/2549 2595/2561/2233 2417/2557/2229
f 2433/2916/2549 2244/2793/2440 2466/2469/2143 2595/2561/2233
f 2243/2917/2550 2449/2918/2550 2596/2919/2550 2468/2920/2550
f 2449/2918/2550 2242/2921/2550 2465/2922/2550 2596/2919/2550
f 2596/2919/2550 2465/2922/2550 2275/2905/2540 2483/2913/2547
f 2468/2920/2550 2596/2919/2550 2483/2913/2547 2261/2789/2437
f 2242/2921/2550 2448/2923/2550 2597/2924/2550 2465/2922/2550
f 2448/2923/2550 2241/2925/2550 2464/2926/2550 2597/2924/2550
f 2597/2924/2550 2464/2926/2550 2274/2897/2533 2484/2906/2541
f 2465/2922/2550 2597/2924/2550 2484/2906/2541 2275/2905/2540
f 2241/2925/2550 2447/2927/2550 2598/2928/2550 2464/2926/2550
f 2447/2927/2550 2240/2929/2550 2463/2930/2550 2598/2928/2550
f 2598/2928/2550 2463/2930/2550 2273/2889/2525 2485/2898/2534
f 2464/2926/2550 2598/2928/2550 2485/2898/2534 2274/2897/2533
f 2240/2929/2550 2446/2931/2550 2599/2932/2550 2463/2930/2550
f 2446/2931/2550 2239/2933/2550 2462/2934/2550 2599/2932/2550
f 2599/2932/2550 2462/2934/2550 2272/2877/2518 2486/2890/2526
f 2463/2930/2550 2599/2932/2550 2486/2890/2526 2273/2889/2525
f 2239/2933/2550 2445/2935/2550 2600/2936/2550 2462/2934/2550
f 2445/2937/2550 2238/2938/2550 2461/2939/2550 2600/2940/2550
f 2600/2940/2550 2461/2939/2550 2271/2869/2511 2487/2881/2519
f 2462/2934/2550 2600/2936/2550 2487/2878/2519 2272/2877/2518
f 2238/2938/2550 2444/2941/2550 2601/2942/2550 2461/2939/2550
f 2444/2941/2550 2237/2943/2550 2460/2944/2550 2601/2942/2550
f 2601/2942/2550 2460/2944/2550 2270/2861/2503 2488/2870/2512
f 2461/2939/2550 2601/2942/2550 2488/2870/2512 2271/2869/2511
f 2237/2943/2550 2443/2945/2550 2602/2946/2550 2460/2944/2550
f 2443/2945/2550 2236/2947/2550 2459/2948/2550 2602/2946/2550
f 2602/2946/2550 2459/2948/2550 2269/2853/2495 2489/2862/2504
f 2460/2944/2550 2602/2946/2550 2489/2862/2504 2270/2861/2503
f 2236/2947/2550 2442/2949/2550 2603/2950/2550 2459/2948/2550
f 2442/2949/2550 2235/2951/2550 2458/2952/2550 2603/2950/2550
f 2603/2950/2550 2458/2952/2550 2268/2845/2487 2490/2854/2496
f 2459/2948/2550 2603/2950/2550 2490/2854/2496 2269/2853/2495
f 2235/2951/2550 2441/2953/2550 2604/2954/2550 2458/2952/2550
f 2441/2953/2550 2234/2955/2550 2457/2956/2550 2604/2954/2550
f 2604/2954/2550 2457/2956/2550 2267/2837/2480 2491/2846/2488
f 2458/2952/2550 2604/2954/2550 2491/2846/2488 2268/2845/2487
f 2234/2955/2550 2440/2957/2550 2605/2958/2550 2457/2956/2550
f 2440/2957/2550 2233/2959/2550 2456/2960/2550 2605/2958/2550
f 2605/2958/2550 2456/2960/2550 2266/2829/2472 2492/2838/2481
f 2457/2956/2550 2605/2958/2550 2492/2838/2481 2267/2837/2480
f 2233/2959/2550 2439/2961/2550 2606/2962/2550 2456/2960/2550
f 2439/2961/2550 2232/2963/2550 2455/2964/2550 2606/2962/2550
f 2606/2962/2550 2455/2964/2550 2265/2821/2465 2493/2830/2473
f 2456/2960/2550 2606/2962/2550 2493/2830/2473 2266/2829/2472
f 2232/2963/2550 2438/2965/2550 2607/2966/2550 2455/2964/2550
f 2438/2965/2550 2231/2967/2550 2454/2968/2550 2607/2966/2550
f 2607/2966/2550 2454/2968/2550 2264/2813/2459 2494/2822/2466
f 2455/2964/2550 2607/2966/2550 2494/2822/2466 2265/2821/2465
f 2231/2967/2550 2437/2969/2550 2608/2970/2550 2454/2968/2550
f 2437/2969/2550 2230/2971/2550 2453/2972/2550 2608/2970/2550
f 2608/2970/2550 2453/2972/2550 2263/2805/2452 2495/2814/2460
f 2454/2968/2550 2608/2970/2550 2495/2814/2460 2264/2813/2459
f 2230/2971/2550 2436/2973/2550 2609/2974/2550 2453/2972/2550
f 2436/2973/2550 2229/2975/2550 2452/2976/2550 2609/2974/2550
f 2609/2974/2550 2452/2976/2550 2262/2797/2444 2496/2806/2453
f 2453/2972/2550 2609/2974/2550 2496/2806/2453 2263/2805/2452
f 2229/2975/2550 2435/2977/2550 2610/2978/2550 2452/2976/2550
f 2435/2977/2550 2228/2979/2550 2450/2980/2550 2610/2978/2550
f 2610/2978/2550 2450/2980/2550 2260/2785/2433 2497/2798/2445
f 2452/2976/2550 2610/2978/2550 2497/2798/2445 2262/2797/2444
f 2228/2979/2550 2434/2981/2550 2611/2982/2550 2450/2980/2550
f 2434/2981/2550 2243/2917/2550 2468/2920/2550 2611/2982/2550
f 2611/2982/2550 2468/2920/2550 2261/2789/2437 2498/2786/2434
f 2450/2980/2550 2611/2982/2550 2498/2786/2434 2260/2785/2433
f 2211/2691/2371 2356/2696/2374 2531/2596/2267 2324/2597/2268
f 2355/2564/2236 2211/2691/2371 2324/2597/2268 2532/2565/2237
f 2210/2697/2375 2357/2702/2378 2530/2594/2265 2323/2595/2266
f 2356/2696/2374 2210/2697/2375 2323/2595/2266 2531/2596/2267
f 2209/2703/2379 2358/2708/2382 2529/2592/2263 2322/2593/2264
f 2357/2702/2378 2209/2703/2379 2322/2593/2264 2530/2594/2265
f 2208/2709/2383 2359/2716/2386 2528/2589/2261 2321/2590/2262
f 2358/2708/2382 2208/2709/2383 2321/2590/2262 2529/2592/2263
f 2207/2717/2387 2360/2723/2390 2527/2587/2259 2320/2588/2260
f 2359/2718/2386 2207/2717/2387 2320/2588/2260 2528/2591/2261
f 2206/2724/2391 2361/2729/2394 2526/2585/2257 2319/2586/2258
f 2360/2723/2390 2206/2724/2391 2319/2586/2258 2527/2587/2259
f 2205/2730/2395 2362/2735/2398 2525/2583/2255 2318/2584/2256
f 2361/2729/2394 2205/2730/2395 2318/2584/2256 2526/2585/2257
f 2204/2736/2399 2363/2741/2402 2524/2581/2253 2317/2582/2254
f 2362/2735/2398 2204/2736/2399 2317/2582/2254 2525/2583/2255
f 2203/2742/2403 2364/2747/2406 2523/2579/2251 2316/2580/2252
f 2363/2741/2402 2203/2742/2403 2316/2580/2252 2524/2581/2253
f 2202/2748/2407 2365/2753/2410 2522/2577/2249 2315/2578/2250
f 2364/2747/2406 2202/2748/2407 2315/2578/2250 2523/2579/2251
f 2201/2754/2411 2366/2759/2414 2521/2575/2247 2314/2576/2248
f 2365/2753/2410 2201/2754/2411 2314/2576/2248 2522/2577/2249
f 2200/2760/2415 2367/2765/2418 2520/2573/2245 2313/2574/2246
f 2366/2759/2414 2200/2760/2415 2313/2574/2246 2521/2575/2247
f 2199/2766/2419 2368/2771/2422 2519/2571/2243 2312/2572/2244
f 2367/2765/2418 2199/2766/2419 2312/2572/2244 2520/2573/2245
f 2198/2772/2423 2369/2777/2426 2518/2569/2241 2311/2570/2242
f 2368/2771/2422 2198/2772/2423 2311/2570/2242 2519/2571/2243
f 2197/2778/2427 2370/2781/2430 2517/2567/2239 2310/2568/2240
f 2369/2777/2426 2197/2778/2427 2310/2568/2240 2518/2569/2241
f 2370/2781/2430 2196/2563/2235 2499/2566/2238 2517/2567/2239
f 2516/2560/2232 2339/2554/2226 2417/2557/2229 2595/2561/2233
f 1458/1817/1661 1460/1820/1664 1604/1818/1662 1603/1815/1659
f 1565/1451/1343 1627/1507/1399 1507/1506/1398 1330/1512/1404
f 1605/1412/1304 1462/1531/1423 1493/1530/1422 1512/1413/1305
f 1074/1240/1140 1075/1199/1101 1035/1202/1104 1034/1239/1139
f 2613/75/75 2636/11/11 2637/114/114 2612/115/115
f 2636/11/11 2615/10/10 2614/71/71 2637/114/114
f 2617/113/113 2638/239/239 2639/143/143 2616/204/204
f 2638/239/239 2619/201/201 2618/144/144 2639/143/143
f 2623/290/290 2640/110/110 2641/203/203 2622/370/348
f 2640/110/110 2617/113/113 2616/204/204 2641/203/203
f 2612/115/115 2642/2983/240 2643/76/76 2613/75/75
f 2642/240/240 2620/243/243 2621/334/324 2643/333/76
f 2620/243/243 2623/290/290 2622/370/348 2621/334/324
f 2625/262/262 2644/737/691 2645/635/589 2624/703/657
f 2644/737/691 2627/699/653 2626/636/590 2645/635/589
f 2629/824/778 2646/767/721 2647/862/814 2628/739/693
f 2646/767/721 2631/766/720 2630/820/774 2647/862/814
f 2635/937/880 2648/825/779 2649/738/692 2634/899/851
f 2648/825/779 2629/824/778 2628/739/693 2649/738/692
f 2624/703/657 2650/702/656 2651/263/263 2625/262/262
f 2650/966/656 2632/965/899 2633/859/812 2651/858/263
f 2632/965/899 2635/937/880 2634/899/851 2633/859/812
f 2612/115/115 309/73/73 849/368/241 2642/2983/240
f 30/82/82 591/21/21 2655/428/401 300/425/398
f 347/415/388 89/226/226 174/191/191 2654/416/389
f 56/215/215 347/415/388 2654/416/389 381/153/153
f 847/359/338 2653/356/340 188/351/336 407/352/337
f 311/91/91 527/90/90 2653/355/340 847/353/338
f 74/358/341 75/267/267 187/277/277 188/351/336
f 834/275/275 2652/278/278 317/221/221 358/219/219
f 408/274/274 187/277/277 2652/278/278 834/275/275
f 343/152/152 824/217/217 17/220/220 390/149/149
f 824/217/217 358/219/219 317/221/221 17/220/220
f 428/229/229 60/234/234 364/137/137 29/192/192
f 89/226/226 428/229/229 29/192/192 174/191/191
f 342/210/210 56/215/215 381/153/153 43/150/150
f 57/207/207 342/210/210 43/150/150 390/149/149
f 60/234/234 352/141/141 55/138/138 364/137/137
f 805/87/87 68/89/89 527/90/90 311/91/91
f 296/14/14 600/13/13 68/89/89 805/87/87
f 423/98/98 69/64/64 574/1/1 34/101/101
f 84/97/97 162/61/61 69/64/64 423/98/98
f 295/79/79 136/16/16 591/21/21 30/82/82
f 31/78/78 600/13/13 136/16/16 295/79/79
f 34/101/101 574/1/1 148/4/4 305/9/9
f 352/141/141 2618/144/144 2619/201/201 55/138/138
f 305/9/9 148/4/4 2614/71/71 2615/10/10
f 510/1013/942 203/724/678 2667/689/643 2679/1014/943
f 149/713/667 510/1013/942 2679/1014/943 2657/645/599
f 557/1001/930 2678/1004/933 2666/810/764 208/845/799
f 175/830/784 2661/777/731 2678/1004/933 557/1001/930
f 617/950/889 618/885/837 2665/887/839 2664/954/892
f 521/717/671 956/951/890 2677/957/891 2659/719/673
f 956/952/890 617/950/889 2664/954/892 2677/953/891
f 618/885/837 943/884/836 2676/886/838 2665/887/839
f 943/884/836 568/839/793 2663/838/792 2676/886/838
f 933/835/789 2675/837/791 2663/838/792 568/839/793
f 553/770/724 2660/769/723 2675/837/791 933/835/789
f 638/846/800 2674/813/767 2662/757/711 179/849/803
f 208/845/799 2666/810/764 2674/813/767 638/846/800
f 552/827/781 2673/772/726 2661/777/731 175/830/784
f 176/826/780 2660/769/723 2673/772/726 552/827/781
f 179/849/803 2662/757/711 2672/760/714 562/765/719
f 506/644/598 914/715/669 2671/718/672 2656/641/595
f 914/715/669 521/717/671 2659/719/673 2671/718/672
f 633/727/681 153/732/686 2658/629/583 2670/690/644
f 203/724/678 633/727/681 2670/690/644 2667/689/643
f 505/708/662 149/713/667 2657/645/599 2669/642/596
f 150/705/659 505/708/662 2669/642/596 2656/641/595
f 153/732/686 515/633/587 2668/630/584 2658/629/583
f 562/765/719 2672/760/714 2630/820/774 2631/766/720
f 515/633/587 2626/636/590 2627/699/653 2668/630/584
